game_id,snapshot,underdog_side,underdog_team,favorite_team,spread_line_away_perspective,underdog_score_now,favorite_score_now,underdog_margin_now,underdog_wp,underdog_fair_ml,underdog_vegas_wp,underdog_vegas_fair_ml,underdog_final,favorite_final,underdog_final_margin,underdog_won_su,underdog_covered,ats_margin,pregame_spread_abs
2022_01_DEN_SEA,Q1,home,SEA,DEN,-6.0,7.0,3.0,4.0,0.6155733466148376,-160.1276449471588,0.3731222152709961,168.00870038620104,17,16,1,True,True,7.0,6.0
2022_01_PHI_DET,Q1,home,DET,PHI,-6.0,7.0,0.0,7.0,0.6574379205703735,-191.91789168988652,0.40241706371307373,148.4984087834325,35,38,-3,False,True,3.0,6.0
2022_01_PIT_CIN,Q1,away,PIT,CIN,7.5,10.0,3.0,7.0,0.5835177898406982,-140.106294004132,0.37311869859695435,168.01122638997185,23,20,3,True,True,10.5,7.5
2022_02_CAR_NYG,Q1,home,NYG,CAR,-1.0,6.0,0.0,6.0,0.7129486799240112,-248.36976180262056,0.596502423286438,-147.83296299940056,19,16,3,True,True,4.0,1.0
2022_02_CHI_GB,Q1,away,CHI,GB,10.5,7.0,3.0,4.0,0.525357723236084,-110.68498297664148,0.277290403842926,260.6327468030449,10,27,-17,False,False,-6.5,10.5
2022_02_CIN_DAL,Q1,home,DAL,CIN,-7.5,14.0,3.0,11.0,0.8246484994888306,-470.28311539102145,0.5776504874229431,-136.77072429852797,20,17,3,True,True,10.5,7.5
2022_02_IND_JAX,Q1,home,JAX,IND,-3.0,7.0,0.0,7.0,0.7793663740158081,-353.24006961280173,0.6342109441757202,-173.3816072617511,24,0,24,True,True,27.0,3.0
2022_02_LAC_KC,Q1,away,LAC,KC,4.0,3.0,0.0,3.0,0.7336968183517456,-275.5118484918616,0.6852100491523743,-217.67214846195984,24,27,-3,False,True,1.0,4.0
2022_02_TB_NO,Q1,home,NO,TB,-2.5,3.0,0.0,3.0,0.6204699277877808,-163.48373244079505,0.49197208881378174,103.26356367312412,10,20,-10,False,False,-7.5,2.5
2022_02_WAS_DET,Q1,home,DET,WAS,-1.0,12.0,0.0,12.0,0.8595284223556519,-611.8877831157006,0.7987743020057678,-396.9544198219968,36,27,9,True,True,10.0,1.0
2022_03_DAL_NYG,Q1,away,DAL,NYG,1.0,3.0,0.0,3.0,0.47586286067962646,110.14457790881218,0.5441100895404816,-119.3512023532262,23,16,7,True,True,8.0,1.0
2022_03_DET_MIN,Q1,away,DET,MIN,6.5,7.0,0.0,7.0,0.6822938919067383,-214.75630292460505,0.5315355062484741,-113.46334958960651,24,28,-4,False,True,2.5,6.5
2022_03_GB_TB,Q1,away,GB,TB,1.0,7.0,3.0,4.0,0.6582329273223877,-192.59694100001744,0.6872868537902832,-219.7818870490861,14,12,2,True,True,3.0,1.0
2022_03_KC_IND,Q1,home,IND,KC,-4.5,7.0,6.0,1.0,0.6081959009170532,-155.22959109937625,0.4166654050350189,140.00072670202948,20,17,3,True,True,7.5,4.5
2022_03_LV_TEN,Q1,home,TEN,LV,-1.5,7.0,3.0,4.0,0.7435172200202942,-289.8897228418707,0.6328242421150208,-172.34913485580876,24,22,2,True,True,3.5,1.5
2022_03_NO_CAR,Q1,home,CAR,NO,-2.0,7.0,0.0,7.0,0.7676785588264465,-330.43810117076526,0.6416799426078796,-179.08010711933719,22,14,8,True,True,10.0,2.0
2022_04_BUF_BAL,Q1,home,BAL,BUF,-3.0,14.0,3.0,11.0,0.8957522511482239,-859.2533277834541,0.8070241212844849,-418.199479984853,20,23,-3,False,False,0.0,3.0
2022_04_CLE_ATL,Q1,home,ATL,CLE,-1.0,10.0,0.0,10.0,0.8027322888374329,-406.9253321319808,0.7104179263114929,-245.3252431211138,23,20,3,True,True,4.0,1.0
2022_04_DEN_LV,Q1,away,DEN,LV,2.5,7.0,3.0,4.0,0.5275068283081055,-111.64327019144406,0.492828905582428,102.91017606164849,23,32,-9,False,False,-6.5,2.5
2022_04_JAX_PHI,Q1,away,JAX,PHI,6.5,14.0,0.0,14.0,0.8717020750045776,-679.4358326805985,0.7209621667861938,-258.3743424619319,21,29,-8,False,False,-1.5,6.5
2022_04_KC_TB,Q1,away,KC,TB,1.0,14.0,3.0,11.0,0.8002851605415344,-400.71391926185265,0.8088915348052979,-423.26305848419406,41,31,10,True,True,11.0,1.0
2022_04_NE_GB,Q1,away,NE,GB,10.0,3.0,0.0,3.0,0.39858925342559814,150.88483731201825,0.2120605707168579,371.5633823956809,24,27,-3,False,True,7.0,10.0
2022_04_NYJ_PIT,Q1,away,NYJ,PIT,3.0,3.0,0.0,3.0,0.6836285591125488,-216.08415639379695,0.6292409896850586,-169.71697846278894,24,20,4,True,True,7.0,3.0
2022_04_SEA_DET,Q1,away,SEA,DET,3.0,14.0,6.0,8.0,0.6659408807754517,-199.3482118737847,0.6223416328430176,-164.78957887998465,48,45,3,True,True,6.0,3.0
2022_04_TEN_IND,Q1,away,TEN,IND,4.5,14.0,0.0,14.0,0.7906001210212708,-377.5551948153607,0.6720993220806122,-204.97039723896006,24,17,7,True,True,11.5,4.5
2022_05_DAL_LA,Q1,away,DAL,LA,5.5,9.0,3.0,6.0,0.662837028503418,-196.59247442305136,0.5325044095516205,-113.90576091656617,22,10,12,True,True,17.5,5.5
2022_05_LAC_CLE,Q1,home,CLE,LAC,-1.0,14.0,3.0,11.0,0.742625892162323,-288.5394721331832,0.6065802574157715,-154.18144840199693,28,30,-2,False,False,-1.0,1.0
2022_05_LV_KC,Q1,away,LV,KC,7.5,7.0,0.0,7.0,0.6841248869895935,-216.58081273628386,0.4790332317352295,108.75378444573516,29,30,-1,False,True,6.5,7.5
2022_05_MIA_NYJ,Q1,home,NYJ,MIA,-3.0,5.0,0.0,5.0,0.8005130290985107,-401.2858711929715,0.6992698311805725,-232.5240044674224,40,17,23,True,True,26.0,3.0
2022_05_SEA_NO,Q1,away,SEA,NO,5.5,10.0,3.0,7.0,0.6886292695999146,-221.16056596427137,0.545711100101471,-120.12424257413336,32,39,-7,False,False,-1.5,5.5
2022_06_CAR_LA,Q1,away,CAR,LA,10.0,3.0,0.0,3.0,0.4887561798095703,104.60099356485294,0.2648664712905884,277.5487305461503,10,24,-14,False,False,-4.0,10.0
2022_06_DEN_LAC,Q1,away,DEN,LAC,3.5,10.0,0.0,10.0,0.7219666838645935,-259.66912667149023,0.6478008329868317,-183.9302569851368,16,19,-3,False,True,0.5,3.5
2022_06_JAX_IND,Q1,away,JAX,IND,1.0,7.0,0.0,7.0,0.5948314666748047,-146.8108744262681,0.5847449004650116,-140.8158264931175,27,34,-7,False,False,-6.0,1.0
2022_06_SF_ATL,Q1,home,ATL,SF,-3.5,14.0,0.0,14.0,0.8322641849517822,-496.1755989396405,0.6847004890441895,-217.15875389992303,28,14,14,True,True,17.5,3.5
2022_06_TB_PIT,Q1,home,PIT,TB,-10.0,7.0,3.0,4.0,0.5855506062507629,-141.28398185208852,0.23318493366241455,328.8441728605483,20,18,2,True,True,12.0,10.0
2022_07_CHI_NE,Q1,away,CHI,NE,9.5,10.0,0.0,10.0,0.7219666838645935,-259.66912667149023,0.4852219820022583,106.0912401110768,33,14,19,True,True,28.5,9.5
2022_07_CLE_BAL,Q1,away,CLE,BAL,6.5,10.0,3.0,7.0,0.6734598875045776,-206.24109006332833,0.509229302406311,-103.76114647902308,20,23,-3,False,True,3.5,6.5
2022_07_DET_DAL,Q1,away,DET,DAL,7.0,3.0,0.0,3.0,0.4396737217903137,127.44138447212303,0.29344964027404785,240.77397371014538,6,24,-18,False,False,-11.0,7.0
2022_07_KC_SF,Q1,home,SF,KC,-1.0,10.0,7.0,3.0,0.6734692454338074,-206.24986651825017,0.5700054168701172,-132.56106919327007,23,44,-21,False,False,-20.0,1.0
2022_07_NO_ARI,Q1,away,NO,ARI,2.5,7.0,3.0,4.0,0.450766384601593,121.84440414381024,0.46022284030914307,117.28604328465646,34,42,-8,False,False,-5.5,2.5
2022_07_SEA_LAC,Q1,away,SEA,LAC,5.5,17.0,0.0,17.0,0.8164650797843933,-444.8554415831359,0.6333760917186737,-172.7590801941528,37,23,14,True,True,19.5,5.5
2022_08_CAR_ATL,Q1,away,CAR,ATL,4.5,3.0,0.0,3.0,0.565542459487915,-130.17208973317008,0.4783358573913574,109.05813029647817,34,37,-3,False,True,1.5,4.5
2022_08_LV_NO,Q1,home,NO,LV,-1.0,7.0,0.0,7.0,0.7425228357315063,-288.3839574049424,0.6322531700134277,-171.9262053289524,24,0,24,True,True,25.0,1.0
2022_08_MIA_DET,Q1,home,DET,MIA,-3.5,14.0,7.0,7.0,0.7643632292747498,-324.38198288075694,0.5950741767883301,-146.95881138636656,27,31,-4,False,False,-0.5,3.5
2022_08_SF_LA,Q1,home,LA,SF,-1.0,7.0,0.0,7.0,0.6988623142242432,-232.0740137269479,0.5995901226997375,-149.74408891769477,14,31,-17,False,False,-16.0,1.0
2022_09_LAC_ATL,Q1,home,ATL,LAC,-2.5,10.0,0.0,10.0,0.7864662408828735,-368.31002466990947,0.6795373558998108,-212.04885137481443,17,20,-3,False,False,-0.5,2.5
2022_10_ATL_CAR,Q1,home,CAR,ATL,-2.5,3.0,0.0,3.0,0.7102882266044617,-245.17064608027434,0.5587860345840454,-126.64740429447869,25,15,10,True,True,12.5,2.5
2022_10_IND_LV,Q1,away,IND,LV,4.5,7.0,0.0,7.0,0.7518534660339355,-302.98769602671786,0.6628850102424622,-196.63468857294862,25,20,5,True,True,9.5,4.5
2022_10_LAC_SF,Q1,away,LAC,SF,8.5,7.0,3.0,4.0,0.6349526047706604,-173.9370320316226,0.37214189767837524,168.7147043207301,16,22,-6,False,True,2.5,8.5
2022_11_CLE_BUF,Q1,away,CLE,BUF,7.5,7.0,3.0,4.0,0.7066583037376404,-240.89937187300427,0.49556416273117065,101.79021713127213,23,31,-8,False,False,-0.5,7.5
2022_11_KC_LAC,Q1,home,LAC,KC,-5.5,10.0,6.0,4.0,0.6724758148193359,-205.32096414449356,0.425243616104126,135.15932094678126,27,30,-3,False,True,2.5,5.5
2022_11_LA_NO,Q1,away,LA,NO,2.5,7.0,3.0,4.0,0.45466071367263794,119.94422872437005,0.4743056297302246,110.83452046917083,20,27,-7,False,False,-4.5,2.5
2022_11_PHI_IND,Q1,home,IND,PHI,-6.5,7.0,0.0,7.0,0.6953546404838562,-228.25052762604378,0.3975822329521179,151.52029369492303,16,17,-1,False,True,5.5,6.5
2022_11_SF_ARI,Q1,home,ARI,SF,-10.0,3.0,0.0,3.0,0.4797852635383606,108.426576636622,0.1944931149482727,414.15701798285227,10,38,-28,False,False,-18.0,10.0
2022_11_TEN_GB,Q1,away,TEN,GB,3.0,7.0,6.0,1.0,0.5129433870315552,-105.31494150245477,0.4864877462387085,105.55502327273885,27,17,10,True,True,13.0,3.0
2022_12_DEN_CAR,Q1,home,CAR,DEN,-1.0,7.0,0.0,7.0,0.6674380302429199,-200.6958374496188,0.5756478309631348,-135.65332593201046,23,10,13,True,True,14.0,1.0
2022_12_GB_PHI,Q1,away,GB,PHI,6.5,14.0,13.0,1.0,0.32094019651412964,211.58452909963685,0.21466994285583496,365.8313999140373,33,40,-7,False,False,-0.5,6.5
2022_12_LAC_ARI,Q1,home,ARI,LAC,-2.5,7.0,0.0,7.0,0.8495051264762878,-564.474461213085,0.7302996516227722,-270.7818718132717,24,25,-1,False,True,1.5,2.5
2022_12_NE_MIN,Q1,away,NE,MIN,2.5,10.0,7.0,3.0,0.5483403205871582,-121.40563915291295,0.5351373553276062,-115.11730646904047,26,33,-7,False,False,-4.5,2.5
2022_12_NYG_DAL,Q1,away,NYG,DAL,10.5,3.0,0.0,3.0,0.3534260392189026,182.94463028532735,0.16743433475494385,497.249065709011,20,28,-8,False,True,2.5,10.5
2022_12_PIT_IND,Q1,away,PIT,IND,2.5,3.0,0.0,3.0,0.5671917200088501,-131.04918418391813,0.5668349266052246,-130.85887146044806,24,17,7,True,True,9.5,2.5
2022_12_TB_CLE,Q1,home,CLE,TB,-3.0,10.0,7.0,3.0,0.6211753487586975,-163.97437355865821,0.4623592495918274,116.28203629165071,23,17,6,True,True,9.0,3.0
2022_13_BUF_NE,Q1,home,NE,BUF,-3.5,7.0,3.0,4.0,0.5067633390426636,-102.74243160657865,0.3443618416786194,190.39222090502824,10,24,-14,False,False,-10.5,3.5
2022_13_CLE_HOU,Q1,home,HOU,CLE,-7.5,3.0,0.0,3.0,0.712293267250061,-247.57615521954173,0.42803364992141724,133.62649179184632,14,27,-13,False,False,-5.5,7.5
2022_13_DEN_BAL,Q1,away,DEN,BAL,9.5,3.0,0.0,3.0,0.5488561391830444,-121.65878489161888,0.3145245313644409,217.94022414146633,9,10,-1,False,True,8.5,9.5
2022_13_GB_CHI,Q1,home,CHI,GB,-4.0,10.0,0.0,10.0,0.7365710735321045,-279.60903284547663,0.5496760606765747,-122.0623672599813,19,28,-9,False,False,-5.0,4.0
2022_13_IND_DAL,Q1,away,IND,DAL,11.0,10.0,7.0,3.0,0.6123164296150208,-157.94232110661167,0.36626243591308594,173.0282720659074,19,54,-35,False,False,-24.0,11.0
2022_13_KC_CIN,Q1,home,CIN,KC,-2.5,7.0,3.0,4.0,0.7435172200202942,-289.8897228418707,0.6214568614959717,-164.17068446991766,27,24,3,True,True,5.5,2.5
2022_13_LAC_LV,Q1,away,LAC,LV,2.5,7.0,0.0,7.0,0.7768628001213074,-348.1547678036853,0.7530317902565002,-304.9104137891254,20,27,-7,False,False,-4.5,2.5
2022_13_SEA_LA,Q1,home,LA,SEA,-7.0,10.0,7.0,3.0,0.6176513433456421,-161.54139228583642,0.3540158271789551,182.47324645587096,23,27,-4,False,True,3.0,7.0
2022_14_BAL_PIT,Q1,away,BAL,PIT,1.5,10.0,7.0,3.0,0.5547351241111755,-124.58542188036499,0.5719501972198486,-133.6176756781746,16,14,2,True,True,3.5,1.5
2022_14_CAR_SEA,Q1,away,CAR,SEA,3.5,10.0,0.0,10.0,0.7972646355628967,-393.25385473644906,0.7496966123580933,-299.515168140927,30,24,6,True,True,9.5,3.5
2022_14_HOU_DAL,Q1,away,HOU,DAL,17.0,10.0,7.0,3.0,0.6118202209472656,-157.612594463389,0.2692791819572449,271.36179363422764,23,27,-4,False,True,13.0,17.0
2022_15_CIN_TB,Q1,home,TB,CIN,-3.5,3.0,0.0,3.0,0.7925920486450195,-382.1415926762092,0.6520155668258667,-187.3691765112937,23,34,-11,False,False,-7.5,3.5
2022_15_DET_NYJ,Q1,away,DET,NYJ,2.0,7.0,0.0,7.0,0.6318730115890503,-171.64539180259015,0.6389113962650299,-176.94033809329932,20,17,3,True,True,5.0,2.0
2022_15_IND_MIN,Q1,away,IND,MIN,3.5,17.0,0.0,17.0,0.9032348990440369,-933.4304311376582,0.8328250646591187,-498.1757958876612,36,39,-3,False,True,0.5,3.5
2022_15_KC_HOU,Q1,home,HOU,KC,-14.5,7.0,0.0,7.0,0.6641676425933838,-197.76761468795237,0.21670526266098022,361.45625986223877,24,30,-6,False,True,8.5,14.5
2022_15_PIT_CAR,Q1,away,PIT,CAR,2.5,7.0,0.0,7.0,0.5720655918121338,-133.6806718194516,0.5402795076370239,-117.52347711540381,24,16,8,True,True,10.5,2.5
2022_16_BUF_CHI,Q1,home,CHI,BUF,-8.0,7.0,6.0,1.0,0.4233444333076477,136.21427880528955,0.20466887950897217,388.594065887854,13,35,-22,False,False,-14.0,8.0
2022_16_DEN_LA,Q1,home,LA,DEN,-3.0,17.0,3.0,14.0,0.881803572177887,-746.0492575164889,0.7650007009506226,-325.5331841606398,51,14,37,True,True,40.0,3.0
2022_16_LV_PIT,Q1,away,LV,PIT,2.5,7.0,0.0,7.0,0.5766454339027405,-136.20862512919362,0.5741191804409027,-134.80747525452603,10,13,-3,False,False,-0.5,2.5
2022_16_PHI_DAL,Q1,away,PHI,DAL,4.0,10.0,7.0,3.0,0.5517745614051819,-123.10201829128421,0.4989750385284424,100.41082675180722,34,40,-6,False,False,-2.0,4.0
2022_17_ARI_ATL,Q1,away,ARI,ATL,7.0,3.0,0.0,3.0,0.39838850498199463,151.01125848126455,0.2673603892326355,274.0269839036928,19,20,-1,False,True,6.0,7.0
2022_17_CAR_TB,Q1,away,CAR,TB,3.5,7.0,0.0,7.0,0.600037693977356,-150.02356095611285,0.5369151532649994,-115.94314887445411,24,30,-6,False,False,-2.5,3.5
2022_17_CHI_DET,Q1,away,CHI,DET,4.5,10.0,7.0,3.0,0.36889833211898804,171.0773980071697,0.3185349702835083,213.93727323249996,10,41,-31,False,False,-26.5,4.5
2022_17_CLE_WAS,Q1,away,CLE,WAS,1.0,3.0,0.0,3.0,0.5404065847396851,-117.583622131226,0.5978378653526306,-148.6559309908271,24,10,14,True,True,15.0,1.0
2022_17_IND_NYG,Q1,away,IND,NYG,5.5,3.0,0.0,3.0,0.4364582896232605,129.11696805281764,0.36046165227890015,177.42202081076562,10,38,-28,False,False,-22.5,5.5
2022_17_LA_LAC,Q1,away,LA,LAC,6.5,3.0,0.0,3.0,0.391845703125,155.202492211838,0.30856412649154663,224.0817431923331,10,31,-21,False,False,-14.5,6.5
2022_17_NO_PHI,Q1,away,NO,PHI,5.5,7.0,0.0,7.0,0.6683058142662048,-201.48252306193908,0.5568503737449646,-125.65741698820563,20,10,10,True,True,15.5,5.5
2022_17_NYJ_SEA,Q1,home,SEA,NYJ,-1.0,10.0,3.0,7.0,0.8395792841911316,-523.3608888713846,0.7552083134651184,-308.5106051416109,23,6,17,True,True,18.0,1.0
2022_17_PIT_BAL,Q1,away,PIT,BAL,1.0,3.0,0.0,3.0,0.3740488290786743,167.344774868863,0.41397833824157715,141.5585328081707,16,13,3,True,True,4.0,1.0
2022_17_SF_LV,Q1,home,LV,SF,-10.0,10.0,7.0,3.0,0.5975450277328491,-148.47500190311897,0.24179792404174805,313.56848035938606,34,37,-3,False,True,7.0,10.0
2022_18_DAL_WAS,Q1,home,WAS,DAL,-7.5,7.0,0.0,7.0,0.8486710786819458,-560.8122170502088,0.577606201171875,-136.74589986272667,26,6,20,True,True,27.5,7.5
2022_18_HOU_IND,Q1,away,HOU,IND,3.0,10.0,7.0,3.0,0.5407004356384277,-117.72282788685047,0.5475031137466431,-120.99599585754747,32,31,1,True,True,4.0,3.0
2022_18_TEN_JAX,Q1,away,TEN,JAX,6.0,3.0,0.0,3.0,0.4647561311721802,115.166607372744,0.3636990785598755,174.95258001743076,16,20,-4,False,True,2.0,6.0
2022_01_CLE_CAR,H1,away,CLE,CAR,2.5,17.0,7.0,10.0,0.8049947023391724,-412.8065811521173,0.7740278840065002,-342.53247601078607,26,24,2,True,True,4.5,2.5
2022_01_DEN_SEA,H1,home,SEA,DEN,-6.0,17.0,13.0,4.0,0.6569479703903198,-191.50097177322812,0.4402005076408386,127.1692064507804,17,16,1,True,True,7.0,6.0
2022_01_IND_HOU,H1,home,HOU,IND,-7.0,10.0,3.0,7.0,0.7868565320968628,-369.1675564059269,0.606988251209259,-154.44531952973492,20,20,0,False,True,7.0,7.0
2022_01_NO_ATL,H1,home,ATL,NO,-6.0,16.0,7.0,9.0,0.8103330731391907,-427.2400499924106,0.6411885023117065,-178.69786961752254,26,27,-1,False,True,5.0,6.0
2022_01_PIT_CIN,H1,away,PIT,CIN,7.5,17.0,6.0,11.0,0.7993437051773071,-398.3646293696572,0.6488890647888184,-184.81026926675838,23,20,3,True,True,10.5,7.5
2022_02_CIN_DAL,H1,home,DAL,CIN,-7.5,17.0,3.0,14.0,0.8932299613952637,-836.5923372023956,0.7181644439697266,-254.81683506696535,20,17,3,True,True,10.5,7.5
2022_02_IND_JAX,H1,home,JAX,IND,-3.0,17.0,0.0,17.0,0.941237211227417,-1601.7572189605994,0.8717398643493652,-679.6654782308044,24,0,24,True,True,27.0,3.0
2022_02_LAC_KC,H1,away,LAC,KC,4.0,10.0,7.0,3.0,0.5896167755126953,-143.67467779642033,0.5380533337593079,-116.47520657264819,24,27,-3,False,True,1.0,4.0
2022_02_TB_NO,H1,home,NO,TB,-2.5,3.0,0.0,3.0,0.6166578531265259,-160.86356748298275,0.5471675992012024,-120.83225454627302,10,20,-10,False,False,-7.5,2.5
2022_02_WAS_DET,H1,home,DET,WAS,-1.0,22.0,0.0,22.0,0.968712329864502,-3096.1472224338945,0.9546487927436829,-2105.0129654722837,36,27,9,True,True,10.0,1.0
2022_03_DAL_NYG,H1,away,DAL,NYG,1.0,6.0,3.0,3.0,0.5506046414375305,-122.52121232377885,0.5761050581932068,-135.9075094733707,23,16,7,True,True,8.0,1.0
2022_03_GB_TB,H1,away,GB,TB,1.0,14.0,3.0,11.0,0.8531333804130554,-580.889914136005,0.84177166223526,-531.9980441726176,14,12,2,True,True,3.0,1.0
2022_03_HOU_CHI,H1,away,HOU,CHI,3.0,14.0,13.0,1.0,0.5368156433105469,-115.89675591536884,0.5309191346168518,-113.18285903288631,20,23,-3,False,False,0.0,3.0
2022_03_JAX_LAC,H1,away,JAX,LAC,6.5,16.0,7.0,9.0,0.7687192559242249,-332.3749493266795,0.6580172479152679,-192.41240790770436,38,10,28,True,True,34.5,6.5
2022_03_LV_TEN,H1,home,TEN,LV,-1.5,24.0,10.0,14.0,0.8932299613952637,-836.5923372023956,0.8256085515022278,-473.42261252722756,24,22,2,True,True,3.5,1.5
2022_03_NO_CAR,H1,home,CAR,NO,-2.0,13.0,0.0,13.0,0.8810426592826843,-740.6374873294708,0.8100035786628723,-426.32570285395553,22,14,8,True,True,10.0,2.0
2022_03_PIT_CLE,H1,away,PIT,CLE,4.5,14.0,13.0,1.0,0.5368156433105469,-115.89675591536884,0.4790804386138916,108.73321459195216,17,29,-12,False,False,-7.5,4.5
2022_04_BUF_BAL,H1,home,BAL,BUF,-3.0,20.0,10.0,10.0,0.8532896637916565,-581.6152330125526,0.7467864751815796,-294.9236126771272,20,23,-3,False,False,0.0,3.0
2022_04_KC_TB,H1,away,KC,TB,1.0,28.0,17.0,11.0,0.8531333804130554,-580.889914136005,0.84177166223526,-531.9980441726176,41,31,10,True,True,11.0,1.0
2022_04_NE_GB,H1,away,NE,GB,10.0,10.0,7.0,3.0,0.5506046414375305,-122.52121232377885,0.3451525568962097,189.72695697013435,24,27,-3,False,True,7.0,10.0
2022_04_NYJ_PIT,H1,away,NYJ,PIT,3.0,10.0,6.0,4.0,0.6154525876045227,-160.0459573425961,0.6060760617256165,-153.85611353820812,24,20,4,True,True,7.0,3.0
2022_04_SEA_DET,H1,away,SEA,DET,3.0,24.0,15.0,9.0,0.7687192559242249,-332.3749493266795,0.7330094575881958,-274.5451022222381,48,45,3,True,True,6.0,3.0
2022_04_TEN_IND,H1,away,TEN,IND,4.5,24.0,10.0,14.0,0.8951838612556458,-854.0515534911968,0.8230962753295898,-465.2792228445743,24,17,7,True,True,11.5,4.5
2022_05_DAL_LA,H1,away,DAL,LA,5.5,16.0,10.0,6.0,0.7424898743629456,-288.3342441490794,0.6459400653839111,-182.4380570154912,22,10,12,True,True,17.5,5.5
2022_05_LAC_CLE,H1,home,CLE,LAC,-1.0,21.0,17.0,4.0,0.6569479703903198,-191.50097177322812,0.5600970983505249,-127.32289244975777,28,30,-2,False,False,-1.0,1.0
2022_05_LV_KC,H1,away,LV,KC,7.5,20.0,10.0,10.0,0.773473858833313,-341.450154427943,0.6332773268222809,-172.68562135381947,29,30,-1,False,True,6.5,7.5
2022_05_MIA_NYJ,H1,home,NYJ,MIA,-3.0,19.0,14.0,5.0,0.6956327557563782,-228.55046622545865,0.5421379804611206,-118.40641008116745,40,17,23,True,True,26.0,3.0
2022_05_SEA_NO,H1,away,SEA,NO,5.5,19.0,17.0,2.0,0.5843797922134399,-140.60427795983048,0.5011247992515564,-100.45093412134695,32,39,-7,False,False,-1.5,5.5
2022_06_ARI_SEA,H1,home,SEA,ARI,-2.5,9.0,3.0,6.0,0.7503747344017029,-300.6004751174601,0.6794758439064026,-211.9889658824923,19,9,10,True,True,12.5,2.5
2022_06_CAR_LA,H1,away,CAR,LA,10.0,10.0,7.0,3.0,0.5506046414375305,-122.52121232377885,0.3451525568962097,189.72695697013435,10,24,-14,False,False,-4.0,10.0
2022_06_CIN_NO,H1,home,NO,CIN,-3.0,20.0,14.0,6.0,0.7503747344017029,-300.6004751174601,0.6701682806015015,-203.18490951193587,26,30,-4,False,False,-1.0,3.0
2022_06_DEN_LAC,H1,away,DEN,LAC,3.5,13.0,10.0,3.0,0.5896167755126953,-143.67467779642033,0.5555530786514282,-124.99874607427371,16,19,-3,False,True,0.5,3.5
2022_06_JAX_IND,H1,away,JAX,IND,1.0,14.0,13.0,1.0,0.5368156433105469,-115.89675591536884,0.5636016726493835,-129.14844932404333,27,34,-7,False,False,-6.0,1.0
2022_06_NE_CLE,H1,away,NE,CLE,2.5,10.0,6.0,4.0,0.6154525876045227,-160.0459573425961,0.6181409358978271,-161.87672207053677,38,15,23,True,True,25.5,2.5
2022_06_SF_ATL,H1,home,ATL,SF,-3.5,21.0,14.0,7.0,0.748828649520874,-298.13457947828596,0.6241867542266846,-166.08960999825538,28,14,14,True,True,17.5,3.5
2022_06_TB_PIT,H1,home,PIT,TB,-10.0,10.0,9.0,1.0,0.6210339069366455,-163.87585018927348,0.39276906847953796,154.60253371558377,20,18,2,True,True,12.0,10.0
2022_07_CHI_NE,H1,away,CHI,NE,9.5,20.0,14.0,6.0,0.7424898743629456,-288.3342441490794,0.5769312381744385,-136.3681959606172,33,14,19,True,True,28.5,9.5
2022_07_DET_DAL,H1,away,DET,DAL,7.0,6.0,3.0,3.0,0.5896167755126953,-143.67467779642033,0.47695183753967285,109.66477562146304,6,24,-18,False,False,-11.0,7.0
2022_07_NYG_JAX,H1,away,NYG,JAX,3.0,13.0,11.0,2.0,0.5087411403656006,-103.5586698109041,0.5011539459228516,-100.46264610631684,23,17,6,True,True,9.0,3.0
2022_07_SEA_LAC,H1,away,SEA,LAC,5.5,24.0,14.0,10.0,0.773473858833313,-341.450154427943,0.6934081614017487,-226.16654264902652,37,23,14,True,True,19.5,5.5
2022_07_TB_CAR,H1,home,CAR,TB,-13.0,7.0,0.0,7.0,0.7868565320968628,-369.1675564059269,0.5136205554008484,-105.60079401055846,21,3,18,True,True,31.0,13.0
2022_08_CIN_CLE,H1,home,CLE,CIN,-3.0,11.0,0.0,11.0,0.8782480359077454,-721.3419861073238,0.7914495468139648,-379.50027665869464,32,13,19,True,True,22.0,3.0
2022_08_LV_NO,H1,home,NO,LV,-1.0,17.0,0.0,17.0,0.941237211227417,-1601.7572189605994,0.8915101885795593,-821.7455417307408,24,0,24,True,True,25.0,1.0
2022_08_MIA_DET,H1,home,DET,MIA,-3.5,27.0,17.0,10.0,0.817753255367279,-448.706646044781,0.7242529392242432,-262.651190981586,27,31,-4,False,False,-0.5,3.5
2022_08_NE_NYJ,H1,home,NYJ,NE,-3.0,10.0,6.0,4.0,0.6569479703903198,-191.50097177322812,0.5285124778747559,-112.09469033082149,17,22,-5,False,False,-2.0,3.0
2022_08_SF_LA,H1,home,LA,SF,-1.0,14.0,10.0,4.0,0.6569479703903198,-191.50097177322812,0.5600970983505249,-127.32289244975777,14,31,-17,False,False,-16.0,1.0
2022_08_WAS_IND,H1,away,WAS,IND,3.0,7.0,3.0,4.0,0.6154525876045227,-160.0459573425961,0.6060760617256165,-153.85611353820812,17,16,1,True,True,4.0,3.0
2022_09_GB_DET,H1,home,DET,GB,-4.0,8.0,0.0,8.0,0.7897358536720276,-375.59225738856526,0.6431947946548462,-180.26496951821505,15,9,6,True,True,10.0,4.0
2022_09_LA_TB,H1,away,LA,TB,3.0,7.0,6.0,1.0,0.46048271656036377,117.16341657068729,0.4680348038673401,113.65932442140355,13,16,-3,False,False,0.0,3.0
2022_09_SEA_ARI,H1,away,SEA,ARI,1.5,10.0,7.0,3.0,0.5506046414375305,-122.52121232377885,0.563247561454773,-128.96265979209798,31,21,10,True,True,11.5,1.5
2022_09_TEN_KC,H1,away,TEN,KC,14.0,14.0,9.0,5.0,0.7004455924034119,-233.82917247764436,0.4422398805618286,126.12162402214473,17,20,-3,False,True,11.0,14.0
2022_10_ARI_LA,H1,away,ARI,LA,3.5,17.0,3.0,14.0,0.8951838612556458,-854.0515534911968,0.8503687381744385,-568.3095416022014,27,17,10,True,True,13.5,3.5
2022_10_ATL_CAR,H1,home,CAR,ATL,-2.5,13.0,3.0,10.0,0.8532896637916565,-581.6152330125526,0.7577551007270813,-312.80538950517877,25,15,10,True,True,12.5,2.5
2022_10_DEN_TEN,H1,away,DEN,TEN,2.5,10.0,7.0,3.0,0.5896167755126953,-143.67467779642033,0.5985202789306641,-149.07858293228688,10,17,-7,False,False,-4.5,2.5
2022_10_IND_LV,H1,away,IND,LV,4.5,13.0,7.0,6.0,0.7424898743629456,-288.3342441490794,0.6631155610084534,-196.8376939562628,25,20,5,True,True,9.5,4.5
2022_10_LAC_SF,H1,away,LAC,SF,8.5,16.0,10.0,6.0,0.6658905744552612,-199.30313949376907,0.46933555603027344,113.06717276189005,16,22,-6,False,True,2.5,8.5
2022_10_WAS_PHI,H1,away,WAS,PHI,11.0,20.0,14.0,6.0,0.6658905744552612,-199.30313949376907,0.4314890503883362,131.7555912716694,32,21,11,True,True,22.0,11.0
2022_11_CIN_PIT,H1,home,PIT,CIN,-3.5,20.0,17.0,3.0,0.6789292693138123,-211.45785162752594,0.5283975601196289,-112.04300814339823,30,37,-7,False,False,-3.5,3.5
2022_11_DET_NYG,H1,away,DET,NYG,3.0,17.0,6.0,11.0,0.8531333804130554,-580.889914136005,0.804050624370575,-410.3358950687227,31,18,13,True,True,16.0,3.0
2022_11_KC_LAC,H1,home,LAC,KC,-5.5,20.0,13.0,7.0,0.7868565320968628,-369.1675564059269,0.6252846717834473,-166.86925372374608,27,30,-3,False,True,2.5,5.5
2022_11_LA_NO,H1,away,LA,NO,2.5,14.0,10.0,4.0,0.6024054288864136,-151.51248851290677,0.5840194225311279,-140.39583917228208,20,27,-7,False,False,-4.5,2.5
2022_11_PHI_IND,H1,home,IND,PHI,-6.5,10.0,3.0,7.0,0.748828649520874,-298.13457947828596,0.5529505014419556,-123.68887633818944,16,17,-1,False,True,5.5,6.5
2022_11_TEN_GB,H1,away,TEN,GB,3.0,14.0,6.0,8.0,0.7524437308311462,-303.9485662622899,0.6945571005344391,-227.3934348284797,27,17,10,True,True,13.0,3.0
2022_12_BAL_JAX,H1,home,JAX,BAL,-3.5,10.0,9.0,1.0,0.6210339069366455,-163.87585018927348,0.4807509481906891,108.00791007558276,28,27,1,True,True,4.5,3.5
2022_12_DEN_CAR,H1,home,CAR,DEN,-1.0,10.0,3.0,7.0,0.748828649520874,-298.13457947828596,0.6566942930221558,-191.28557424899918,23,10,13,True,True,14.0,1.0
2022_12_LAC_ARI,H1,home,ARI,LAC,-2.5,17.0,14.0,3.0,0.6789292693138123,-211.45785162752594,0.5696333646774292,-132.36002002117903,24,25,-1,False,True,1.5,2.5
2022_12_LV_SEA,H1,away,LV,SEA,4.0,24.0,20.0,4.0,0.6024054288864136,-151.51248851290677,0.530104249715805,-112.81316108843201,40,34,6,True,True,10.0,4.0
2022_12_NYG_DAL,H1,away,NYG,DAL,10.5,13.0,7.0,6.0,0.6658905744552612,-199.30313949376907,0.4310324788093567,132.0010786106665,20,28,-8,False,True,2.5,10.5
2022_12_PIT_IND,H1,away,PIT,IND,2.5,16.0,3.0,13.0,0.8463419079780579,-550.7955336691292,0.827081710100174,-478.3078242210895,24,17,7,True,True,9.5,2.5
2022_13_DEN_BAL,H1,away,DEN,BAL,9.5,6.0,3.0,3.0,0.5135803818702698,-105.58381338420763,0.3112199902534485,221.31612085252917,9,10,-1,False,True,8.5,9.5
2022_13_GB_CHI,H1,home,CHI,GB,-4.0,16.0,10.0,6.0,0.7156428694725037,-251.67044981251263,0.5850843787193298,-141.01285869001995,19,28,-9,False,False,-5.0,4.0
2022_13_KC_CIN,H1,home,CIN,KC,-2.5,14.0,10.0,4.0,0.6569479703903198,-191.50097177322812,0.540916383266449,-117.82524218902657,27,24,3,True,True,5.5,2.5
2022_13_LAC_LV,H1,away,LAC,LV,2.5,13.0,10.0,3.0,0.5896167755126953,-143.67467779642033,0.5985202789306641,-149.07858293228688,20,27,-7,False,False,-4.5,2.5
2022_13_NO_TB,H1,away,NO,TB,3.5,10.0,3.0,7.0,0.7313575148582458,-272.2419406120114,0.6977853178977966,-230.89060830665358,16,17,-1,False,True,2.5,3.5
2022_14_BAL_PIT,H1,away,BAL,PIT,1.5,13.0,7.0,6.0,0.6658905744552612,-199.30313949376907,0.6674775779247284,-200.73159992009036,16,14,2,True,True,3.5,1.5
2022_14_CAR_SEA,H1,away,CAR,SEA,3.5,20.0,14.0,6.0,0.6658905744552612,-199.30313949376907,0.6345179677009583,-173.6112617382482,30,24,6,True,True,9.5,3.5
2022_14_HOU_DAL,H1,away,HOU,DAL,17.0,20.0,17.0,3.0,0.5896167755126953,-143.67467779642033,0.32791662216186523,204.95556870745727,23,27,-4,False,True,13.0,17.0
2022_14_JAX_TEN,H1,away,JAX,TEN,3.0,20.0,14.0,6.0,0.7424898743629456,-288.3342441490794,0.704981803894043,-238.9621430811155,36,22,14,True,True,17.0,3.0
2022_14_MIA_LAC,H1,home,LAC,MIA,-3.0,17.0,7.0,10.0,0.8532896637916565,-581.6152330125526,0.7467864751815796,-294.9236126771272,23,17,6,True,True,9.0,3.0
2022_14_NE_ARI,H1,home,ARI,NE,-2.0,13.0,10.0,3.0,0.6287232637405396,-169.34087227624383,0.5164353847503662,-106.79759611520858,13,27,-14,False,False,-12.0,2.0
2022_15_ARI_DEN,H1,away,ARI,DEN,1.5,6.0,3.0,3.0,0.5896167755126953,-143.67467779642033,0.6022634506225586,-151.42270720788764,15,24,-9,False,False,-7.5,1.5
2022_15_CIN_TB,H1,home,TB,CIN,-3.5,17.0,3.0,14.0,0.9166976809501648,-1100.4467719581191,0.8393943905830383,-522.6432586198258,23,34,-11,False,False,-7.5,3.5
2022_15_IND_MIN,H1,away,IND,MIN,3.5,33.0,0.0,33.0,0.9934967160224915,-15276.846581795851,0.9942663512192667,-17340.90086857566,36,39,-3,False,True,0.5,3.5
2022_15_KC_HOU,H1,home,HOU,KC,-14.5,14.0,13.0,1.0,0.5511130094528198,-122.77321933100113,0.24468302726745605,308.69201724683927,24,30,-6,False,True,8.5,14.5
2022_15_NYG_WAS,H1,away,NYG,WAS,4.5,14.0,3.0,11.0,0.8531333804130554,-580.889914136005,0.753513753414154,-305.70214924820203,20,12,8,True,True,12.5,4.5
2022_15_PIT_CAR,H1,away,PIT,CAR,2.5,14.0,7.0,7.0,0.7313575148582458,-272.2419406120114,0.7204875946044922,-257.7658739636289,24,16,8,True,True,10.5,2.5
2022_16_BUF_CHI,H1,home,CHI,BUF,-8.0,10.0,6.0,4.0,0.6569479703903198,-191.50097177322812,0.3711714744567871,169.4172555861167,13,35,-22,False,False,-14.0,8.0
2022_16_DEN_LA,H1,home,LA,DEN,-3.0,31.0,6.0,25.0,0.9781139492988586,-4469.120366461776,0.9573332071304321,-2243.7430674880907,51,14,37,True,True,40.0,3.0
2022_16_DET_CAR,H1,home,CAR,DET,-2.5,24.0,7.0,17.0,0.91569584608078,-1086.181170809445,0.8595497608184814,-611.9959395067995,37,23,14,True,True,16.5,2.5
2022_16_HOU_TEN,H1,away,HOU,TEN,3.0,10.0,7.0,3.0,0.5896167755126953,-143.67467779642033,0.5899180173873901,-143.85367863007653,19,14,5,True,True,8.0,3.0
2022_16_JAX_NYJ,H1,away,JAX,NYJ,2.5,13.0,3.0,10.0,0.773473858833313,-341.450154427943,0.7609290331602097,-318.2858392295432,19,3,16,True,True,18.5,2.5
2022_16_LV_PIT,H1,away,LV,PIT,2.5,10.0,3.0,7.0,0.7069733738899231,-241.2659160960837,0.6749164462089539,-207.61322384299075,10,13,-3,False,False,-0.5,2.5
2022_16_PHI_DAL,H1,away,PHI,DAL,4.0,20.0,17.0,3.0,0.5506046414375305,-122.52121232377885,0.5059692859649658,-102.41656471769183,34,40,-6,False,False,-2.0,4.0
2022_17_CAR_TB,H1,away,CAR,TB,3.5,14.0,10.0,4.0,0.6024054288864136,-151.51248851290677,0.553270012140274,-123.84886333487016,24,30,-6,False,False,-2.5,3.5
2022_17_NO_PHI,H1,away,NO,PHI,5.5,13.0,0.0,13.0,0.8463419079780579,-550.7955336691292,0.7661684453487396,-327.65827798194897,20,10,10,True,True,15.5,5.5
2022_17_NYJ_SEA,H1,home,SEA,NYJ,-1.0,17.0,6.0,11.0,0.8392153382301331,-521.9498731982982,0.7703509330749512,-335.44701199520773,23,6,17,True,True,18.0,1.0
2022_17_SF_LV,H1,home,LV,SF,-10.0,17.0,14.0,3.0,0.6287232637405396,-169.34087227624383,0.33448338508605957,198.96851221554965,34,37,-3,False,True,7.0,10.0
2022_18_DAL_WAS,H1,home,WAS,DAL,-7.5,13.0,6.0,7.0,0.7868565320968628,-369.1675564059269,0.606988251209259,-154.44531952973492,26,6,20,True,True,27.5,7.5
2022_18_HOU_IND,H1,away,HOU,IND,3.0,17.0,7.0,10.0,0.773473858833313,-341.450154427943,0.7538536638021469,-306.26239473911863,32,31,1,True,True,4.0,3.0
2022_18_LA_SEA,H1,away,LA,SEA,5.5,13.0,6.0,7.0,0.7313575148582458,-272.2419406120114,0.6504951119422913,-186.11903128372967,16,19,-3,False,True,2.5,5.5
2022_18_TB_ATL,H1,away,TB,ATL,6.0,17.0,10.0,7.0,0.7069733738899231,-241.2659160960837,0.5749874114990234,-135.28714844118136,17,30,-13,False,False,-7.0,6.0
2022_18_TEN_JAX,H1,away,TEN,JAX,6.0,13.0,7.0,6.0,0.6658905744552612,-199.30313949376907,0.5520303547382355,-123.22941087128004,16,20,-4,False,True,2.0,6.0
2022_01_CLE_CAR,Q3,away,CLE,CAR,2.5,20.0,7.0,13.0,0.9018780589103699,-919.1400505280908,0.8784112930297852,-722.4448017569316,26,24,2,True,True,4.5,2.5
2022_01_DEN_SEA,Q3,home,SEA,DEN,-6.0,17.0,13.0,4.0,0.7531882524490356,-305.1670999953149,0.5965876579284668,-147.8853261813888,17,16,1,True,True,7.0,6.0
2022_01_IND_HOU,Q3,home,HOU,IND,-7.0,20.0,3.0,17.0,0.9867774844169617,-7462.857413326001,0.9641693830490112,-2690.9092421374125,20,20,0,False,True,7.0,7.0
2022_01_NO_ATL,Q3,home,ATL,NO,-6.0,23.0,10.0,13.0,0.9655742645263672,-2804.803590226605,0.9142385125160217,-1066.0245517392843,26,27,-1,False,True,5.0,6.0
2022_01_PIT_CIN,Q3,away,PIT,CIN,7.5,17.0,14.0,3.0,0.601273775100708,-150.79865269774376,0.5126298069953918,-105.18283931872396,23,20,3,True,True,10.5,7.5
2022_02_CIN_DAL,Q3,home,DAL,CIN,-7.5,17.0,9.0,8.0,0.8502357602119446,-567.7161393235049,0.7457633018493652,-293.33424610773613,20,17,3,True,True,10.5,7.5
2022_02_HOU_DEN,Q3,away,HOU,DEN,10.5,9.0,6.0,3.0,0.6582556962966919,-192.61643549388003,0.5019108057022095,-100.76725442916036,9,16,-7,False,True,3.5,10.5
2022_02_IND_JAX,Q3,home,JAX,IND,-3.0,24.0,0.0,24.0,0.994882345199585,-19440.200326112277,0.9915523529052734,-11737.615714608264,24,0,24,True,True,27.0,3.0
2022_02_LAC_KC,Q3,away,LAC,KC,4.0,17.0,14.0,3.0,0.4301699995994568,132.46623449592667,0.4041730761528015,147.41875671647668,24,27,-3,False,True,1.0,4.0
2022_02_WAS_DET,Q3,home,DET,WAS,-1.0,29.0,15.0,14.0,0.9553186893463135,-2138.072217153041,0.9322232604026794,-1375.4324358788326,36,27,9,True,True,10.0,1.0
2022_03_ATL_SEA,Q3,away,ATL,SEA,1.0,27.0,23.0,4.0,0.6581008434295654,-192.4839037425324,0.6450941562652588,-181.76487303697544,27,23,4,True,True,5.0,1.0
2022_03_DET_MIN,Q3,away,DET,MIN,6.5,24.0,14.0,10.0,0.8602086901664734,-615.3520495593544,0.7754545211791992,-345.34408140902855,24,28,-4,False,True,2.5,6.5
2022_03_GB_TB,Q3,away,GB,TB,1.0,14.0,6.0,8.0,0.8611776828765869,-620.3452735275984,0.8450122475624084,-545.2122727585632,14,12,2,True,True,3.0,1.0
2022_03_JAX_LAC,Q3,away,JAX,LAC,6.5,31.0,10.0,21.0,0.9680334329605103,-3028.2683522589546,0.9615215584635735,-2498.8578540877907,38,10,28,True,True,34.5,6.5
2022_03_LV_TEN,Q3,home,TEN,LV,-1.5,24.0,13.0,11.0,0.9385161995887756,-1526.4446786172346,0.9170960783958435,-1106.2155572986353,24,22,2,True,True,3.5,1.5
2022_03_NO_CAR,Q3,home,CAR,NO,-2.0,13.0,0.0,13.0,0.9365001320838928,-1474.8064253002062,0.8955353498458862,-857.2616177096539,22,14,8,True,True,10.0,2.0
2022_04_KC_TB,Q3,away,KC,TB,1.0,38.0,24.0,14.0,0.9632859230041504,-2623.7508929151245,0.9627455472946167,-2584.2428954955476,41,31,10,True,True,11.0,1.0
2022_04_MIA_CIN,Q3,away,MIA,CIN,4.0,15.0,14.0,1.0,0.42338377237319946,136.19233075341666,0.42934340238571167,132.91379218670846,15,27,-12,False,False,-8.0,4.0
2022_04_SEA_DET,Q3,away,SEA,DET,3.0,38.0,23.0,15.0,0.8655953407287598,-644.0218258966108,0.8516852259635925,-574.2416637162024,48,45,3,True,True,6.0,3.0
2022_04_TEN_IND,Q3,away,TEN,IND,4.5,24.0,17.0,7.0,0.787166953086853,-369.8518460848237,0.7060594856739044,-240.20488883359812,24,17,7,True,True,11.5,4.5
2022_05_DAL_LA,Q3,away,DAL,LA,5.5,19.0,10.0,9.0,0.8056320548057556,-414.48812663046664,0.7361638844013214,-279.0231666088888,22,10,12,True,True,17.5,5.5
2022_05_LAC_CLE,Q3,home,CLE,LAC,-1.0,28.0,27.0,1.0,0.5866442918777466,-141.9223879942748,0.5131072402000427,-105.38403578045724,28,30,-2,False,False,-1.0,1.0
2022_05_MIA_NYJ,Q3,home,NYJ,MIA,-3.0,19.0,17.0,2.0,0.607670783996582,-154.8879765281839,0.5034886002540588,-101.40524477619,40,17,23,True,True,26.0,3.0
2022_06_ARI_SEA,Q3,home,SEA,ARI,-2.5,12.0,9.0,3.0,0.766189694404602,-327.6971442526881,0.6796778440475464,-212.1857109841734,19,9,10,True,True,12.5,2.5
2022_06_CIN_NO,Q3,home,NO,CIN,-3.0,23.0,21.0,2.0,0.7600654363632202,-316.7803024468914,0.6613076329231262,-195.2531846615332,26,30,-4,False,False,-1.0,3.0
2022_06_JAX_IND,Q3,away,JAX,IND,1.0,21.0,19.0,2.0,0.4487271308898926,122.85258259665544,0.4955027103424072,101.81524321208455,27,34,-7,False,False,-6.0,1.0
2022_06_NE_CLE,Q3,away,NE,CLE,2.5,24.0,6.0,18.0,0.968473494052887,-3071.9341232343972,0.9647206030786037,-2734.5155735741046,38,15,23,True,True,25.5,2.5
2022_06_NYJ_GB,Q3,away,NYJ,GB,7.5,17.0,10.0,7.0,0.8494107127189636,-564.057860990972,0.7905172109603882,-377.3661858258468,27,10,17,True,True,24.5,7.5
2022_06_SF_ATL,Q3,home,ATL,SF,-3.5,28.0,14.0,14.0,0.9184310436248779,-1125.9565948118377,0.8590988516807556,-609.7174238312572,28,14,14,True,True,17.5,3.5
2022_06_TB_PIT,Q3,home,PIT,TB,-10.0,13.0,12.0,1.0,0.5665982961654663,-130.7328261869928,0.4240254759788513,135.83488649863008,20,18,2,True,True,12.0,10.0
2022_06_WAS_CHI,Q3,home,CHI,WAS,-1.0,7.0,3.0,4.0,0.509721577167511,-103.96573730956645,0.45204049348831177,121.21911961541043,7,12,-5,False,False,-4.0,1.0
2022_07_CHI_NE,Q3,away,CHI,NE,9.5,26.0,14.0,12.0,0.943427562713623,-1667.6452491128698,0.9225807785987854,-1191.6688929453783,33,14,19,True,True,28.5,9.5
2022_07_GB_WAS,Q3,home,WAS,GB,-4.0,20.0,14.0,6.0,0.7528306841850281,-304.58096374251744,0.6446253061294556,-181.3931372289213,23,21,2,True,True,6.0,4.0
2022_07_HOU_LV,Q3,away,HOU,LV,7.0,20.0,17.0,3.0,0.5160576701164246,-106.63619159757637,0.45203250646591187,121.2230283654193,20,38,-18,False,False,-11.0,7.0
2022_07_SEA_LAC,Q3,away,SEA,LAC,5.5,27.0,14.0,13.0,0.8965949416160583,-867.0706787737722,0.8498953431844711,-566.2018495728285,37,23,14,True,True,19.5,5.5
2022_07_TB_CAR,Q3,home,CAR,TB,-13.0,14.0,0.0,14.0,0.8940721750259399,-844.0390192519135,0.7050024271011353,-238.98583984039564,21,3,18,True,True,31.0,13.0
2022_08_BAL_TB,Q3,away,BAL,TB,2.0,17.0,10.0,7.0,0.7689522504806519,-332.8109674646535,0.7356506288051605,-278.2872626025454,27,22,5,True,True,7.0,2.0
2022_08_CIN_CLE,Q3,home,CLE,CIN,-3.0,25.0,0.0,25.0,0.9955497980117798,-22370.890144919773,0.9902955889701843,-10204.592385128952,32,13,19,True,True,22.0,3.0
2022_08_DEN_JAX,Q3,away,DEN,JAX,1.0,14.0,10.0,4.0,0.7069886922836304,-241.28375720161094,0.7039612829685211,-237.79365416371073,21,17,4,True,True,5.0,1.0
2022_08_LV_NO,Q3,home,NO,LV,-1.0,24.0,0.0,24.0,0.9964605569839478,-28153.03290559429,0.9955833554267883,-22541.62269396348,24,0,24,True,True,25.0,1.0
2022_08_WAS_IND,Q3,away,WAS,IND,3.0,7.0,6.0,1.0,0.33458834886550903,198.87472274235094,0.3397476077079773,194.33614168654526,17,16,1,True,True,4.0,3.0
2022_09_BUF_NYJ,Q3,home,NYJ,BUF,-11.0,17.0,14.0,3.0,0.5931625366210938,-145.79840600093766,0.40163421630859375,148.98277073874968,20,17,3,True,True,14.0,11.0
2022_09_GB_DET,Q3,home,DET,GB,-4.0,8.0,6.0,2.0,0.813917338848114,-437.3955820546716,0.7292147278785706,-269.2963033645218,15,9,6,True,True,10.0,4.0
2022_09_LAC_ATL,Q3,home,ATL,LAC,-2.5,17.0,14.0,3.0,0.7413084506988525,-286.5607526420904,0.6456373333930969,-182.19677021149263,17,20,-3,False,False,-0.5,2.5
2022_09_LA_TB,Q3,away,LA,TB,3.0,13.0,6.0,7.0,0.761019766330719,-318.44464901807567,0.7088554799556732,-243.47203232530356,13,16,-3,False,False,0.0,3.0
2022_09_MIN_WAS,Q3,home,WAS,MIN,-3.0,10.0,7.0,3.0,0.8102412223815918,-426.98484494400094,0.7408573627471924,-285.88786878187324,17,20,-3,False,False,0.0,3.0
2022_09_SEA_ARI,Q3,away,SEA,ARI,1.5,17.0,14.0,3.0,0.6039668917655945,-152.5041414992295,0.6021577417850494,-151.35590283617108,31,21,10,True,True,11.5,1.5
2022_09_TEN_KC,Q3,away,TEN,KC,14.0,17.0,9.0,8.0,0.8215638995170593,-460.42471074714206,0.6323021054267883,-171.962394878737,17,20,-3,False,True,11.0,14.0
2022_10_ARI_LA,Q3,away,ARI,LA,3.5,17.0,10.0,7.0,0.7431592345237732,-289.34629327467877,0.7251421213150024,-263.8243898207683,27,17,10,True,True,13.5,3.5
2022_10_ATL_CAR,Q3,home,CAR,ATL,-2.5,19.0,9.0,10.0,0.871096134185791,-675.7719240486663,0.8155368566513062,-442.1137154264377,25,15,10,True,True,12.5,2.5
2022_10_IND_LV,Q3,away,IND,LV,4.5,19.0,14.0,5.0,0.6896220445632935,-222.1878301869038,0.6013555824756622,-150.85012006695132,25,20,5,True,True,9.5,4.5
2022_10_LAC_SF,Q3,away,LAC,SF,8.5,16.0,13.0,3.0,0.5794114470481873,-137.76205818767755,0.5056641101837158,-102.29160386708756,16,22,-6,False,True,2.5,8.5
2022_10_WAS_PHI,Q3,away,WAS,PHI,11.0,23.0,14.0,9.0,0.6870205402374268,-219.50978532540177,0.5195673406124115,-108.1457162539092,32,21,11,True,True,22.0,11.0
2022_11_DET_NYG,Q3,away,DET,NYG,3.0,24.0,6.0,18.0,0.9678559303283691,-3010.9937547284567,0.9659264124929905,-2834.8245170670193,31,18,13,True,True,16.0,3.0
2022_11_KC_LAC,Q3,home,LAC,KC,-5.5,20.0,16.0,4.0,0.6202235221862793,-163.3127796004515,0.4832267165184021,106.94220038264757,27,30,-3,False,True,2.5,5.5
2022_11_PHI_IND,Q3,home,IND,PHI,-6.5,13.0,3.0,10.0,0.8407649397850037,-528.0024001308618,0.7191380262374878,-256.04677507734374,16,17,-1,False,True,5.5,6.5
2022_11_TEN_GB,Q3,away,TEN,GB,3.0,20.0,17.0,3.0,0.7612466216087341,-318.84224078337996,0.7593668103218079,-315.57027163931036,27,17,10,True,True,13.0,3.0
2022_12_DEN_CAR,Q3,home,CAR,DEN,-1.0,17.0,3.0,14.0,0.9674198627471924,-2969.3547796942576,0.9523199200630188,-1997.3119200339027,23,10,13,True,True,14.0,1.0
2022_12_NE_MIN,Q3,away,NE,MIN,2.5,26.0,23.0,3.0,0.39865249395370483,150.84503801351588,0.38978874683380127,156.5492226553122,26,33,-7,False,False,-4.5,2.5
2022_13_DEN_BAL,Q3,away,DEN,BAL,9.5,9.0,3.0,6.0,0.7257730960845947,-264.66152143426615,0.5935418009757996,-146.0277594106203,9,10,-1,False,True,8.5,9.5
2022_13_GB_CHI,Q3,home,CHI,GB,-4.0,19.0,10.0,9.0,0.831706702709198,-494.2007293802393,0.7597596049308777,-316.24973173736186,19,28,-9,False,False,-5.0,4.0
2022_13_NO_TB,Q3,away,NO,TB,3.5,13.0,3.0,10.0,0.8642383217811584,-636.584883981801,0.8138272613286972,-437.13556943777337,16,17,-1,False,True,2.5,3.5
2022_13_WAS_NYG,Q3,home,NYG,WAS,-2.5,20.0,13.0,7.0,0.7898675799369812,-375.89039316260653,0.6899515390396118,-222.53022540491182,20,20,0,False,True,2.5,2.5
2022_14_BAL_PIT,Q3,away,BAL,PIT,1.5,13.0,7.0,6.0,0.692958414554596,-225.68878204213576,0.6789244413375854,-211.45316827165303,16,14,2,True,True,3.5,1.5
2022_14_CAR_SEA,Q3,away,CAR,SEA,3.5,20.0,17.0,3.0,0.6032134294509888,-152.024658651213,0.5780264437198639,-136.98167459008468,30,24,6,True,True,9.5,3.5
2022_14_HOU_DAL,Q3,away,HOU,DAL,17.0,23.0,17.0,6.0,0.6951241493225098,-228.00236482417876,0.44908809661865234,122.67345928991746,23,27,-4,False,True,13.0,17.0
2022_14_JAX_TEN,Q3,away,JAX,TEN,3.0,33.0,14.0,19.0,0.9809154272079468,-5139.834346286221,0.978613018989563,-4575.74174920711,36,22,14,True,True,17.0,3.0
2022_14_MIA_LAC,Q3,home,LAC,MIA,-3.0,20.0,14.0,6.0,0.7415352463722229,-286.89994901205375,0.6874075531959534,-219.9053624692555,23,17,6,True,True,9.0,3.0
2022_15_DET_NYJ,Q3,away,DET,NYJ,2.0,13.0,10.0,3.0,0.5318845510482788,-113.62251603517029,0.5457606315612793,-120.1482455026144,20,17,3,True,True,5.0,2.0
2022_15_IND_MIN,Q3,away,IND,MIN,3.5,36.0,14.0,22.0,0.9955392479896545,-22317.74475874878,0.9947056914679706,-18788.207854722146,36,39,-3,False,True,0.5,3.5
2022_15_KC_HOU,Q3,home,HOU,KC,-14.5,21.0,16.0,5.0,0.6969817876815796,-230.0131673106073,0.4126166105270386,142.35573035285512,24,30,-6,False,True,8.5,14.5
2022_15_MIA_BUF,Q3,away,MIA,BUF,7.0,26.0,21.0,5.0,0.7095863223075867,-244.33639901049457,0.621865451335907,-164.45613169515664,29,32,-3,False,True,4.0,7.0
2022_15_NYG_WAS,Q3,away,NYG,WAS,4.5,17.0,9.0,8.0,0.79936283826828,-398.4121542434598,0.7193344533443451,-256.2959586296809,20,12,8,True,True,12.5,4.5
2022_15_PIT_CAR,Q3,away,PIT,CAR,2.5,21.0,7.0,14.0,0.889013409614563,-801.0097494906141,0.878246396780014,-721.3309286569427,24,16,8,True,True,10.5,2.5
2022_16_DEN_LA,Q3,home,LA,DEN,-3.0,34.0,6.0,28.0,0.9996248483657837,-266458.8814744201,0.9997642636299133,-424102.6801517067,51,14,37,True,True,40.0,3.0
2022_16_DET_CAR,Q3,home,CAR,DET,-2.5,31.0,13.0,18.0,0.9847024083137512,-6436.9766726020935,0.9762173295021057,-4104.742272691958,37,23,14,True,True,16.5,2.5
2022_16_JAX_NYJ,Q3,away,JAX,NYJ,2.5,16.0,3.0,13.0,0.9176115393638611,-1113.762209269097,0.8922450393438339,-828.0315206934066,19,3,16,True,True,18.5,2.5
2022_16_LV_PIT,Q3,away,LV,PIT,2.5,10.0,3.0,7.0,0.692486047744751,-225.1884971937662,0.6832291483879089,-215.68561151092675,10,13,-3,False,False,-0.5,2.5
2022_16_NO_CLE,Q3,away,NO,CLE,3.0,17.0,10.0,7.0,0.7539927363395691,-306.49206251906503,0.7078235149383545,-242.25889184374736,17,10,7,True,True,10.0,3.0
2022_16_NYG_MIN,Q3,away,NYG,MIN,4.5,13.0,10.0,3.0,0.40938282012939453,144.270142963969,0.3761501908302307,165.85125420056846,24,27,-3,False,True,1.5,4.5
2022_17_ARI_ATL,Q3,away,ARI,ATL,7.0,16.0,14.0,2.0,0.6779648065567017,-210.52506693684487,0.5934919714927673,-145.99760149194884,19,20,-1,False,True,6.0,7.0
2022_17_CAR_TB,Q3,away,CAR,TB,3.5,14.0,10.0,4.0,0.7842031121253967,-363.39871248796084,0.7474963665008545,-296.0339049946321,24,30,-6,False,False,-2.5,3.5
2022_17_CLE_WAS,Q3,away,CLE,WAS,1.0,17.0,7.0,10.0,0.8293628096580505,-486.0387164111433,0.8225641399621964,-463.5839338152641,24,10,14,True,True,15.0,1.0
2022_17_DEN_KC,Q3,away,DEN,KC,13.5,17.0,13.0,4.0,0.451518714427948,121.4747624064599,0.30580276250839233,227.00816428123548,24,27,-3,False,True,10.5,13.5
2022_17_NO_PHI,Q3,away,NO,PHI,5.5,13.0,10.0,3.0,0.6925254464149475,-225.2301656642242,0.6095018982887268,-156.08319108792514,20,10,10,True,True,15.5,5.5
2022_17_NYJ_SEA,Q3,home,SEA,NYJ,-1.0,20.0,6.0,14.0,0.9713038206100464,-3384.784460018029,0.9530805349349976,-2031.3115966147427,23,6,17,True,True,18.0,1.0
2022_17_SF_LV,Q3,home,LV,SF,-10.0,24.0,21.0,3.0,0.7640917897224426,-323.893682557064,0.5496075749397278,-122.0286009175617,34,37,-3,False,True,7.0,10.0
2022_18_DAL_WAS,Q3,home,WAS,DAL,-7.5,20.0,6.0,14.0,0.973045289516449,-3609.926695781967,0.944719672203064,-1708.9617769151976,26,6,20,True,True,27.5,7.5
2022_18_HOU_IND,Q3,away,HOU,IND,3.0,24.0,21.0,3.0,0.5654676556587219,-130.13246609200817,0.5268667042255402,-111.35692814920698,32,31,1,True,True,4.0,3.0
2022_18_LA_SEA,Q3,away,LA,SEA,5.5,16.0,13.0,3.0,0.6353613138198853,-174.24407719208543,0.5646776556968689,-129.71483386657104,16,19,-3,False,True,2.5,5.5
2022_18_TEN_JAX,Q3,away,TEN,JAX,6.0,16.0,10.0,6.0,0.6100597381591797,-156.4495380085208,0.5470041334629059,-120.75256616455545,16,20,-4,False,True,2.0,6.0
