flow_margin_trajectory_with_q3_lead,cases,su_wins,su_win_rate,break_even_ml,covers,cover_rate_pregame_spread,avg_final_margin,median_q3_wp,sample_flag
P1_WIN_AFTER_Q1_WIN__P2_WIN_AFTER_Q2_WIN__P3_WIN_AFTER_Q3_WIN__Q1_LEAD_4_7__Q2_LEAD_8_13__Q3_LEAD_14_PLUS__Q3_LEAD_8+,28,27,0.9642857142857143,-2700.0000000000014,28,1.0,15.75,0.9645596146583557,SAMPLE_TOO_SMALL
P1_WIN_AFTER_Q1_WIN__P2_WIN_AFTER_Q2_WIN__P3_NOT_WIN_AFTER_Q3_WIN__Q1_LEAD_4_7__Q2_LEAD_8_13__Q3_LEAD_8_13__Q3_LEAD_8+,24,23,0.9583333333333334,-2300.0000000000023,24,1.0,8.375,0.8806678652763367,SAMPLE_TOO_SMALL
P1_NOT_WIN_AFTER_Q1_NOT_WIN__P2_WIN_AFTER_Q2_WIN__P3_NOT_WIN_AFTER_Q3_WIN__Q1_TIE__Q2_LEAD_4_7__Q3_LEAD_4_7__Q3_LEAD_4-7,22,9,0.4090909090909091,144.4444444444444,17,0.7727272727272727,-0.09090909090909091,0.761669784784317,SAMPLE_TOO_SMALL
P1_WIN_AFTER_Q1_WIN__P2_WIN_AFTER_Q2_WIN__P3_WIN_AFTER_Q3_WIN__Q1_LEAD_4_7__Q2_LEAD_14_PLUS__Q3_LEAD_14_PLUS__Q3_LEAD_8+,21,21,1.0,,21,1.0,23.523809523809526,0.999395489692688,SAMPLE_TOO_SMALL
P1_WIN_AFTER_Q1_WIN__P2_WIN_AFTER_Q2_WIN__P3_NOT_WIN_AFTER_Q3_WIN__Q1_LEAD_4_7__Q2_LEAD_14_PLUS__Q3_LEAD_14_PLUS__Q3_LEAD_8+,20,17,0.85,-566.6666666666666,20,1.0,15.0,0.9644894003868103,SAMPLE_TOO_SMALL
P1_WIN_AFTER_Q1_WIN__P2_NOT_WIN_AFTER_Q2_WIN__P3_WIN_AFTER_Q3_WIN__Q1_LEAD_4_7__Q2_LEAD_4_7__Q3_LEAD_8_13__Q3_LEAD_8+,18,11,0.6111111111111112,-157.14285714285717,16,0.8888888888888888,3.9444444444444446,0.8772497177124023,SAMPLE_TOO_SMALL
P1_WIN_AFTER_Q1_WIN__P2_NOT_WIN_AFTER_Q2_WIN__P3_NOT_WIN_AFTER_Q3_WIN__Q1_LEAD_4_7__Q2_LEAD_4_7__Q3_LEAD_4_7__Q3_LEAD_4-7,17,12,0.7058823529411765,-240.00000000000006,14,0.8235294117647058,3.823529411764706,0.7012962102890015,SAMPLE_TOO_SMALL
P1_WIN_AFTER_Q1_WIN__P2_WIN_AFTER_Q2_WIN__P3_NOT_WIN_AFTER_Q3_WIN__Q1_LEAD_4_7__Q2_LEAD_8_13__Q3_LEAD_1_3__Q3_LEAD_1-3,17,8,0.47058823529411764,112.50000000000001,13,0.7647058823529411,-0.5294117647058824,0.6305723786354065,SAMPLE_TOO_SMALL
P1_WIN_AFTER_Q1_WIN__P2_NOT_WIN_AFTER_Q2_WIN__P3_WIN_AFTER_Q3_WIN__Q1_LEAD_4_7__Q2_LEAD_4_7__Q3_LEAD_14_PLUS__Q3_LEAD_8+,15,12,0.8,-400.0000000000001,12,0.8,8.2,0.9619596004486084,SAMPLE_TOO_SMALL
P1_NOT_WIN_AFTER_Q1_NOT_WIN__P2_WIN_AFTER_Q2_WIN__P3_NOT_WIN_AFTER_Q3_WIN__Q1_TRAIL_4_7__Q2_LEAD_1_3__Q3_LEAD_1_3__Q3_LEAD_1-3,14,8,0.5714285714285714,-133.33333333333331,10,0.7142857142857143,1.8571428571428572,0.6024754345417023,SAMPLE_TOO_SMALL
P1_WIN_AFTER_Q1_WIN__P2_WIN_AFTER_Q2_WIN__P3_NOT_WIN_AFTER_Q3_WIN__Q1_LEAD_14_PLUS__Q2_LEAD_14_PLUS__Q3_LEAD_14_PLUS__Q3_LEAD_8+,13,12,0.9230769230769231,-1200.0000000000007,13,1.0,17.53846153846154,0.9857006072998047,SAMPLE_TOO_SMALL
P1_WIN_AFTER_Q1_WIN__P2_WIN_AFTER_Q2_WIN__P3_NOT_WIN_AFTER_Q3_WIN__Q1_LEAD_4_7__Q2_LEAD_8_13__Q3_LEAD_4_7__Q3_LEAD_4-7,13,11,0.8461538461538461,-550.0,12,0.9230769230769231,6.923076923076923,0.7831257581710815,SAMPLE_TOO_SMALL
P1_WIN_AFTER_Q1_WIN__P2_NOT_WIN_AFTER_Q2_WIN__P3_NOT_WIN_AFTER_Q3_WIN__Q1_LEAD_4_7__Q2_LEAD_4_7__Q3_LEAD_1_3__Q3_LEAD_1-3,13,8,0.6153846153846154,-160.00000000000003,9,0.6923076923076923,0.6923076923076923,0.5838826894760132,SAMPLE_TOO_SMALL
P1_WIN_AFTER_Q1_WIN__P2_WIN_AFTER_Q2_WIN__P3_WIN_AFTER_Q3_WIN__Q1_LEAD_14_PLUS__Q2_LEAD_14_PLUS__Q3_LEAD_14_PLUS__Q3_LEAD_8+,12,12,1.0,,12,1.0,21.25,0.9993263185024261,SAMPLE_TOO_SMALL
P1_NOT_WIN_AFTER_Q1_NOT_WIN__P2_NOT_WIN_AFTER_Q2_NOT_WIN__P3_WIN_AFTER_Q3_WIN__Q1_TIE__Q2_TRAIL_1_3__Q3_LEAD_4_7__Q3_LEAD_4-7,12,9,0.75,-300.0,10,0.8333333333333334,4.166666666666667,0.6721238195896149,SAMPLE_TOO_SMALL
P1_WIN_AFTER_Q1_WIN__P2_WIN_AFTER_Q2_WIN__P3_NOT_WIN_AFTER_Q3_WIN__Q1_LEAD_1_3__Q2_LEAD_8_13__Q3_LEAD_4_7__Q3_LEAD_4-7,12,8,0.6666666666666666,-199.99999999999994,9,0.75,1.5,0.7863503992557526,SAMPLE_TOO_SMALL
P1_NOT_WIN_AFTER_Q1_NOT_WIN__P2_WIN_AFTER_Q2_WIN__P3_NOT_WIN_AFTER_Q3_WIN__Q1_TIE__Q2_LEAD_1_3__Q3_LEAD_1_3__Q3_LEAD_1-3,12,6,0.5,-100.0,9,0.75,0.0,0.523097425699234,SAMPLE_TOO_SMALL
P1_WIN_AFTER_Q1_WIN__P2_WIN_AFTER_Q2_WIN__P3_WIN_AFTER_Q3_WIN__Q1_LEAD_8_13__Q2_LEAD_14_PLUS__Q3_LEAD_14_PLUS__Q3_LEAD_8+,11,11,1.0,,11,1.0,25.09090909090909,0.9991002082824707,SAMPLE_TOO_SMALL
P1_NOT_WIN_AFTER_Q1_NOT_WIN__P2_WIN_AFTER_Q2_WIN__P3_NOT_WIN_AFTER_Q3_WIN__Q1_TIE__Q2_LEAD_4_7__Q3_LEAD_1_3__Q3_LEAD_1-3,11,4,0.36363636363636365,175.0,8,0.7272727272727273,-1.6363636363636365,0.5697317123413086,SAMPLE_TOO_SMALL
P1_WIN_AFTER_Q1_WIN__P2_WIN_AFTER_Q2_WIN__P3_NOT_WIN_AFTER_Q3_WIN__Q1_LEAD_4_7__Q2_LEAD_14_PLUS__Q3_LEAD_8_13__Q3_LEAD_8+,10,10,1.0,,10,1.0,6.4,0.9108580052852631,SAMPLE_TOO_SMALL
P1_NOT_WIN_AFTER_Q1_NOT_WIN__P2_WIN_AFTER_Q2_WIN__P3_WIN_AFTER_Q3_WIN__Q1_TIE__Q2_LEAD_4_7__Q3_LEAD_14_PLUS__Q3_LEAD_8+,10,9,0.9,-900.0000000000002,9,0.9,12.5,0.9581989049911499,SAMPLE_TOO_SMALL
P1_NOT_WIN_AFTER_Q1_NOT_WIN__P2_WIN_AFTER_Q2_WIN__P3_NOT_WIN_AFTER_Q3_WIN__Q1_TIE__Q2_LEAD_8_13__Q3_LEAD_4_7__Q3_LEAD_4-7,10,7,0.7,-233.3333333333333,9,0.9,3.0,0.7787161469459534,SAMPLE_TOO_SMALL
P1_NOT_WIN_AFTER_Q1_NOT_WIN__P2_WIN_AFTER_Q2_WIN__P3_WIN_AFTER_Q3_WIN__Q1_TIE__Q2_LEAD_8_13__Q3_LEAD_14_PLUS__Q3_LEAD_8+,9,9,1.0,,9,1.0,17.77777777777778,0.98032546043396,SAMPLE_TOO_SMALL
P1_NOT_WIN_AFTER_Q1_NOT_WIN__P2_WIN_AFTER_Q2_WIN__P3_WIN_AFTER_Q3_WIN__Q1_TIE__Q2_LEAD_14_PLUS__Q3_LEAD_14_PLUS__Q3_LEAD_8+,9,8,0.8888888888888888,-799.9999999999997,8,0.8888888888888888,18.11111111111111,0.9899119734764099,SAMPLE_TOO_SMALL
P1_NOT_WIN_AFTER_Q1_NOT_WIN__P2_WIN_AFTER_Q2_NOT_WIN__P3_WIN_AFTER_Q3_WIN__Q1_TRAIL_4_7__Q2_TIE__Q3_LEAD_4_7__Q3_LEAD_4-7,9,7,0.7777777777777778,-350.00000000000006,7,0.7777777777777778,5.777777777777778,0.7478041052818298,SAMPLE_TOO_SMALL
P1_NOT_WIN_AFTER_Q1_NOT_WIN__P2_WIN_AFTER_Q2_WIN__P3_NOT_WIN_AFTER_Q3_WIN__Q1_TRAIL_4_7__Q2_LEAD_8_13__Q3_LEAD_8_13__Q3_LEAD_8+,9,7,0.7777777777777778,-350.00000000000006,8,0.8888888888888888,4.666666666666667,0.8525794148445129,SAMPLE_TOO_SMALL
P1_WIN_AFTER_Q1_WIN__P2_NOT_WIN_AFTER_Q2_WIN__P3_WIN_AFTER_Q3_WIN__Q1_LEAD_1_3__Q2_LEAD_1_3__Q3_LEAD_8_13__Q3_LEAD_8+,9,7,0.7777777777777778,-350.00000000000006,9,1.0,10.222222222222221,0.8131420612335205,SAMPLE_TOO_SMALL
P1_WIN_AFTER_Q1_WIN__P2_NOT_WIN_AFTER_Q2_WIN__P3_NOT_WIN_AFTER_Q3_WIN__Q1_LEAD_4_7__Q2_LEAD_1_3__Q3_LEAD_1_3__Q3_LEAD_1-3,9,6,0.6666666666666666,-199.99999999999994,7,0.7777777777777778,0.1111111111111111,0.5952500104904175,SAMPLE_TOO_SMALL
P1_WIN_AFTER_Q1_WIN__P2_WIN_AFTER_Q2_WIN__P3_NOT_WIN_AFTER_Q3_WIN__Q1_LEAD_1_3__Q2_LEAD_4_7__Q3_LEAD_4_7__Q3_LEAD_4-7,9,5,0.5555555555555556,-125.00000000000001,8,0.8888888888888888,0.8888888888888888,0.6727935671806335,SAMPLE_TOO_SMALL
P1_NOT_WIN_AFTER_Q1_NOT_WIN__P2_WIN_AFTER_Q2_WIN__P3_WIN_AFTER_Q3_WIN__Q1_TIE__Q2_LEAD_4_7__Q3_LEAD_8_13__Q3_LEAD_8+,9,4,0.4444444444444444,125.00000000000001,7,0.7777777777777778,3.888888888888889,0.8424143195152283,SAMPLE_TOO_SMALL
P1_WIN_AFTER_Q1_WIN__P2_NOT_WIN_AFTER_Q2_WIN__P3_NOT_WIN_AFTER_Q3_WIN__Q1_LEAD_1_3__Q2_LEAD_1_3__Q3_LEAD_1_3__Q3_LEAD_1-3,9,4,0.4444444444444444,125.00000000000001,7,0.7777777777777778,1.6666666666666667,0.6213645339012146,SAMPLE_TOO_SMALL
P1_NOT_WIN_AFTER_Q1_NOT_WIN__P2_WIN_AFTER_Q2_WIN__P3_WIN_AFTER_Q3_WIN__Q1_TRAIL_4_7__Q2_LEAD_1_3__Q3_LEAD_4_7__Q3_LEAD_4-7,9,1,0.1111111111111111,800.0,7,0.7777777777777778,-2.888888888888889,0.7180553674697876,SAMPLE_TOO_SMALL
P1_NOT_WIN_AFTER_Q1_NOT_WIN__P2_WIN_AFTER_Q2_WIN__P3_WIN_AFTER_Q3_WIN__Q1_TRAIL_4_7__Q2_LEAD_4_7__Q3_LEAD_8_13__Q3_LEAD_8+,8,7,0.875,-700.0,8,1.0,8.625,0.8428682684898376,SAMPLE_TOO_SMALL
P1_WIN_AFTER_Q1_WIN__P2_WIN_AFTER_Q2_WIN__P3_NOT_WIN_AFTER_Q3_WIN__Q1_LEAD_1_3__Q2_LEAD_8_13__Q3_LEAD_8_13__Q3_LEAD_8+,8,7,0.875,-700.0,8,1.0,8.5,0.8471501767635345,SAMPLE_TOO_SMALL
P1_WIN_AFTER_Q1_WIN__P2_WIN_AFTER_Q2_WIN__P3_WIN_AFTER_Q3_WIN__Q1_LEAD_1_3__Q2_LEAD_4_7__Q3_LEAD_8_13__Q3_LEAD_8+,8,7,0.875,-700.0,8,1.0,8.75,0.8695265352725983,SAMPLE_TOO_SMALL
P1_NOT_WIN_AFTER_Q1_NOT_WIN__P2_WIN_AFTER_Q2_WIN__P3_WIN_AFTER_Q3_WIN__Q1_TIE__Q2_LEAD_1_3__Q3_LEAD_4_7__Q3_LEAD_4-7,8,6,0.75,-300.0,7,0.875,3.875,0.8123394250869751,SAMPLE_TOO_SMALL
P1_WIN_AFTER_Q1_WIN__P2_NOT_WIN_AFTER_Q2_WIN__P3_NOT_WIN_AFTER_Q3_WIN__Q1_LEAD_8_13__Q2_LEAD_4_7__Q3_LEAD_4_7__Q3_LEAD_4-7,8,6,0.75,-300.0,7,0.875,6.625,0.7889439463615417,SAMPLE_TOO_SMALL
P1_WIN_AFTER_Q1_WIN__P2_NOT_WIN_AFTER_Q2_WIN__P3_WIN_AFTER_Q3_WIN__Q1_LEAD_4_7__Q2_LEAD_1_3__Q3_LEAD_4_7__Q3_LEAD_4-7,8,6,0.75,-300.0,7,0.875,2.875,0.6949701011180878,SAMPLE_TOO_SMALL
P1_NOT_WIN_AFTER_Q1_NOT_WIN__P2_WIN_AFTER_Q2_NOT_WIN__P3_WIN_AFTER_Q3_WIN__Q1_TRAIL_4_7__Q2_TRAIL_1_3__Q3_LEAD_1_3__Q3_LEAD_1-3,8,5,0.625,-166.66666666666666,7,0.875,-0.375,0.5254910588264465,SAMPLE_TOO_SMALL
P1_NOT_WIN_AFTER_Q1_NOT_WIN__P2_WIN_AFTER_Q2_WIN__P3_WIN_AFTER_Q3_WIN__Q1_TIE__Q2_LEAD_8_13__Q3_LEAD_8_13__Q3_LEAD_8+,8,5,0.625,-166.66666666666666,7,0.875,8.5,0.8958788812160492,SAMPLE_TOO_SMALL
P1_WIN_AFTER_Q1_WIN__P2_WIN_AFTER_Q2_WIN__P3_NOT_WIN_AFTER_Q3_WIN__Q1_LEAD_1_3__Q2_LEAD_4_7__Q3_LEAD_1_3__Q3_LEAD_1-3,8,5,0.625,-166.66666666666666,6,0.75,2.125,0.533175140619278,SAMPLE_TOO_SMALL
P1_NOT_WIN_AFTER_Q1_NOT_WIN__P2_NOT_WIN_AFTER_Q2_NOT_WIN__P3_WIN_AFTER_Q3_WIN__Q1_TIE__Q2_TIE__Q3_LEAD_4_7__Q3_LEAD_4-7,8,4,0.5,-100.0,6,0.75,2.125,0.7335285544395447,SAMPLE_TOO_SMALL
P1_WIN_AFTER_Q1_WIN__P2_WIN_AFTER_Q2_WIN__P3_WIN_AFTER_Q3_WIN__Q1_LEAD_1_3__Q2_LEAD_8_13__Q3_LEAD_14_PLUS__Q3_LEAD_8+,7,7,1.0,,7,1.0,13.142857142857142,0.9734948873519897,SAMPLE_TOO_SMALL
P1_WIN_AFTER_Q1_WIN__P2_WIN_AFTER_Q2_WIN__P3_WIN_AFTER_Q3_WIN__Q1_LEAD_4_7__Q2_LEAD_8_13__Q3_LEAD_8_13__Q3_LEAD_8+,7,7,1.0,,7,1.0,6.714285714285714,0.8487237691879272,SAMPLE_TOO_SMALL
P1_NOT_WIN_AFTER_Q1_NOT_WIN__P2_NOT_WIN_AFTER_Q2_NOT_WIN__P3_WIN_AFTER_Q3_WIN__Q1_TIE__Q2_TIE__Q3_LEAD_8_13__Q3_LEAD_8+,7,6,0.8571428571428571,-599.9999999999998,6,0.8571428571428571,7.571428571428571,0.8560080528259277,SAMPLE_TOO_SMALL
P1_WIN_AFTER_Q1_WIN__P2_NOT_WIN_AFTER_Q2_WIN__P3_WIN_AFTER_Q3_WIN__Q1_LEAD_8_13__Q2_LEAD_4_7__Q3_LEAD_8_13__Q3_LEAD_8+,7,6,0.8571428571428571,-599.9999999999998,6,0.8571428571428571,7.857142857142857,0.831706702709198,SAMPLE_TOO_SMALL
P1_NOT_WIN_AFTER_Q1_NOT_WIN__P2_NOT_WIN_AFTER_Q2_NOT_WIN__P3_WIN_AFTER_Q3_WIN__Q1_TIE__Q2_TIE__Q3_LEAD_1_3__Q3_LEAD_1-3,7,5,0.7142857142857143,-250.00000000000003,7,1.0,1.7142857142857142,0.600955069065094,SAMPLE_TOO_SMALL
P1_NOT_WIN_AFTER_Q1_NOT_WIN__P2_WIN_AFTER_Q2_WIN__P3_WIN_AFTER_Q3_WIN__Q1_TRAIL_1_3__Q2_LEAD_4_7__Q3_LEAD_8_13__Q3_LEAD_8+,7,5,0.7142857142857143,-250.00000000000003,7,1.0,8.428571428571429,0.8215638995170593,SAMPLE_TOO_SMALL
P1_WIN_AFTER_Q1_WIN__P2_WIN_AFTER_Q2_WIN__P3_NOT_WIN_AFTER_Q3_WIN__Q1_LEAD_8_13__Q2_LEAD_14_PLUS__Q3_LEAD_8_13__Q3_LEAD_8+,7,5,0.7142857142857143,-250.00000000000003,7,1.0,8.0,0.8866319060325623,SAMPLE_TOO_SMALL
P1_NOT_WIN_AFTER_Q1_NOT_WIN__P2_WIN_AFTER_Q2_NOT_WIN__P3_WIN_AFTER_Q3_WIN__Q1_TRAIL_4_7__Q2_TRAIL_1_3__Q3_LEAD_4_7__Q3_LEAD_4-7,7,4,0.5714285714285714,-133.33333333333331,7,1.0,0.7142857142857143,0.7069886922836304,SAMPLE_TOO_SMALL
P1_NOT_WIN_AFTER_Q1_NOT_WIN__P2_WIN_AFTER_Q2_WIN__P3_NOT_WIN_AFTER_Q3_WIN__Q1_TRAIL_1_3__Q2_LEAD_1_3__Q3_LEAD_1_3__Q3_LEAD_1-3,7,4,0.5714285714285714,-133.33333333333331,6,0.8571428571428571,1.7142857142857142,0.7021427154541016,SAMPLE_TOO_SMALL
P1_WIN_AFTER_Q1_WIN__P2_WIN_AFTER_Q2_WIN__P3_NOT_WIN_AFTER_Q3_WIN__Q1_LEAD_1_3__Q2_LEAD_14_PLUS__Q3_LEAD_14_PLUS__Q3_LEAD_8+,6,6,1.0,,6,1.0,13.166666666666666,0.9586778283119202,SAMPLE_TOO_SMALL
P1_WIN_AFTER_Q1_WIN__P2_WIN_AFTER_Q2_WIN__P3_WIN_AFTER_Q3_WIN__Q1_LEAD_1_3__Q2_LEAD_14_PLUS__Q3_LEAD_14_PLUS__Q3_LEAD_8+,6,6,1.0,,6,1.0,19.666666666666668,0.9835368394851685,SAMPLE_TOO_SMALL
P1_NOT_WIN_AFTER_Q1_NOT_WIN__P2_WIN_AFTER_Q2_WIN__P3_NOT_WIN_AFTER_Q3_WIN__Q1_TIE__Q2_LEAD_14_PLUS__Q3_LEAD_14_PLUS__Q3_LEAD_8+,6,5,0.8333333333333334,-500.00000000000017,5,0.8333333333333334,6.5,0.9776974618434906,SAMPLE_TOO_SMALL
P1_NOT_WIN_AFTER_Q1_NOT_WIN__P2_WIN_AFTER_Q2_WIN__P3_NOT_WIN_AFTER_Q3_WIN__Q1_TRAIL_1_3__Q2_LEAD_8_13__Q3_LEAD_8_13__Q3_LEAD_8+,6,5,0.8333333333333334,-500.00000000000017,5,0.8333333333333334,10.0,0.8544183969497681,SAMPLE_TOO_SMALL
P1_NOT_WIN_AFTER_Q1_NOT_WIN__P2_WIN_AFTER_Q2_WIN__P3_NOT_WIN_AFTER_Q3_WIN__Q1_TRAIL_1_3__Q2_LEAD_4_7__Q3_LEAD_4_7__Q3_LEAD_4-7,6,4,0.6666666666666666,-199.99999999999994,5,0.8333333333333334,0.3333333333333333,0.6767976582050323,SAMPLE_TOO_SMALL
P1_NOT_WIN_AFTER_Q1_NOT_WIN__P2_NOT_WIN_AFTER_Q2_NOT_WIN__P3_WIN_AFTER_Q3_WIN__Q1_TIE__Q2_TRAIL_1_3__Q3_LEAD_1_3__Q3_LEAD_1-3,6,3,0.5,-100.0,5,0.8333333333333334,2.0,0.632853776216507,SAMPLE_TOO_SMALL
P1_WIN_AFTER_Q1_WIN__P2_NOT_WIN_AFTER_Q2_NOT_WIN__P3_WIN_AFTER_Q3_WIN__Q1_LEAD_1_3__Q2_TRAIL_4_7__Q3_LEAD_1_3__Q3_LEAD_1-3,6,3,0.5,-100.0,5,0.8333333333333334,-0.8333333333333334,0.5670788884162903,SAMPLE_TOO_SMALL
P1_WIN_AFTER_Q1_WIN__P2_WIN_AFTER_Q2_WIN__P3_NOT_WIN_AFTER_Q3_WIN__Q1_LEAD_4_7__Q2_LEAD_14_PLUS__Q3_LEAD_4_7__Q3_LEAD_4-7,6,3,0.5,-100.0,5,0.8333333333333334,0.0,0.7515257298946381,SAMPLE_TOO_SMALL
P1_NOT_WIN_AFTER_Q1_NOT_WIN__P2_WIN_AFTER_Q2_WIN__P3_NOT_WIN_AFTER_Q3_WIN__Q1_TIE__Q2_LEAD_8_13__Q3_LEAD_8_13__Q3_LEAD_8+,5,5,1.0,,5,1.0,13.8,0.8922256231307983,SAMPLE_TOO_SMALL
P1_NOT_WIN_AFTER_Q1_NOT_WIN__P2_WIN_AFTER_Q2_WIN__P3_WIN_AFTER_Q3_WIN__Q1_TIE__Q2_LEAD_4_7__Q3_LEAD_4_7__Q3_LEAD_4-7,5,5,1.0,,5,1.0,9.8,0.7683393359184265,SAMPLE_TOO_SMALL
P1_NOT_WIN_AFTER_Q1_NOT_WIN__P2_WIN_AFTER_Q2_WIN__P3_WIN_AFTER_Q3_WIN__Q1_TRAIL_4_7__Q2_LEAD_4_7__Q3_LEAD_14_PLUS__Q3_LEAD_8+,5,5,1.0,,5,1.0,11.6,0.9457681179046631,SAMPLE_TOO_SMALL
P1_NOT_WIN_AFTER_Q1_NOT_WIN__P2_WIN_AFTER_Q2_WIN__P3_WIN_AFTER_Q3_WIN__Q1_TRAIL_4_7__Q2_LEAD_8_13__Q3_LEAD_14_PLUS__Q3_LEAD_8+,5,5,1.0,,5,1.0,13.2,0.9740160703659058,SAMPLE_TOO_SMALL
P1_WIN_AFTER_Q1_WIN__P2_NOT_WIN_AFTER_Q2_WIN__P3_WIN_AFTER_Q3_WIN__Q1_LEAD_8_13__Q2_LEAD_8_13__Q3_LEAD_14_PLUS__Q3_LEAD_8+,5,5,1.0,,5,1.0,13.2,0.9568254351615906,SAMPLE_TOO_SMALL
P1_NOT_WIN_AFTER_Q1_NOT_WIN__P2_NOT_WIN_AFTER_Q2_NOT_WIN__P3_WIN_AFTER_Q3_WIN__Q1_TRAIL_4_7__Q2_TRAIL_4_7__Q3_LEAD_4_7__Q3_LEAD_4-7,5,4,0.8,-400.0000000000001,4,0.8,2.4,0.7528306841850281,SAMPLE_TOO_SMALL
P1_NOT_WIN_AFTER_Q1_NOT_WIN__P2_WIN_AFTER_Q2_WIN__P3_NOT_WIN_AFTER_Q3_WIN__Q1_TIE__Q2_LEAD_8_13__Q3_LEAD_1_3__Q3_LEAD_1-3,5,4,0.8,-400.0000000000001,4,0.8,5.8,0.7069588303565979,SAMPLE_TOO_SMALL
P1_WIN_AFTER_Q1_WIN__P2_NOT_WIN_AFTER_Q2_WIN__P3_NOT_WIN_AFTER_Q3_WIN__Q1_LEAD_8_13__Q2_LEAD_1_3__Q3_LEAD_1_3__Q3_LEAD_1-3,5,4,0.8,-400.0000000000001,5,1.0,1.8,0.6964224576950073,SAMPLE_TOO_SMALL
P1_WIN_AFTER_Q1_WIN__P2_NOT_WIN_AFTER_Q2_WIN__P3_WIN_AFTER_Q3_WIN__Q1_LEAD_4_7__Q2_LEAD_4_7__Q3_LEAD_4_7__Q3_LEAD_4-7,5,4,0.8,-400.0000000000001,5,1.0,7.6,0.8460707068443298,SAMPLE_TOO_SMALL
P1_WIN_AFTER_Q1_WIN__P2_WIN_AFTER_Q2_WIN__P3_NOT_WIN_AFTER_Q3_WIN__Q1_LEAD_8_13__Q2_LEAD_14_PLUS__Q3_LEAD_14_PLUS__Q3_LEAD_8+,5,4,0.8,-400.0000000000001,5,1.0,11.2,0.9703873991966248,SAMPLE_TOO_SMALL
P1_NOT_WIN_AFTER_Q1_NOT_WIN__P2_NOT_WIN_AFTER_Q2_NOT_WIN__P3_WIN_AFTER_Q3_WIN__Q1_TRAIL_4_7__Q2_TRAIL_4_7__Q3_LEAD_1_3__Q3_LEAD_1-3,5,3,0.6,-150.0,4,0.8,0.6,0.6845788955688477,SAMPLE_TOO_SMALL
P1_NOT_WIN_AFTER_Q1_NOT_WIN__P2_WIN_AFTER_Q2_WIN__P3_NOT_WIN_AFTER_Q3_WIN__Q1_TIE__Q2_LEAD_14_PLUS__Q3_LEAD_4_7__Q3_LEAD_4-7,5,3,0.6,-150.0,5,1.0,2.2,0.7431592345237732,SAMPLE_TOO_SMALL
P1_WIN_AFTER_Q1_WIN__P2_NOT_WIN_AFTER_Q2_WIN__P3_NOT_WIN_AFTER_Q3_WIN__Q1_LEAD_14_PLUS__Q2_LEAD_14_PLUS__Q3_LEAD_4_7__Q3_LEAD_4-7,5,3,0.6,-150.0,4,0.8,3.0,0.8536568284034729,SAMPLE_TOO_SMALL
P1_WIN_AFTER_Q1_WIN__P2_NOT_WIN_AFTER_Q2_WIN__P3_WIN_AFTER_Q3_WIN__Q1_LEAD_1_3__Q2_LEAD_1_3__Q3_LEAD_4_7__Q3_LEAD_4-7,5,3,0.6,-150.0,5,1.0,2.8,0.7257730960845947,SAMPLE_TOO_SMALL
P1_WIN_AFTER_Q1_WIN__P2_WIN_AFTER_Q2_WIN__P3_NOT_WIN_AFTER_Q3_WIN__Q1_LEAD_4_7__Q2_LEAD_4_7__Q3_LEAD_4_7__Q3_LEAD_4-7,5,3,0.6,-150.0,5,1.0,3.0,0.7346483469009399,SAMPLE_TOO_SMALL
P1_NOT_WIN_AFTER_Q1_NOT_WIN__P2_WIN_AFTER_Q2_WIN__P3_NOT_WIN_AFTER_Q3_WIN__Q1_TRAIL_4_7__Q2_LEAD_4_7__Q3_LEAD_4_7__Q3_LEAD_4-7,5,2,0.4,150.0,3,0.6,0.8,0.7328438758850098,SAMPLE_TOO_SMALL
P1_WIN_AFTER_Q1_WIN__P2_NOT_WIN_AFTER_Q2_NOT_WIN__P3_WIN_AFTER_Q3_WIN__Q1_LEAD_1_3__Q2_TIE__Q3_LEAD_1_3__Q3_LEAD_1-3,5,2,0.4,150.0,3,0.6,-1.8,0.6048629283905029,SAMPLE_TOO_SMALL
P1_WIN_AFTER_Q1_WIN__P2_NOT_WIN_AFTER_Q2_NOT_WIN__P3_WIN_AFTER_Q3_WIN__Q1_LEAD_1_3__Q2_TIE__Q3_LEAD_4_7__Q3_LEAD_4-7,5,2,0.4,150.0,2,0.4,-1.2,0.7412035465240479,SAMPLE_TOO_SMALL
P1_WIN_AFTER_Q1_WIN__P2_NOT_WIN_AFTER_Q2_WIN__P3_NOT_WIN_AFTER_Q3_WIN__Q1_LEAD_14_PLUS__Q2_LEAD_8_13__Q3_LEAD_1_3__Q3_LEAD_1-3,5,2,0.4,150.0,4,0.8,2.4,0.6249638795852661,SAMPLE_TOO_SMALL
P1_WIN_AFTER_Q1_WIN__P2_WIN_AFTER_Q2_WIN__P3_NOT_WIN_AFTER_Q3_WIN__Q1_LEAD_4_7__Q2_LEAD_4_7__Q3_LEAD_1_3__Q3_LEAD_1-3,5,2,0.4,150.0,5,1.0,2.2,0.6947717070579529,SAMPLE_TOO_SMALL
P1_NOT_WIN_AFTER_Q1_NOT_WIN__P2_WIN_AFTER_Q2_WIN__P3_NOT_WIN_AFTER_Q3_WIN__Q1_TIE__Q2_LEAD_14_PLUS__Q3_LEAD_8_13__Q3_LEAD_8+,4,4,1.0,,4,1.0,13.5,0.9174001216888428,SAMPLE_TOO_SMALL
P1_NOT_WIN_AFTER_Q1_NOT_WIN__P2_WIN_AFTER_Q2_WIN__P3_NOT_WIN_AFTER_Q3_WIN__Q1_TRAIL_1_3__Q2_LEAD_14_PLUS__Q3_LEAD_14_PLUS__Q3_LEAD_8+,4,4,1.0,,4,1.0,12.0,0.9565088450908661,SAMPLE_TOO_SMALL
P1_NOT_WIN_AFTER_Q1_NOT_WIN__P2_WIN_AFTER_Q2_WIN__P3_NOT_WIN_AFTER_Q3_WIN__Q1_TRAIL_1_3__Q2_LEAD_8_13__Q3_LEAD_1_3__Q3_LEAD_1-3,4,4,1.0,,4,1.0,5.5,0.6263546645641327,SAMPLE_TOO_SMALL
P1_NOT_WIN_AFTER_Q1_NOT_WIN__P2_WIN_AFTER_Q2_WIN__P3_WIN_AFTER_Q3_WIN__Q1_TRAIL_1_3__Q2_LEAD_4_7__Q3_LEAD_4_7__Q3_LEAD_4-7,4,4,1.0,,4,1.0,8.5,0.7871146500110626,SAMPLE_TOO_SMALL
P1_WIN_AFTER_Q1_WIN__P2_NOT_WIN_AFTER_Q2_WIN__P3_NOT_WIN_AFTER_Q3_WIN__Q1_LEAD_14_PLUS__Q2_LEAD_14_PLUS__Q3_LEAD_14_PLUS__Q3_LEAD_8+,4,4,1.0,,4,1.0,15.5,0.9661551713943481,SAMPLE_TOO_SMALL
P1_WIN_AFTER_Q1_WIN__P2_NOT_WIN_AFTER_Q2_WIN__P3_NOT_WIN_AFTER_Q3_WIN__Q1_LEAD_14_PLUS__Q2_LEAD_8_13__Q3_LEAD_8_13__Q3_LEAD_8+,4,4,1.0,,4,1.0,12.0,0.9087704718112946,SAMPLE_TOO_SMALL
P1_WIN_AFTER_Q1_WIN__P2_NOT_WIN_AFTER_Q2_WIN__P3_WIN_AFTER_Q3_WIN__Q1_LEAD_14_PLUS__Q2_LEAD_14_PLUS__Q3_LEAD_14_PLUS__Q3_LEAD_8+,4,4,1.0,,4,1.0,19.0,0.9815444946289062,SAMPLE_TOO_SMALL
P1_WIN_AFTER_Q1_WIN__P2_NOT_WIN_AFTER_Q2_WIN__P3_WIN_AFTER_Q3_WIN__Q1_LEAD_14_PLUS__Q2_LEAD_4_7__Q3_LEAD_14_PLUS__Q3_LEAD_8+,4,4,1.0,,4,1.0,11.25,0.9704342484474182,SAMPLE_TOO_SMALL
P1_WIN_AFTER_Q1_WIN__P2_NOT_WIN_AFTER_Q2_WIN__P3_WIN_AFTER_Q3_WIN__Q1_LEAD_1_3__Q2_LEAD_1_3__Q3_LEAD_14_PLUS__Q3_LEAD_8+,4,4,1.0,,4,1.0,9.0,0.9310956597328186,SAMPLE_TOO_SMALL
P1_WIN_AFTER_Q1_WIN__P2_NOT_WIN_AFTER_Q2_WIN__P3_WIN_AFTER_Q3_WIN__Q1_LEAD_4_7__Q2_LEAD_1_3__Q3_LEAD_14_PLUS__Q3_LEAD_8+,4,4,1.0,,4,1.0,10.75,0.9603770673274994,SAMPLE_TOO_SMALL
P1_WIN_AFTER_Q1_WIN__P2_WIN_AFTER_Q2_WIN__P3_NOT_WIN_AFTER_Q3_WIN__Q1_LEAD_1_3__Q2_LEAD_8_13__Q3_LEAD_1_3__Q3_LEAD_1-3,4,4,1.0,,4,1.0,6.25,0.65947625041008,SAMPLE_TOO_SMALL
P1_WIN_AFTER_Q1_WIN__P2_WIN_AFTER_Q2_WIN__P3_WIN_AFTER_Q3_WIN__Q1_LEAD_1_3__Q2_LEAD_4_7__Q3_LEAD_4_7__Q3_LEAD_4-7,4,4,1.0,,4,1.0,4.5,0.7048688530921936,SAMPLE_TOO_SMALL
P1_WIN_AFTER_Q1_WIN__P2_WIN_AFTER_Q2_WIN__P3_WIN_AFTER_Q3_WIN__Q1_LEAD_4_7__Q2_LEAD_4_7__Q3_LEAD_14_PLUS__Q3_LEAD_8+,4,4,1.0,,4,1.0,12.25,0.9797031283378601,SAMPLE_TOO_SMALL
P1_NOT_WIN_AFTER_Q1_NOT_WIN__P2_NOT_WIN_AFTER_Q2_NOT_WIN__P3_WIN_AFTER_Q3_WIN__Q1_TIE__Q2_TRAIL_4_7__Q3_LEAD_4_7__Q3_LEAD_4-7,4,3,0.75,-300.0,4,1.0,4.0,0.7331750690937042,SAMPLE_TOO_SMALL
P1_NOT_WIN_AFTER_Q1_NOT_WIN__P2_WIN_AFTER_Q2_NOT_WIN__P3_WIN_AFTER_Q3_WIN__Q1_TRAIL_8_13__Q2_TRAIL_1_3__Q3_LEAD_4_7__Q3_LEAD_4-7,4,3,0.75,-300.0,3,0.75,3.75,0.723421573638916,SAMPLE_TOO_SMALL
P1_NOT_WIN_AFTER_Q1_NOT_WIN__P2_WIN_AFTER_Q2_WIN__P3_NOT_WIN_AFTER_Q3_WIN__Q1_TRAIL_1_3__Q2_LEAD_4_7__Q3_LEAD_1_3__Q3_LEAD_1-3,4,3,0.75,-300.0,4,1.0,2.5,0.6427063643932343,SAMPLE_TOO_SMALL
P1_NOT_WIN_AFTER_Q1_NOT_WIN__P2_WIN_AFTER_Q2_WIN__P3_WIN_AFTER_Q3_WIN__Q1_TIE__Q2_LEAD_1_3__Q3_LEAD_8_13__Q3_LEAD_8+,4,3,0.75,-300.0,4,1.0,3.75,0.8514675199985504,SAMPLE_TOO_SMALL
P1_WIN_AFTER_Q1_WIN__P2_NOT_WIN_AFTER_Q2_NOT_WIN__P3_WIN_AFTER_Q3_WIN__Q1_LEAD_4_7__Q2_TIE__Q3_LEAD_1_3__Q3_LEAD_1-3,4,3,0.75,-300.0,3,0.75,2.25,0.6552774310112,SAMPLE_TOO_SMALL
P1_WIN_AFTER_Q1_WIN__P2_NOT_WIN_AFTER_Q2_WIN__P3_NOT_WIN_AFTER_Q3_WIN__Q1_LEAD_8_13__Q2_LEAD_8_13__Q3_LEAD_8_13__Q3_LEAD_8+,4,3,0.75,-300.0,4,1.0,4.5,0.8370601832866669,SAMPLE_TOO_SMALL
P1_NOT_WIN_AFTER_Q1_NOT_WIN__P2_WIN_AFTER_Q2_WIN__P3_WIN_AFTER_Q3_WIN__Q1_TRAIL_1_3__Q2_LEAD_1_3__Q3_LEAD_8_13__Q3_LEAD_8+,4,2,0.5,-100.0,4,1.0,10.25,0.8871966302394867,SAMPLE_TOO_SMALL
P1_NOT_WIN_AFTER_Q1_NOT_WIN__P2_NOT_WIN_AFTER_Q2_NOT_WIN__P3_WIN_AFTER_Q3_WIN__Q1_TRAIL_1_3__Q2_TRAIL_1_3__Q3_LEAD_4_7__Q3_LEAD_4-7,4,1,0.25,300.0,3,0.75,-1.25,0.6332434415817261,SAMPLE_TOO_SMALL
P1_NOT_WIN_AFTER_Q1_NOT_WIN__P2_WIN_AFTER_Q2_NOT_WIN__P3_WIN_AFTER_Q3_WIN__Q1_TRAIL_4_7__Q2_TIE__Q3_LEAD_1_3__Q3_LEAD_1-3,4,1,0.25,300.0,2,0.5,0.0,0.5509025752544403,SAMPLE_TOO_SMALL
P1_NOT_WIN_AFTER_Q1_NOT_WIN__P2_WIN_AFTER_Q2_WIN__P3_NOT_WIN_AFTER_Q3_WIN__Q1_TRAIL_4_7__Q2_LEAD_4_7__Q3_LEAD_1_3__Q3_LEAD_1-3,4,1,0.25,300.0,1,0.25,-4.0,0.70353564620018,SAMPLE_TOO_SMALL
P1_WIN_AFTER_Q1_WIN__P2_NOT_WIN_AFTER_Q2_NOT_WIN__P3_WIN_AFTER_Q3_WIN__Q1_LEAD_4_7__Q2_TRAIL_4_7__Q3_LEAD_1_3__Q3_LEAD_1-3,4,1,0.25,300.0,3,0.75,-2.75,0.5941269099712372,SAMPLE_TOO_SMALL
P1_NOT_WIN_AFTER_Q1_NOT_WIN__P2_WIN_AFTER_Q2_WIN__P3_WIN_AFTER_Q3_WIN__Q1_TRAIL_1_3__Q2_LEAD_1_3__Q3_LEAD_4_7__Q3_LEAD_4-7,4,0,0.0,,2,0.5,-4.5,0.7165492177009583,SAMPLE_TOO_SMALL
P1_NOT_WIN_AFTER_Q1_NOT_WIN__P2_NOT_WIN_AFTER_Q2_NOT_WIN__P3_WIN_AFTER_Q3_WIN__Q1_TRAIL_1_3__Q2_TRAIL_4_7__Q3_LEAD_4_7__Q3_LEAD_4-7,3,3,1.0,,3,1.0,7.333333333333333,0.6853785514831543,SAMPLE_TOO_SMALL
P1_NOT_WIN_AFTER_Q1_NOT_WIN__P2_WIN_AFTER_Q2_NOT_WIN__P3_WIN_AFTER_Q3_WIN__Q1_TRAIL_1_3__Q2_TIE__Q3_LEAD_4_7__Q3_LEAD_4-7,3,3,1.0,,3,1.0,6.333333333333333,0.8308938145637512,SAMPLE_TOO_SMALL
P1_NOT_WIN_AFTER_Q1_NOT_WIN__P2_WIN_AFTER_Q2_NOT_WIN__P3_WIN_AFTER_Q3_WIN__Q1_TRAIL_4_7__Q2_TIE__Q3_LEAD_8_13__Q3_LEAD_8+,3,3,1.0,,3,1.0,4.0,0.870003342628479,SAMPLE_TOO_SMALL
P1_NOT_WIN_AFTER_Q1_NOT_WIN__P2_WIN_AFTER_Q2_WIN__P3_WIN_AFTER_Q3_WIN__Q1_TRAIL_1_3__Q2_LEAD_8_13__Q3_LEAD_14_PLUS__Q3_LEAD_8+,3,3,1.0,,3,1.0,10.666666666666666,0.9657265543937683,SAMPLE_TOO_SMALL
P1_NOT_WIN_AFTER_Q1_NOT_WIN__P2_WIN_AFTER_Q2_WIN__P3_WIN_AFTER_Q3_WIN__Q1_TRAIL_1_3__Q2_LEAD_8_13__Q3_LEAD_8_13__Q3_LEAD_8+,3,3,1.0,,3,1.0,7.666666666666667,0.8728274703025818,SAMPLE_TOO_SMALL
P1_NOT_WIN_AFTER_Q1_NOT_WIN__P2_WIN_AFTER_Q2_WIN__P3_WIN_AFTER_Q3_WIN__Q1_TRAIL_4_7__Q2_LEAD_1_3__Q3_LEAD_8_13__Q3_LEAD_8+,3,3,1.0,,3,1.0,9.666666666666666,0.8148581981658936,SAMPLE_TOO_SMALL
P1_WIN_AFTER_Q1_WIN__P2_NOT_WIN_AFTER_Q2_NOT_WIN__P3_WIN_AFTER_Q3_WIN__Q1_LEAD_1_3__Q2_TRAIL_1_3__Q3_LEAD_4_7__Q3_LEAD_4-7,3,3,1.0,,3,1.0,7.666666666666667,0.7230706214904785,SAMPLE_TOO_SMALL
P1_WIN_AFTER_Q1_WIN__P2_NOT_WIN_AFTER_Q2_NOT_WIN__P3_WIN_AFTER_Q3_WIN__Q1_LEAD_4_7__Q2_TIE__Q3_LEAD_4_7__Q3_LEAD_4-7,3,3,1.0,,3,1.0,8.0,0.7350225448608398,SAMPLE_TOO_SMALL
P1_WIN_AFTER_Q1_WIN__P2_WIN_AFTER_Q2_WIN__P3_NOT_WIN_AFTER_Q3_WIN__Q1_LEAD_1_3__Q2_LEAD_14_PLUS__Q3_LEAD_8_13__Q3_LEAD_8+,3,3,1.0,,3,1.0,7.0,0.9243990778923035,SAMPLE_TOO_SMALL
P1_WIN_AFTER_Q1_WIN__P2_WIN_AFTER_Q2_WIN__P3_WIN_AFTER_Q3_WIN__Q1_LEAD_8_13__Q2_LEAD_8_13__Q3_LEAD_14_PLUS__Q3_LEAD_8+,3,3,1.0,,3,1.0,15.666666666666666,0.9770777225494385,SAMPLE_TOO_SMALL
P1_NOT_WIN_AFTER_Q1_NOT_WIN__P2_NOT_WIN_AFTER_Q2_NOT_WIN__P3_WIN_AFTER_Q3_WIN__Q1_TIE__Q2_TRAIL_4_7__Q3_LEAD_1_3__Q3_LEAD_1-3,3,2,0.6666666666666666,-199.99999999999994,3,1.0,0.6666666666666666,0.6303126811981201,SAMPLE_TOO_SMALL
P1_NOT_WIN_AFTER_Q1_NOT_WIN__P2_WIN_AFTER_Q2_NOT_WIN__P3_WIN_AFTER_Q3_WIN__Q1_TRAIL_1_3__Q2_TIE__Q3_LEAD_1_3__Q3_LEAD_1-3,3,2,0.6666666666666666,-199.99999999999994,2,0.6666666666666666,-2.3333333333333335,0.5574219822883606,SAMPLE_TOO_SMALL
P1_NOT_WIN_AFTER_Q1_NOT_WIN__P2_WIN_AFTER_Q2_NOT_WIN__P3_WIN_AFTER_Q3_WIN__Q1_TRAIL_4_7__Q2_TRAIL_1_3__Q3_LEAD_8_13__Q3_LEAD_8+,3,2,0.6666666666666666,-199.99999999999994,3,1.0,7.666666666666667,0.828425407409668,SAMPLE_TOO_SMALL
P1_NOT_WIN_AFTER_Q1_NOT_WIN__P2_WIN_AFTER_Q2_WIN__P3_NOT_WIN_AFTER_Q3_WIN__Q1_TRAIL_4_7__Q2_LEAD_14_PLUS__Q3_LEAD_14_PLUS__Q3_LEAD_8+,3,2,0.6666666666666666,-199.99999999999994,2,0.6666666666666666,6.333333333333333,0.963160514831543,SAMPLE_TOO_SMALL
P1_NOT_WIN_AFTER_Q1_NOT_WIN__P2_WIN_AFTER_Q2_WIN__P3_WIN_AFTER_Q3_WIN__Q1_TIE__Q2_LEAD_1_3__Q3_LEAD_14_PLUS__Q3_LEAD_8+,3,2,0.6666666666666666,-199.99999999999994,2,0.6666666666666666,6.666666666666667,0.9728090167045593,SAMPLE_TOO_SMALL
P1_NOT_WIN_AFTER_Q1_NOT_WIN__P2_WIN_AFTER_Q2_WIN__P3_WIN_AFTER_Q3_WIN__Q1_TRAIL_1_3__Q2_LEAD_4_7__Q3_LEAD_14_PLUS__Q3_LEAD_8+,3,2,0.6666666666666666,-199.99999999999994,3,1.0,8.0,0.983026921749115,SAMPLE_TOO_SMALL
P1_NOT_WIN_AFTER_Q1_NOT_WIN__P2_WIN_AFTER_Q2_NOT_WIN__P3_WIN_AFTER_Q3_WIN__Q1_TRAIL_4_7__Q2_TRAIL_4_7__Q3_LEAD_1_3__Q3_LEAD_1-3,3,1,0.3333333333333333,200.00000000000003,1,0.3333333333333333,-2.3333333333333335,0.5642296075820923,SAMPLE_TOO_SMALL
P1_WIN_AFTER_Q1_WIN__P2_NOT_WIN_AFTER_Q2_WIN__P3_NOT_WIN_AFTER_Q3_WIN__Q1_LEAD_8_13__Q2_LEAD_4_7__Q3_LEAD_1_3__Q3_LEAD_1-3,3,1,0.3333333333333333,200.00000000000003,1,0.3333333333333333,-2.0,0.5866442918777466,SAMPLE_TOO_SMALL
P1_WIN_AFTER_Q1_WIN__P2_NOT_WIN_AFTER_Q2_WIN__P3_NOT_WIN_AFTER_Q3_WIN__Q1_LEAD_8_13__Q2_LEAD_8_13__Q3_LEAD_1_3__Q3_LEAD_1-3,3,1,0.3333333333333333,200.00000000000003,2,0.6666666666666666,-2.6666666666666665,0.5581231117248535,SAMPLE_TOO_SMALL
P1_WIN_AFTER_Q1_WIN__P2_NOT_WIN_AFTER_Q2_NOT_WIN__P3_WIN_AFTER_Q3_WIN__Q1_LEAD_4_7__Q2_TRAIL_1_3__Q3_LEAD_1_3__Q3_LEAD_1-3,3,0,0.0,,2,0.6666666666666666,-5.333333333333333,0.37161076068878174,SAMPLE_TOO_SMALL
P1_NOT_WIN_AFTER_Q1_NOT_WIN__P2_NOT_WIN_AFTER_Q2_NOT_WIN__P3_WIN_AFTER_Q3_WIN__Q1_TIE__Q2_TIE__Q3_LEAD_14_PLUS__Q3_LEAD_8+,2,2,1.0,,2,1.0,6.5,0.950890839099884,SAMPLE_TOO_SMALL
P1_NOT_WIN_AFTER_Q1_NOT_WIN__P2_NOT_WIN_AFTER_Q2_NOT_WIN__P3_WIN_AFTER_Q3_WIN__Q1_TIE__Q2_TRAIL_4_7__Q3_LEAD_8_13__Q3_LEAD_8+,2,2,1.0,,2,1.0,13.0,0.888929545879364,SAMPLE_TOO_SMALL
P1_NOT_WIN_AFTER_Q1_NOT_WIN__P2_WIN_AFTER_Q2_NOT_WIN__P3_WIN_AFTER_Q3_WIN__Q1_TRAIL_1_3__Q2_TRAIL_1_3__Q3_LEAD_1_3__Q3_LEAD_1-3,2,2,1.0,,2,1.0,2.5,0.5547803044319153,SAMPLE_TOO_SMALL
P1_NOT_WIN_AFTER_Q1_NOT_WIN__P2_WIN_AFTER_Q2_NOT_WIN__P3_WIN_AFTER_Q3_WIN__Q1_TRAIL_8_13__Q2_TIE__Q3_LEAD_8_13__Q3_LEAD_8+,2,2,1.0,,2,1.0,10.5,0.9109667837619781,SAMPLE_TOO_SMALL
P1_NOT_WIN_AFTER_Q1_NOT_WIN__P2_WIN_AFTER_Q2_NOT_WIN__P3_WIN_AFTER_Q3_WIN__Q1_TRAIL_8_13__Q2_TRAIL_1_3__Q3_LEAD_8_13__Q3_LEAD_8+,2,2,1.0,,2,1.0,6.0,0.8699035048484802,SAMPLE_TOO_SMALL
P1_NOT_WIN_AFTER_Q1_NOT_WIN__P2_WIN_AFTER_Q2_WIN__P3_NOT_WIN_AFTER_Q3_WIN__Q1_TRAIL_8_13__Q2_LEAD_1_3__Q3_LEAD_1_3__Q3_LEAD_1-3,2,2,1.0,,2,1.0,5.0,0.482435017824173,SAMPLE_TOO_SMALL
P1_WIN_AFTER_Q1_WIN__P2_NOT_WIN_AFTER_Q2_NOT_WIN__P3_WIN_AFTER_Q3_WIN__Q1_LEAD_8_13__Q2_TRAIL_1_3__Q3_LEAD_4_7__Q3_LEAD_4-7,2,2,1.0,,2,1.0,8.5,0.7736803889274597,SAMPLE_TOO_SMALL
P1_WIN_AFTER_Q1_WIN__P2_NOT_WIN_AFTER_Q2_WIN__P3_NOT_WIN_AFTER_Q3_WIN__Q1_LEAD_14_PLUS__Q2_LEAD_4_7__Q3_LEAD_4_7__Q3_LEAD_4-7,2,2,1.0,,2,1.0,3.0,0.6928464472293854,SAMPLE_TOO_SMALL
P1_WIN_AFTER_Q1_WIN__P2_NOT_WIN_AFTER_Q2_WIN__P3_WIN_AFTER_Q3_WIN__Q1_LEAD_14_PLUS__Q2_LEAD_8_13__Q3_LEAD_14_PLUS__Q3_LEAD_8+,2,2,1.0,,2,1.0,11.5,0.9614318907260895,SAMPLE_TOO_SMALL
P1_WIN_AFTER_Q1_WIN__P2_NOT_WIN_AFTER_Q2_WIN__P3_WIN_AFTER_Q3_WIN__Q1_LEAD_14_PLUS__Q2_LEAD_8_13__Q3_LEAD_8_13__Q3_LEAD_8+,2,2,1.0,,2,1.0,12.5,0.918231338262558,SAMPLE_TOO_SMALL
P1_WIN_AFTER_Q1_WIN__P2_NOT_WIN_AFTER_Q2_WIN__P3_WIN_AFTER_Q3_WIN__Q1_LEAD_4_7__Q2_LEAD_1_3__Q3_LEAD_8_13__Q3_LEAD_8+,2,2,1.0,,2,1.0,7.0,0.7630363702774048,SAMPLE_TOO_SMALL
P1_WIN_AFTER_Q1_WIN__P2_NOT_WIN_AFTER_Q2_WIN__P3_WIN_AFTER_Q3_WIN__Q1_LEAD_8_13__Q2_LEAD_4_7__Q3_LEAD_14_PLUS__Q3_LEAD_8+,2,2,1.0,,2,1.0,12.0,0.9662925601005554,SAMPLE_TOO_SMALL
P1_WIN_AFTER_Q1_WIN__P2_WIN_AFTER_Q2_WIN__P3_NOT_WIN_AFTER_Q3_WIN__Q1_LEAD_14_PLUS__Q2_LEAD_14_PLUS__Q3_LEAD_8_13__Q3_LEAD_8+,2,2,1.0,,2,1.0,10.5,0.8846189379692078,SAMPLE_TOO_SMALL
P1_WIN_AFTER_Q1_WIN__P2_WIN_AFTER_Q2_WIN__P3_NOT_WIN_AFTER_Q3_WIN__Q1_LEAD_8_13__Q2_LEAD_14_PLUS__Q3_LEAD_4_7__Q3_LEAD_4-7,2,2,1.0,,2,1.0,13.5,0.8496399819850922,SAMPLE_TOO_SMALL
P1_WIN_AFTER_Q1_WIN__P2_WIN_AFTER_Q2_WIN__P3_NOT_WIN_AFTER_Q3_WIN__Q1_LEAD_8_13__Q2_LEAD_8_13__Q3_LEAD_4_7__Q3_LEAD_4-7,2,2,1.0,,2,1.0,6.0,0.7907712757587433,SAMPLE_TOO_SMALL
P1_WIN_AFTER_Q1_WIN__P2_WIN_AFTER_Q2_WIN__P3_WIN_AFTER_Q3_WIN__Q1_LEAD_1_3__Q2_LEAD_8_13__Q3_LEAD_8_13__Q3_LEAD_8+,2,2,1.0,,2,1.0,7.5,0.903228759765625,SAMPLE_TOO_SMALL
P1_NOT_WIN_AFTER_Q1_NOT_WIN__P2_NOT_WIN_AFTER_Q2_NOT_WIN__P3_WIN_AFTER_Q3_WIN__Q1_TRAIL_1_3__Q2_TRAIL_4_7__Q3_LEAD_1_3__Q3_LEAD_1-3,2,1,0.5,-100.0,2,1.0,0.0,0.46830353140830994,SAMPLE_TOO_SMALL
P1_NOT_WIN_AFTER_Q1_NOT_WIN__P2_NOT_WIN_AFTER_Q2_NOT_WIN__P3_WIN_AFTER_Q3_WIN__Q1_TRAIL_4_7__Q2_TRAIL_8_13__Q3_LEAD_1_3__Q3_LEAD_1-3,2,1,0.5,-100.0,1,0.5,-4.0,0.5662566125392914,SAMPLE_TOO_SMALL
P1_NOT_WIN_AFTER_Q1_NOT_WIN__P2_NOT_WIN_AFTER_Q2_NOT_WIN__P3_WIN_AFTER_Q3_WIN__Q1_TRAIL_4_7__Q2_TRAIL_8_13__Q3_LEAD_4_7__Q3_LEAD_4-7,2,1,0.5,-100.0,2,1.0,2.0,0.6891040503978729,SAMPLE_TOO_SMALL
P1_NOT_WIN_AFTER_Q1_NOT_WIN__P2_WIN_AFTER_Q2_NOT_WIN__P3_WIN_AFTER_Q3_WIN__Q1_TRAIL_8_13__Q2_TIE__Q3_LEAD_4_7__Q3_LEAD_4-7,2,1,0.5,-100.0,2,1.0,5.0,0.8236767053604126,SAMPLE_TOO_SMALL
P1_NOT_WIN_AFTER_Q1_NOT_WIN__P2_WIN_AFTER_Q2_NOT_WIN__P3_WIN_AFTER_Q3_WIN__Q1_TRAIL_8_13__Q2_TRAIL_1_3__Q3_LEAD_1_3__Q3_LEAD_1-3,2,1,0.5,-100.0,1,0.5,2.0,0.5197960138320923,SAMPLE_TOO_SMALL
P1_NOT_WIN_AFTER_Q1_NOT_WIN__P2_WIN_AFTER_Q2_WIN__P3_NOT_WIN_AFTER_Q3_WIN__Q1_TIE__Q2_LEAD_14_PLUS__Q3_LEAD_1_3__Q3_LEAD_1-3,2,1,0.5,-100.0,1,0.5,0.0,0.627406895160675,SAMPLE_TOO_SMALL
P1_NOT_WIN_AFTER_Q1_NOT_WIN__P2_WIN_AFTER_Q2_WIN__P3_NOT_WIN_AFTER_Q3_WIN__Q1_TRAIL_4_7__Q2_LEAD_8_13__Q3_LEAD_4_7__Q3_LEAD_4-7,2,1,0.5,-100.0,1,0.5,-4.5,0.6851979196071625,SAMPLE_TOO_SMALL
P1_WIN_AFTER_Q1_WIN__P2_NOT_WIN_AFTER_Q2_NOT_WIN__P3_WIN_AFTER_Q3_WIN__Q1_LEAD_1_3__Q2_TRAIL_1_3__Q3_LEAD_1_3__Q3_LEAD_1-3,2,1,0.5,-100.0,2,1.0,1.5,0.6540988683700562,SAMPLE_TOO_SMALL
P1_WIN_AFTER_Q1_WIN__P2_NOT_WIN_AFTER_Q2_NOT_WIN__P3_WIN_AFTER_Q3_WIN__Q1_LEAD_4_7__Q2_TRAIL_1_3__Q3_LEAD_4_7__Q3_LEAD_4-7,2,1,0.5,-100.0,2,1.0,1.0,0.6554390490055084,SAMPLE_TOO_SMALL
P1_WIN_AFTER_Q1_WIN__P2_NOT_WIN_AFTER_Q2_NOT_WIN__P3_WIN_AFTER_Q3_WIN__Q1_LEAD_4_7__Q2_TRAIL_4_7__Q3_LEAD_4_7__Q3_LEAD_4-7,2,1,0.5,-100.0,2,1.0,6.0,0.7760384976863861,SAMPLE_TOO_SMALL
P1_WIN_AFTER_Q1_WIN__P2_NOT_WIN_AFTER_Q2_WIN__P3_NOT_WIN_AFTER_Q3_WIN__Q1_LEAD_8_13__Q2_LEAD_8_13__Q3_LEAD_4_7__Q3_LEAD_4-7,2,1,0.5,-100.0,2,1.0,0.5,0.7116179168224335,SAMPLE_TOO_SMALL
P1_WIN_AFTER_Q1_WIN__P2_NOT_WIN_AFTER_Q2_WIN__P3_WIN_AFTER_Q3_WIN__Q1_LEAD_14_PLUS__Q2_LEAD_1_3__Q3_LEAD_4_7__Q3_LEAD_4-7,2,1,0.5,-100.0,2,1.0,0.0,0.6947343945503235,SAMPLE_TOO_SMALL
P1_WIN_AFTER_Q1_WIN__P2_NOT_WIN_AFTER_Q2_WIN__P3_WIN_AFTER_Q3_WIN__Q1_LEAD_8_13__Q2_LEAD_1_3__Q3_LEAD_4_7__Q3_LEAD_4-7,2,1,0.5,-100.0,2,1.0,1.0,0.7952030301094055,SAMPLE_TOO_SMALL
P1_NOT_WIN_AFTER_Q1_NOT_WIN__P2_WIN_AFTER_Q2_NOT_WIN__P3_WIN_AFTER_Q3_WIN__Q1_TRAIL_4_7__Q2_TRAIL_4_7__Q3_LEAD_8_13__Q3_LEAD_8+,2,0,0.0,,2,1.0,-1.5,0.8894826769828796,SAMPLE_TOO_SMALL
P1_NOT_WIN_AFTER_Q1_NOT_WIN__P2_NOT_WIN_AFTER_Q2_NOT_WIN__P3_WIN_AFTER_Q3_WIN__Q1_TIE__Q2_TRAIL_1_3__Q3_LEAD_8_13__Q3_LEAD_8+,1,1,1.0,,1,1.0,2.0,0.8279472589492798,SAMPLE_TOO_SMALL
P1_NOT_WIN_AFTER_Q1_NOT_WIN__P2_NOT_WIN_AFTER_Q2_NOT_WIN__P3_WIN_AFTER_Q3_WIN__Q1_TIE__Q2_TRAIL_8_13__Q3_LEAD_1_3__Q3_LEAD_1-3,1,1,1.0,,1,1.0,5.0,0.5658207535743713,SAMPLE_TOO_SMALL
P1_NOT_WIN_AFTER_Q1_NOT_WIN__P2_NOT_WIN_AFTER_Q2_NOT_WIN__P3_WIN_AFTER_Q3_WIN__Q1_TIE__Q2_TRAIL_8_13__Q3_LEAD_4_7__Q3_LEAD_4-7,1,1,1.0,,1,1.0,4.0,0.6742157340049744,SAMPLE_TOO_SMALL
P1_NOT_WIN_AFTER_Q1_NOT_WIN__P2_NOT_WIN_AFTER_Q2_NOT_WIN__P3_WIN_AFTER_Q3_WIN__Q1_TRAIL_1_3__Q2_TRAIL_4_7__Q3_LEAD_8_13__Q3_LEAD_8+,1,1,1.0,,1,1.0,5.0,0.8514713644981384,SAMPLE_TOO_SMALL
P1_NOT_WIN_AFTER_Q1_NOT_WIN__P2_WIN_AFTER_Q2_NOT_WIN__P3_WIN_AFTER_Q3_WIN__Q1_TRAIL_1_3__Q2_TIE__Q3_LEAD_14_PLUS__Q3_LEAD_8+,1,1,1.0,,1,1.0,7.0,0.9066512584686279,SAMPLE_TOO_SMALL
P1_NOT_WIN_AFTER_Q1_NOT_WIN__P2_WIN_AFTER_Q2_NOT_WIN__P3_WIN_AFTER_Q3_WIN__Q1_TRAIL_1_3__Q2_TRAIL_1_3__Q3_LEAD_4_7__Q3_LEAD_4-7,1,1,1.0,,1,1.0,8.0,0.686703622341156,SAMPLE_TOO_SMALL
P1_NOT_WIN_AFTER_Q1_NOT_WIN__P2_WIN_AFTER_Q2_NOT_WIN__P3_WIN_AFTER_Q3_WIN__Q1_TRAIL_4_7__Q2_TIE__Q3_LEAD_14_PLUS__Q3_LEAD_8+,1,1,1.0,,1,1.0,7.0,0.9824408888816833,SAMPLE_TOO_SMALL
P1_NOT_WIN_AFTER_Q1_NOT_WIN__P2_WIN_AFTER_Q2_NOT_WIN__P3_WIN_AFTER_Q3_WIN__Q1_TRAIL_4_7__Q2_TRAIL_4_7__Q3_LEAD_14_PLUS__Q3_LEAD_8+,1,1,1.0,,1,1.0,3.0,0.970276951789856,SAMPLE_TOO_SMALL
P1_NOT_WIN_AFTER_Q1_NOT_WIN__P2_WIN_AFTER_Q2_NOT_WIN__P3_WIN_AFTER_Q3_WIN__Q1_TRAIL_4_7__Q2_TRAIL_4_7__Q3_LEAD_4_7__Q3_LEAD_4-7,1,1,1.0,,1,1.0,18.0,0.6898133158683777,SAMPLE_TOO_SMALL
P1_NOT_WIN_AFTER_Q1_NOT_WIN__P2_WIN_AFTER_Q2_WIN__P3_NOT_WIN_AFTER_Q3_WIN__Q1_TRAIL_4_7__Q2_LEAD_14_PLUS__Q3_LEAD_8_13__Q3_LEAD_8+,1,1,1.0,,1,1.0,2.0,0.8572501540184021,SAMPLE_TOO_SMALL
P1_NOT_WIN_AFTER_Q1_NOT_WIN__P2_WIN_AFTER_Q2_WIN__P3_NOT_WIN_AFTER_Q3_WIN__Q1_TRAIL_8_13__Q2_LEAD_8_13__Q3_LEAD_8_13__Q3_LEAD_8+,1,1,1.0,,1,1.0,2.0,0.8427888751029968,SAMPLE_TOO_SMALL
P1_NOT_WIN_AFTER_Q1_NOT_WIN__P2_WIN_AFTER_Q2_WIN__P3_WIN_AFTER_Q3_WIN__Q1_TRAIL_14_PLUS__Q2_LEAD_1_3__Q3_LEAD_8_13__Q3_LEAD_8+,1,1,1.0,,1,1.0,17.0,0.9535378217697144,SAMPLE_TOO_SMALL
P1_NOT_WIN_AFTER_Q1_NOT_WIN__P2_WIN_AFTER_Q2_WIN__P3_WIN_AFTER_Q3_WIN__Q1_TRAIL_4_7__Q2_LEAD_14_PLUS__Q3_LEAD_14_PLUS__Q3_LEAD_8+,1,1,1.0,,1,1.0,11.0,0.9991179704666138,SAMPLE_TOO_SMALL
P1_NOT_WIN_AFTER_Q1_NOT_WIN__P2_WIN_AFTER_Q2_WIN__P3_WIN_AFTER_Q3_WIN__Q1_TRAIL_4_7__Q2_LEAD_1_3__Q3_LEAD_1_3__Q3_LEAD_1-3,1,1,1.0,,1,1.0,2.0,0.6380667090415955,SAMPLE_TOO_SMALL
P1_NOT_WIN_AFTER_Q1_NOT_WIN__P2_WIN_AFTER_Q2_WIN__P3_WIN_AFTER_Q3_WIN__Q1_TRAIL_8_13__Q2_LEAD_14_PLUS__Q3_LEAD_14_PLUS__Q3_LEAD_8+,1,1,1.0,,1,1.0,28.0,0.9996097683906555,SAMPLE_TOO_SMALL
P1_NOT_WIN_AFTER_Q1_NOT_WIN__P2_WIN_AFTER_Q2_WIN__P3_WIN_AFTER_Q3_WIN__Q1_TRAIL_8_13__Q2_LEAD_1_3__Q3_LEAD_8_13__Q3_LEAD_8+,1,1,1.0,,1,1.0,20.0,0.9218201637268066,SAMPLE_TOO_SMALL
P1_NOT_WIN_AFTER_Q1_NOT_WIN__P2_WIN_AFTER_Q2_WIN__P3_WIN_AFTER_Q3_WIN__Q1_TRAIL_8_13__Q2_LEAD_4_7__Q3_LEAD_4_7__Q3_LEAD_4-7,1,1,1.0,,1,1.0,3.0,0.8238368034362793,SAMPLE_TOO_SMALL
P1_WIN_AFTER_Q1_WIN__P2_NOT_WIN_AFTER_Q2_NOT_WIN__P3_WIN_AFTER_Q3_WIN__Q1_LEAD_14_PLUS__Q2_TIE__Q3_LEAD_1_3__Q3_LEAD_1-3,1,1,1.0,,1,1.0,12.0,0.6766684055328369,SAMPLE_TOO_SMALL
P1_WIN_AFTER_Q1_WIN__P2_NOT_WIN_AFTER_Q2_NOT_WIN__P3_WIN_AFTER_Q3_WIN__Q1_LEAD_14_PLUS__Q2_TIE__Q3_LEAD_4_7__Q3_LEAD_4-7,1,1,1.0,,1,1.0,5.0,0.8474739193916321,SAMPLE_TOO_SMALL
P1_WIN_AFTER_Q1_WIN__P2_NOT_WIN_AFTER_Q2_NOT_WIN__P3_WIN_AFTER_Q3_WIN__Q1_LEAD_1_3__Q2_TRAIL_4_7__Q3_LEAD_8_13__Q3_LEAD_8+,1,1,1.0,,1,1.0,14.0,0.8293628096580505,SAMPLE_TOO_SMALL
P1_WIN_AFTER_Q1_WIN__P2_NOT_WIN_AFTER_Q2_NOT_WIN__P3_WIN_AFTER_Q3_WIN__Q1_LEAD_8_13__Q2_TIE__Q3_LEAD_4_7__Q3_LEAD_4-7,1,1,1.0,,1,1.0,11.0,0.808327853679657,SAMPLE_TOO_SMALL
P1_WIN_AFTER_Q1_WIN__P2_NOT_WIN_AFTER_Q2_WIN__P3_NOT_WIN_AFTER_Q3_WIN__Q1_LEAD_14_PLUS__Q2_LEAD_8_13__Q3_LEAD_4_7__Q3_LEAD_4-7,1,1,1.0,,1,1.0,4.0,0.7874918580055237,SAMPLE_TOO_SMALL
P1_WIN_AFTER_Q1_WIN__P2_NOT_WIN_AFTER_Q2_WIN__P3_WIN_AFTER_Q3_WIN__Q1_LEAD_14_PLUS__Q2_LEAD_1_3__Q3_LEAD_8_13__Q3_LEAD_8+,1,1,1.0,,1,1.0,6.0,0.9021660685539246,SAMPLE_TOO_SMALL
P1_WIN_AFTER_Q1_WIN__P2_NOT_WIN_AFTER_Q2_WIN__P3_WIN_AFTER_Q3_WIN__Q1_LEAD_8_13__Q2_LEAD_1_3__Q3_LEAD_14_PLUS__Q3_LEAD_8+,1,1,1.0,,1,1.0,13.0,0.9802913665771484,SAMPLE_TOO_SMALL
P1_WIN_AFTER_Q1_WIN__P2_NOT_WIN_AFTER_Q2_WIN__P3_WIN_AFTER_Q3_WIN__Q1_LEAD_8_13__Q2_LEAD_1_3__Q3_LEAD_1_3__Q3_LEAD_1-3,1,1,1.0,,1,1.0,6.0,0.5825713276863098,SAMPLE_TOO_SMALL
P1_WIN_AFTER_Q1_WIN__P2_WIN_AFTER_Q2_WIN__P3_NOT_WIN_AFTER_Q3_WIN__Q1_LEAD_1_3__Q2_LEAD_14_PLUS__Q3_LEAD_1_3__Q3_LEAD_1-3,1,1,1.0,,1,1.0,2.0,0.7267355918884277,SAMPLE_TOO_SMALL
P1_WIN_AFTER_Q1_WIN__P2_WIN_AFTER_Q2_WIN__P3_NOT_WIN_AFTER_Q3_WIN__Q1_LEAD_1_3__Q2_LEAD_14_PLUS__Q3_LEAD_4_7__Q3_LEAD_4-7,1,1,1.0,,1,1.0,10.0,0.8582152724266052,SAMPLE_TOO_SMALL
P1_WIN_AFTER_Q1_WIN__P2_WIN_AFTER_Q2_WIN__P3_NOT_WIN_AFTER_Q3_WIN__Q1_LEAD_8_13__Q2_LEAD_8_13__Q3_LEAD_1_3__Q3_LEAD_1-3,1,1,1.0,,1,1.0,3.0,0.6515413522720337,SAMPLE_TOO_SMALL
P1_WIN_AFTER_Q1_WIN__P2_WIN_AFTER_Q2_WIN__P3_NOT_WIN_AFTER_Q3_WIN__Q1_LEAD_8_13__Q2_LEAD_8_13__Q3_LEAD_8_13__Q3_LEAD_8+,1,1,1.0,,1,1.0,16.0,0.9558101892471313,SAMPLE_TOO_SMALL
P1_WIN_AFTER_Q1_WIN__P2_WIN_AFTER_Q2_WIN__P3_WIN_AFTER_Q3_WIN__Q1_LEAD_1_3__Q2_LEAD_1_3__Q3_LEAD_4_7__Q3_LEAD_4-7,1,1,1.0,,1,1.0,2.0,0.7468512654304504,SAMPLE_TOO_SMALL
P1_WIN_AFTER_Q1_WIN__P2_WIN_AFTER_Q2_WIN__P3_WIN_AFTER_Q3_WIN__Q1_LEAD_1_3__Q2_LEAD_4_7__Q3_LEAD_14_PLUS__Q3_LEAD_8+,1,1,1.0,,1,1.0,23.0,0.9570392370223999,SAMPLE_TOO_SMALL
P1_NOT_WIN_AFTER_Q1_NOT_WIN__P2_NOT_WIN_AFTER_Q2_NOT_WIN__P3_WIN_AFTER_Q3_WIN__Q1_TIE__Q2_TRAIL_14_PLUS__Q3_LEAD_1_3__Q3_LEAD_1-3,1,0,0.0,,1,1.0,-3.0,0.5570111870765686,SAMPLE_TOO_SMALL
P1_NOT_WIN_AFTER_Q1_NOT_WIN__P2_NOT_WIN_AFTER_Q2_NOT_WIN__P3_WIN_AFTER_Q3_WIN__Q1_TRAIL_1_3__Q2_TRAIL_1_3__Q3_LEAD_1_3__Q3_LEAD_1-3,1,0,0.0,,1,1.0,-3.0,0.8166044354438782,SAMPLE_TOO_SMALL
P1_NOT_WIN_AFTER_Q1_NOT_WIN__P2_NOT_WIN_AFTER_Q2_NOT_WIN__P3_WIN_AFTER_Q3_WIN__Q1_TRAIL_1_3__Q2_TRAIL_8_13__Q3_LEAD_1_3__Q3_LEAD_1-3,1,0,0.0,,1,1.0,-2.0,0.3880554437637329,SAMPLE_TOO_SMALL
P1_NOT_WIN_AFTER_Q1_NOT_WIN__P2_NOT_WIN_AFTER_Q2_NOT_WIN__P3_WIN_AFTER_Q3_WIN__Q1_TRAIL_4_7__Q2_TRAIL_14_PLUS__Q3_LEAD_4_7__Q3_LEAD_4-7,1,0,0.0,,1,1.0,-2.0,0.7820000648498535,SAMPLE_TOO_SMALL
P1_NOT_WIN_AFTER_Q1_NOT_WIN__P2_WIN_AFTER_Q2_NOT_WIN__P3_WIN_AFTER_Q3_WIN__Q1_TRAIL_14_PLUS__Q2_TIE__Q3_LEAD_1_3__Q3_LEAD_1-3,1,0,0.0,,0,0.0,-11.0,0.5580189228057861,SAMPLE_TOO_SMALL
P1_NOT_WIN_AFTER_Q1_NOT_WIN__P2_WIN_AFTER_Q2_NOT_WIN__P3_WIN_AFTER_Q3_WIN__Q1_TRAIL_14_PLUS__Q2_TRAIL_8_13__Q3_LEAD_1_3__Q3_LEAD_1-3,1,0,0.0,,0,0.0,-6.0,0.4701414704322815,SAMPLE_TOO_SMALL
P1_NOT_WIN_AFTER_Q1_NOT_WIN__P2_WIN_AFTER_Q2_NOT_WIN__P3_WIN_AFTER_Q3_WIN__Q1_TRAIL_1_3__Q2_TRAIL_1_3__Q3_LEAD_8_13__Q3_LEAD_8+,1,0,0.0,,1,1.0,-6.0,0.8368514180183411,SAMPLE_TOO_SMALL
P1_NOT_WIN_AFTER_Q1_NOT_WIN__P2_WIN_AFTER_Q2_NOT_WIN__P3_WIN_AFTER_Q3_WIN__Q1_TRAIL_8_13__Q2_TRAIL_4_7__Q3_LEAD_1_3__Q3_LEAD_1-3,1,0,0.0,,1,1.0,-2.0,0.5807107090950012,SAMPLE_TOO_SMALL
P1_NOT_WIN_AFTER_Q1_NOT_WIN__P2_WIN_AFTER_Q2_WIN__P3_WIN_AFTER_Q3_WIN__Q1_TRAIL_4_7__Q2_LEAD_4_7__Q3_LEAD_4_7__Q3_LEAD_4-7,1,0,0.0,,0,0.0,-3.0,0.7321003675460815,SAMPLE_TOO_SMALL
P1_NOT_WIN_AFTER_Q1_NOT_WIN__P2_WIN_AFTER_Q2_WIN__P3_WIN_AFTER_Q3_WIN__Q1_TRAIL_4_7__Q2_LEAD_8_13__Q3_LEAD_8_13__Q3_LEAD_8+,1,0,0.0,,1,1.0,-1.0,0.9655742645263672,SAMPLE_TOO_SMALL
P1_NOT_WIN_AFTER_Q1_NOT_WIN__P2_WIN_AFTER_Q2_WIN__P3_WIN_AFTER_Q3_WIN__Q1_TRAIL_8_13__Q2_LEAD_1_3__Q3_LEAD_4_7__Q3_LEAD_4-7,1,0,0.0,,0,0.0,-14.0,0.8037495017051697,SAMPLE_TOO_SMALL
P1_WIN_AFTER_Q1_WIN__P2_NOT_WIN_AFTER_Q2_NOT_WIN__P3_WIN_AFTER_Q3_WIN__Q1_LEAD_1_3__Q2_TRAIL_8_13__Q3_LEAD_1_3__Q3_LEAD_1-3,1,0,0.0,,1,1.0,-6.0,0.4697226881980896,SAMPLE_TOO_SMALL
P1_WIN_AFTER_Q1_WIN__P2_NOT_WIN_AFTER_Q2_NOT_WIN__P3_WIN_AFTER_Q3_WIN__Q1_LEAD_4_7__Q2_TIE__Q3_LEAD_8_13__Q3_LEAD_8+,1,0,0.0,,1,1.0,-4.0,0.8602086901664734,SAMPLE_TOO_SMALL
P1_WIN_AFTER_Q1_WIN__P2_NOT_WIN_AFTER_Q2_NOT_WIN__P3_WIN_AFTER_Q3_WIN__Q1_LEAD_4_7__Q2_TRAIL_8_13__Q3_LEAD_1_3__Q3_LEAD_1-3,1,0,0.0,,0,0.0,-14.0,0.530272364616394,SAMPLE_TOO_SMALL
P1_WIN_AFTER_Q1_WIN__P2_NOT_WIN_AFTER_Q2_NOT_WIN__P3_WIN_AFTER_Q3_WIN__Q1_LEAD_8_13__Q2_TIE__Q3_LEAD_1_3__Q3_LEAD_1-3,1,0,0.0,,1,1.0,-4.0,0.6177063584327698,SAMPLE_TOO_SMALL
P1_WIN_AFTER_Q1_WIN__P2_NOT_WIN_AFTER_Q2_NOT_WIN__P3_WIN_AFTER_Q3_WIN__Q1_LEAD_8_13__Q2_TRAIL_4_7__Q3_LEAD_1_3__Q3_LEAD_1-3,1,0,0.0,,0,0.0,-3.0,0.7413084506988525,SAMPLE_TOO_SMALL
P1_WIN_AFTER_Q1_WIN__P2_NOT_WIN_AFTER_Q2_WIN__P3_WIN_AFTER_Q3_WIN__Q1_LEAD_4_7__Q2_LEAD_1_3__Q3_LEAD_1_3__Q3_LEAD_1-3,1,0,0.0,,0,0.0,-7.0,0.4487271308898926,SAMPLE_TOO_SMALL
P1_WIN_AFTER_Q1_WIN__P2_WIN_AFTER_Q2_WIN__P3_NOT_WIN_AFTER_Q3_WIN__Q1_LEAD_14_PLUS__Q2_LEAD_14_PLUS__Q3_LEAD_1_3__Q3_LEAD_1-3,1,0,0.0,,0,0.0,-4.0,0.6213634014129639,SAMPLE_TOO_SMALL
P1_WIN_AFTER_Q1_WIN__P2_WIN_AFTER_Q2_WIN__P3_NOT_WIN_AFTER_Q3_WIN__Q1_LEAD_4_7__Q2_LEAD_14_PLUS__Q3_LEAD_1_3__Q3_LEAD_1-3,1,0,0.0,,1,1.0,-4.0,0.6758416295051575,SAMPLE_TOO_SMALL
P1_WIN_AFTER_Q1_WIN__P2_WIN_AFTER_Q2_WIN__P3_NOT_WIN_AFTER_Q3_WIN__Q1_LEAD_8_13__Q2_LEAD_14_PLUS__Q3_LEAD_1_3__Q3_LEAD_1-3,1,0,0.0,,1,1.0,-1.0,0.6531566381454468,SAMPLE_TOO_SMALL
