margin_trajectory,cases,su_wins,su_win_rate,break_even_ml,covers,cover_rate_pregame_spread,avg_final_margin,median_q3_wp,sample_flag
Q1_TRAIL_4_7__Q2_TRAIL_14_PLUS__Q3_TRAIL_14_PLUS,148,3,0.02027027027027027,4833.333333333333,13,0.08783783783783784,-22.47972972972973,0.013312638271600008,OK
Q1_TRAIL_14_PLUS__Q2_TRAIL_14_PLUS__Q3_TRAIL_14_PLUS,84,0,0.0,,1,0.011904761904761904,-24.80952380952381,0.002195253560785204,OK
Q1_TRAIL_4_7__Q2_TRAIL_8_13__Q3_TRAIL_14_PLUS,65,0,0.0,,4,0.06153846153846154,-19.892307692307693,0.020719528198242188,OK
Q1_TRAIL_8_13__Q2_TRAIL_14_PLUS__Q3_TRAIL_14_PLUS,62,1,0.016129032258064516,6100.0,5,0.08064516129032258,-20.887096774193548,0.004278331762179732,OK
Q1_TRAIL_4_7__Q2_TRAIL_4_7__Q3_TRAIL_4_7,55,8,0.14545454545454545,587.5,21,0.38181818181818183,-6.4,0.23541975021362305,OK
Q1_TRAIL_4_7__Q2_TRAIL_8_13__Q3_TRAIL_8_13,46,5,0.10869565217391304,820.0,12,0.2608695652173913,-9.543478260869565,0.11015775799751282,OK
Q1_TIE__Q2_TRAIL_4_7__Q3_TRAIL_4_7,43,7,0.16279069767441862,514.2857142857142,19,0.4418604651162791,-6.372093023255814,0.2178863286972046,OK
Q1_TIE__Q2_TRAIL_14_PLUS__Q3_TRAIL_14_PLUS,42,0,0.0,,6,0.14285714285714285,-20.595238095238095,0.004255296196788549,OK
Q1_LEAD_4_7__Q2_LEAD_14_PLUS__Q3_LEAD_14_PLUS,41,38,0.926829268292683,-1266.6666666666674,41,1.0,19.365853658536587,0.9862646460533142,OK
Q1_TRAIL_4_7__Q2_TRAIL_4_7__Q3_TRAIL_8_13,35,3,0.08571428571428572,1066.6666666666667,13,0.37142857142857144,-8.514285714285714,0.1334100365638733,OK
Q1_LEAD_14_PLUS__Q2_LEAD_14_PLUS__Q3_LEAD_14_PLUS,33,32,0.9696969696969697,-3200.0000000000027,33,1.0,18.818181818181817,0.9857006072998047,OK
Q1_LEAD_4_7__Q2_LEAD_8_13__Q3_LEAD_8_13,31,30,0.967741935483871,-3000.0000000000027,31,1.0,8.0,0.8773869276046753,OK
Q1_TRAIL_1_3__Q2_TRAIL_14_PLUS__Q3_TRAIL_14_PLUS,30,1,0.03333333333333333,2900.0,3,0.1,-21.2,0.0011102845019195229,OK
Q1_LEAD_4_7__Q2_LEAD_8_13__Q3_LEAD_14_PLUS,28,27,0.9642857142857143,-2700.0000000000014,28,1.0,15.75,0.9645596146583557,SAMPLE_TOO_SMALL
Q1_TRAIL_4_7__Q2_TRAIL_4_7__Q3_TRAIL_14_PLUS,28,0,0.0,,2,0.07142857142857142,-14.821428571428571,0.033613359555602074,SAMPLE_TOO_SMALL
Q1_LEAD_4_7__Q2_LEAD_4_7__Q3_LEAD_4_7,27,19,0.7037037037037037,-237.5,24,0.8888888888888888,4.37037037037037,0.7346483469009399,SAMPLE_TOO_SMALL
Q1_TIE__Q2_LEAD_4_7__Q3_LEAD_4_7,27,14,0.5185185185185185,-107.69230769230768,22,0.8148148148148148,1.7407407407407407,0.7626728415489197,SAMPLE_TOO_SMALL
Q1_TRAIL_4_7__Q2_TRAIL_8_13__Q3_TRAIL_4_7,27,4,0.14814814814814814,575.0000000000001,8,0.2962962962962963,-6.962962962962963,0.20735126733779907,SAMPLE_TOO_SMALL
Q1_TRAIL_1_3__Q2_TRAIL_4_7__Q3_TRAIL_8_13,27,1,0.037037037037037035,2600.0000000000005,3,0.1111111111111111,-9.925925925925926,0.100324347615242,SAMPLE_TOO_SMALL
Q1_TIE__Q2_TRAIL_8_13__Q3_TRAIL_14_PLUS,26,1,0.038461538461538464,2500.0,2,0.07692307692307693,-18.923076923076923,0.01984041929244995,SAMPLE_TOO_SMALL
Q1_TIE__Q2_TRAIL_8_13__Q3_TRAIL_8_13,26,1,0.038461538461538464,2500.0,7,0.2692307692307692,-11.192307692307692,0.1173437312245369,SAMPLE_TOO_SMALL
Q1_TRAIL_1_3__Q2_TRAIL_8_13__Q3_TRAIL_8_13,26,1,0.038461538461538464,2500.0,4,0.15384615384615385,-10.615384615384615,0.11218753457069397,SAMPLE_TOO_SMALL
Q1_TIE__Q2_TRAIL_4_7__Q3_TRAIL_14_PLUS,25,2,0.08,1150.0,7,0.28,-9.92,0.04211314022541046,SAMPLE_TOO_SMALL
Q1_TRAIL_1_3__Q2_TRAIL_8_13__Q3_TRAIL_14_PLUS,25,0,0.0,,1,0.04,-20.36,0.030319631099700928,SAMPLE_TOO_SMALL
Q1_TRAIL_4_7__Q2_TRAIL_14_PLUS__Q3_TRAIL_8_13,23,4,0.17391304347826086,475.0,8,0.34782608695652173,-9.0,0.09089767932891846,SAMPLE_TOO_SMALL
Q1_TRAIL_8_13__Q2_TRAIL_8_13__Q3_TRAIL_14_PLUS,23,2,0.08695652173913043,1050.0000000000002,3,0.13043478260869565,-17.391304347826086,0.020540058612823486,SAMPLE_TOO_SMALL
Q1_TIE__Q2_TRAIL_4_7__Q3_TRAIL_8_13,23,0,0.0,,6,0.2608695652173913,-11.217391304347826,0.10822857171297073,SAMPLE_TOO_SMALL
Q1_TIE__Q2_TRAIL_1_3__Q3_TRAIL_1_3,21,4,0.19047619047619047,425.0,9,0.42857142857142855,-6.857142857142857,0.35006144642829895,SAMPLE_TOO_SMALL
Q1_TIE__Q2_TRAIL_1_3__Q3_TRAIL_8_13,21,2,0.09523809523809523,950.0000000000001,4,0.19047619047619047,-10.380952380952381,0.1336211860179901,SAMPLE_TOO_SMALL
Q1_LEAD_4_7__Q2_LEAD_4_7__Q3_LEAD_14_PLUS,19,16,0.8421052631578947,-533.3333333333331,16,0.8421052631578947,9.052631578947368,0.9658461213111877,SAMPLE_TOO_SMALL
Q1_TRAIL_1_3__Q2_TRAIL_1_3__Q3_TRAIL_1_3,19,8,0.42105263157894735,137.50000000000003,12,0.631578947368421,-1.9473684210526316,0.3013952374458313,SAMPLE_TOO_SMALL
Q1_TIE__Q2_TIE__Q3_TIE,19,6,0.3157894736842105,216.66666666666669,9,0.47368421052631576,-1.9473684210526316,0.4772269129753113,SAMPLE_TOO_SMALL
Q1_TRAIL_1_3__Q2_TRAIL_4_7__Q3_TRAIL_4_7,19,2,0.10526315789473684,850.0,7,0.3684210526315789,-10.052631578947368,0.2011755406856537,SAMPLE_TOO_SMALL
Q1_LEAD_4_7__Q2_LEAD_4_7__Q3_LEAD_8_13,18,11,0.6111111111111112,-157.14285714285717,16,0.8888888888888888,3.9444444444444446,0.8772497177124023,SAMPLE_TOO_SMALL
Q1_LEAD_4_7__Q2_LEAD_4_7__Q3_LEAD_1_3,18,10,0.5555555555555556,-125.00000000000001,14,0.7777777777777778,1.1111111111111112,0.6101573705673218,SAMPLE_TOO_SMALL
Q1_LEAD_1_3__Q2_TRAIL_4_7__Q3_TRAIL_4_7,18,5,0.2777777777777778,259.99999999999994,9,0.5,-4.722222222222222,0.21698403358459473,SAMPLE_TOO_SMALL
Q1_LEAD_4_7__Q2_LEAD_8_13__Q3_LEAD_1_3,17,8,0.47058823529411764,112.50000000000001,13,0.7647058823529411,-0.5294117647058824,0.6305723786354065,SAMPLE_TOO_SMALL
Q1_TRAIL_4_7__Q2_TRAIL_4_7__Q3_TRAIL_1_3,17,4,0.23529411764705882,325.0,12,0.7058823529411765,-2.235294117647059,0.3765019178390503,SAMPLE_TOO_SMALL
Q1_TRAIL_8_13__Q2_TRAIL_8_13__Q3_TRAIL_8_13,17,1,0.058823529411764705,1600.0,2,0.11764705882352941,-10.764705882352942,0.12053623050451279,SAMPLE_TOO_SMALL
Q1_LEAD_8_13__Q2_LEAD_14_PLUS__Q3_LEAD_14_PLUS,16,15,0.9375,-1500.0,16,1.0,20.75,0.9989229440689087,SAMPLE_TOO_SMALL
Q1_TIE__Q2_LEAD_14_PLUS__Q3_LEAD_14_PLUS,15,13,0.8666666666666667,-650.0000000000002,13,0.8666666666666667,13.466666666666667,0.9875024557113647,SAMPLE_TOO_SMALL
Q1_TRAIL_4_7__Q2_LEAD_1_3__Q3_LEAD_1_3,15,9,0.6,-150.0,11,0.7333333333333333,1.8666666666666667,0.6039668917655945,SAMPLE_TOO_SMALL
Q1_TRAIL_4_7__Q2_TRAIL_8_13__Q3_TRAIL_1_3,15,4,0.26666666666666666,275.00000000000006,6,0.4,-3.933333333333333,0.2942958474159241,SAMPLE_TOO_SMALL
Q1_LEAD_4_7__Q2_LEAD_8_13__Q3_LEAD_4_7,13,11,0.8461538461538461,-550.0,12,0.9230769230769231,6.923076923076923,0.7831257581710815,SAMPLE_TOO_SMALL
Q1_TIE__Q2_LEAD_8_13__Q3_LEAD_8_13,13,10,0.7692307692307693,-333.3333333333334,12,0.9230769230769231,10.538461538461538,0.8922256231307983,SAMPLE_TOO_SMALL
Q1_LEAD_1_3__Q2_LEAD_4_7__Q3_LEAD_4_7,13,9,0.6923076923076923,-224.99999999999997,12,0.9230769230769231,2.0,0.6917333602905273,SAMPLE_TOO_SMALL
Q1_LEAD_4_7__Q2_TRAIL_4_7__Q3_TRAIL_8_13,13,3,0.23076923076923078,333.3333333333333,3,0.23076923076923078,-8.923076923076923,0.09481372684240341,SAMPLE_TOO_SMALL
Q1_LEAD_1_3__Q2_LEAD_14_PLUS__Q3_LEAD_14_PLUS,12,12,1.0,,12,1.0,16.416666666666668,0.9731907844543457,SAMPLE_TOO_SMALL
Q1_TIE__Q2_TRAIL_1_3__Q3_LEAD_4_7,12,9,0.75,-300.0,10,0.8333333333333334,4.166666666666667,0.6721238195896149,SAMPLE_TOO_SMALL
Q1_LEAD_1_3__Q2_LEAD_8_13__Q3_LEAD_4_7,12,8,0.6666666666666666,-199.99999999999994,9,0.75,1.5,0.7863503992557526,SAMPLE_TOO_SMALL
Q1_TIE__Q2_LEAD_1_3__Q3_LEAD_1_3,12,6,0.5,-100.0,9,0.75,0.0,0.523097425699234,SAMPLE_TOO_SMALL
Q1_TIE__Q2_TRAIL_4_7__Q3_TRAIL_1_3,12,4,0.3333333333333333,200.00000000000003,6,0.5,-1.5,0.3904649168252945,SAMPLE_TOO_SMALL
Q1_TRAIL_1_3__Q2_TRAIL_8_13__Q3_TRAIL_4_7,12,3,0.25,300.0,5,0.4166666666666667,-3.1666666666666665,0.23367732763290405,SAMPLE_TOO_SMALL
Q1_TRAIL_8_13__Q2_TRAIL_4_7__Q3_TRAIL_8_13,12,1,0.08333333333333333,1100.0,4,0.3333333333333333,-9.666666666666666,0.11534199118614197,SAMPLE_TOO_SMALL
Q1_TIE__Q2_LEAD_4_7__Q3_LEAD_1_3,11,4,0.36363636363636365,175.0,8,0.7272727272727273,-1.6363636363636365,0.5697317123413086,SAMPLE_TOO_SMALL
Q1_TRAIL_4_7__Q2_TRAIL_4_7__Q3_TIE,11,3,0.2727272727272727,266.6666666666667,8,0.7272727272727273,-1.8181818181818181,0.43648117780685425,SAMPLE_TOO_SMALL
Q1_TIE__Q2_TIE__Q3_TRAIL_4_7,11,2,0.18181818181818182,449.99999999999994,6,0.5454545454545454,-8.181818181818182,0.2177964299917221,SAMPLE_TOO_SMALL
Q1_TIE__Q2_TRAIL_1_3__Q3_TIE,11,2,0.18181818181818182,449.99999999999994,7,0.6363636363636364,-3.3636363636363638,0.4615403711795807,SAMPLE_TOO_SMALL
Q1_TRAIL_4_7__Q2_TRAIL_1_3__Q3_TRAIL_1_3,11,2,0.18181818181818182,449.99999999999994,4,0.36363636363636365,-6.090909090909091,0.2918007969856262,SAMPLE_TOO_SMALL
Q1_TIE__Q2_LEAD_4_7__Q3_TRAIL_1_3,11,1,0.09090909090909091,1000.0,2,0.18181818181818182,-6.363636363636363,0.3749517500400543,SAMPLE_TOO_SMALL
Q1_TRAIL_14_PLUS__Q2_TRAIL_14_PLUS__Q3_TRAIL_8_13,11,1,0.09090909090909091,1000.0,2,0.18181818181818182,-9.818181818181818,0.0738869309425354,SAMPLE_TOO_SMALL
Q1_LEAD_1_3__Q2_LEAD_1_3__Q3_TRAIL_4_7,11,0,0.0,,2,0.18181818181818182,-9.727272727272727,0.20591121912002563,SAMPLE_TOO_SMALL
Q1_LEAD_1_3__Q2_TRAIL_14_PLUS__Q3_TRAIL_14_PLUS,11,0,0.0,,0,0.0,-24.90909090909091,0.006009440403431654,SAMPLE_TOO_SMALL
Q1_TRAIL_4_7__Q2_TRAIL_1_3__Q3_TRAIL_8_13,11,0,0.0,,1,0.09090909090909091,-14.0,0.1378631889820099,SAMPLE_TOO_SMALL
Q1_LEAD_4_7__Q2_LEAD_14_PLUS__Q3_LEAD_8_13,10,10,1.0,,10,1.0,6.4,0.9108580052852631,SAMPLE_TOO_SMALL
Q1_LEAD_1_3__Q2_LEAD_8_13__Q3_LEAD_8_13,10,9,0.9,-900.0000000000002,10,1.0,8.3,0.8831967115402222,SAMPLE_TOO_SMALL
Q1_TIE__Q2_LEAD_4_7__Q3_LEAD_14_PLUS,10,9,0.9,-900.0000000000002,9,0.9,12.5,0.9581989049911499,SAMPLE_TOO_SMALL
Q1_TRAIL_1_3__Q2_LEAD_4_7__Q3_LEAD_4_7,10,8,0.8,-400.0000000000001,9,0.9,3.6,0.7288070321083069,SAMPLE_TOO_SMALL
Q1_TIE__Q2_LEAD_8_13__Q3_LEAD_4_7,10,7,0.7,-233.3333333333333,9,0.9,3.0,0.7787161469459534,SAMPLE_TOO_SMALL
Q1_TRAIL_4_7__Q2_LEAD_8_13__Q3_LEAD_8_13,10,7,0.7,-233.3333333333333,9,0.9,4.1,0.8626428544521332,SAMPLE_TOO_SMALL
Q1_LEAD_4_7__Q2_LEAD_1_3__Q3_LEAD_1_3,10,6,0.6,-150.0,7,0.7,-0.6,0.5809241533279419,SAMPLE_TOO_SMALL
Q1_TIE__Q2_TIE__Q3_TRAIL_1_3,10,5,0.5,-100.0,9,0.9,-0.4,0.3527846783399582,SAMPLE_TOO_SMALL
Q1_LEAD_4_7__Q2_LEAD_4_7__Q3_TRAIL_1_3,10,3,0.3,233.33333333333334,6,0.6,-4.2,0.354354128241539,SAMPLE_TOO_SMALL
Q1_TIE__Q2_TRAIL_8_13__Q3_TRAIL_4_7,10,2,0.2,400.0,7,0.7,-6.1,0.21524262428283691,SAMPLE_TOO_SMALL
Q1_LEAD_4_7__Q2_TRAIL_4_7__Q3_TRAIL_4_7,10,1,0.1,900.0,4,0.4,-5.8,0.18782329559326172,SAMPLE_TOO_SMALL
Q1_TIE__Q2_TRAIL_14_PLUS__Q3_TRAIL_8_13,10,1,0.1,900.0,3,0.3,-5.4,0.12631633877754211,SAMPLE_TOO_SMALL
Q1_TRAIL_1_3__Q2_TRAIL_4_7__Q3_TRAIL_14_PLUS,10,1,0.1,900.0,2,0.2,-13.9,0.02521900925785303,SAMPLE_TOO_SMALL
Q1_TRAIL_4_7__Q2_LEAD_1_3__Q3_TRAIL_4_7,10,1,0.1,900.0,3,0.3,-7.8,0.2642025053501129,SAMPLE_TOO_SMALL
Q1_LEAD_1_3__Q2_TRAIL_4_7__Q3_TRAIL_8_13,10,0,0.0,,2,0.2,-11.6,0.12719684839248657,SAMPLE_TOO_SMALL
Q1_TIE__Q2_LEAD_8_13__Q3_LEAD_14_PLUS,9,9,1.0,,9,1.0,17.77777777777778,0.98032546043396,SAMPLE_TOO_SMALL
Q1_TRAIL_1_3__Q2_LEAD_8_13__Q3_LEAD_8_13,9,8,0.8888888888888888,-799.9999999999997,8,0.8888888888888888,9.222222222222221,0.8728274703025818,SAMPLE_TOO_SMALL
Q1_LEAD_1_3__Q2_LEAD_1_3__Q3_LEAD_8_13,9,7,0.7777777777777778,-350.00000000000006,9,1.0,10.222222222222221,0.8131420612335205,SAMPLE_TOO_SMALL
Q1_TRAIL_4_7__Q2_TIE__Q3_LEAD_4_7,9,7,0.7777777777777778,-350.00000000000006,7,0.7777777777777778,5.777777777777778,0.7478041052818298,SAMPLE_TOO_SMALL
Q1_LEAD_1_3__Q2_LEAD_1_3__Q3_LEAD_1_3,9,4,0.4444444444444444,125.00000000000001,7,0.7777777777777778,1.6666666666666667,0.6213645339012146,SAMPLE_TOO_SMALL
Q1_TIE__Q2_LEAD_4_7__Q3_LEAD_8_13,9,4,0.4444444444444444,125.00000000000001,7,0.7777777777777778,3.888888888888889,0.8424143195152283,SAMPLE_TOO_SMALL
Q1_TIE__Q2_LEAD_1_3__Q3_TRAIL_4_7,9,3,0.3333333333333333,200.00000000000003,4,0.4444444444444444,-6.111111111111111,0.22519099712371826,SAMPLE_TOO_SMALL
Q1_TIE__Q2_TRAIL_1_3__Q3_TRAIL_4_7,9,3,0.3333333333333333,200.00000000000003,6,0.6666666666666666,-2.5555555555555554,0.2123991847038269,SAMPLE_TOO_SMALL
Q1_TIE__Q2_TRAIL_8_13__Q3_TRAIL_1_3,9,3,0.3333333333333333,200.00000000000003,6,0.6666666666666666,-5.111111111111111,0.2933976650238037,SAMPLE_TOO_SMALL
Q1_LEAD_4_7__Q2_TRAIL_1_3__Q3_TRAIL_4_7,9,1,0.1111111111111111,800.0,2,0.2222222222222222,-8.333333333333334,0.196300208568573,SAMPLE_TOO_SMALL
Q1_LEAD_4_7__Q2_TRAIL_1_3__Q3_TRAIL_8_13,9,1,0.1111111111111111,800.0,3,0.3333333333333333,-8.444444444444445,0.11577045917510986,SAMPLE_TOO_SMALL
Q1_LEAD_4_7__Q2_TRAIL_4_7__Q3_TRAIL_14_PLUS,9,1,0.1111111111111111,800.0,2,0.2222222222222222,-9.11111111111111,0.0367429256439209,SAMPLE_TOO_SMALL
Q1_TRAIL_1_3__Q2_TRAIL_1_3__Q3_TRAIL_8_13,9,1,0.1111111111111111,800.0,3,0.3333333333333333,-9.0,0.1511385142803192,SAMPLE_TOO_SMALL
Q1_TRAIL_4_7__Q2_LEAD_1_3__Q3_LEAD_4_7,9,1,0.1111111111111111,800.0,7,0.7777777777777778,-2.888888888888889,0.7180553674697876,SAMPLE_TOO_SMALL
Q1_TRAIL_4_7__Q2_TRAIL_14_PLUS__Q3_TRAIL_4_7,9,0,0.0,,2,0.2222222222222222,-10.11111111111111,0.18175733089447021,SAMPLE_TOO_SMALL
Q1_TRAIL_8_13__Q2_TRAIL_14_PLUS__Q3_TRAIL_8_13,9,0,0.0,,0,0.0,-12.222222222222221,0.12303417921066284,SAMPLE_TOO_SMALL
Q1_LEAD_8_13__Q2_LEAD_8_13__Q3_LEAD_14_PLUS,8,8,1.0,,8,1.0,14.125,0.9600556790828705,SAMPLE_TOO_SMALL
Q1_LEAD_1_3__Q2_LEAD_4_7__Q3_LEAD_8_13,8,7,0.875,-700.0,8,1.0,8.75,0.8695265352725983,SAMPLE_TOO_SMALL
Q1_TRAIL_4_7__Q2_LEAD_4_7__Q3_LEAD_8_13,8,7,0.875,-700.0,8,1.0,8.625,0.8428682684898376,SAMPLE_TOO_SMALL
Q1_LEAD_4_7__Q2_LEAD_1_3__Q3_LEAD_4_7,8,6,0.75,-300.0,7,0.875,2.875,0.6949701011180878,SAMPLE_TOO_SMALL
Q1_LEAD_8_13__Q2_LEAD_4_7__Q3_LEAD_4_7,8,6,0.75,-300.0,7,0.875,6.625,0.7889439463615417,SAMPLE_TOO_SMALL
Q1_TIE__Q2_LEAD_1_3__Q3_LEAD_4_7,8,6,0.75,-300.0,7,0.875,3.875,0.8123394250869751,SAMPLE_TOO_SMALL
Q1_LEAD_1_3__Q2_LEAD_4_7__Q3_LEAD_1_3,8,5,0.625,-166.66666666666666,6,0.75,2.125,0.533175140619278,SAMPLE_TOO_SMALL
Q1_TRAIL_4_7__Q2_TRAIL_1_3__Q3_LEAD_1_3,8,5,0.625,-166.66666666666666,7,0.875,-0.375,0.5254910588264465,SAMPLE_TOO_SMALL
Q1_TIE__Q2_TIE__Q3_LEAD_4_7,8,4,0.5,-100.0,6,0.75,2.125,0.7335285544395447,SAMPLE_TOO_SMALL
Q1_TRAIL_1_3__Q2_TRAIL_1_3__Q3_TRAIL_4_7,8,4,0.5,-100.0,4,0.5,-5.375,0.27002888917922974,SAMPLE_TOO_SMALL
Q1_TRAIL_4_7__Q2_TRAIL_4_7__Q3_LEAD_1_3,8,4,0.5,-100.0,5,0.625,-0.5,0.6388707160949707,SAMPLE_TOO_SMALL
Q1_LEAD_4_7__Q2_TIE__Q3_TIE,8,3,0.375,166.66666666666666,4,0.5,-3.375,0.5275924503803253,SAMPLE_TOO_SMALL
Q1_LEAD_1_3__Q2_TIE__Q3_TRAIL_4_7,8,2,0.25,300.0,4,0.5,-5.625,0.23026052117347717,SAMPLE_TOO_SMALL
Q1_LEAD_4_7__Q2_LEAD_1_3__Q3_TRAIL_4_7,8,2,0.25,300.0,5,0.625,-2.125,0.27009838819503784,SAMPLE_TOO_SMALL
Q1_TIE__Q2_TRAIL_4_7__Q3_TIE,8,2,0.25,300.0,2,0.25,-5.0,0.4776284694671631,SAMPLE_TOO_SMALL
Q1_TRAIL_4_7__Q2_TIE__Q3_TIE,8,1,0.125,700.0,3,0.375,-5.125,0.5210105329751968,SAMPLE_TOO_SMALL
Q1_LEAD_1_3__Q2_TRAIL_1_3__Q3_TRAIL_8_13,8,0,0.0,,2,0.25,-9.75,0.15370266139507294,SAMPLE_TOO_SMALL
Q1_LEAD_4_7__Q2_TRAIL_8_13__Q3_TRAIL_8_13,8,0,0.0,,0,0.0,-12.75,0.0769510567188263,SAMPLE_TOO_SMALL
Q1_TRAIL_14_PLUS__Q2_TRAIL_8_13__Q3_TRAIL_14_PLUS,8,0,0.0,,1,0.125,-14.875,0.023556536994874477,SAMPLE_TOO_SMALL
Q1_TRAIL_8_13__Q2_TRAIL_8_13__Q3_TRAIL_4_7,8,0,0.0,,3,0.375,-6.25,0.18758390098810196,SAMPLE_TOO_SMALL
Q1_LEAD_1_3__Q2_LEAD_4_7__Q3_TIE,7,7,1.0,,7,1.0,5.0,0.5383395552635193,SAMPLE_TOO_SMALL
Q1_LEAD_1_3__Q2_LEAD_8_13__Q3_LEAD_14_PLUS,7,7,1.0,,7,1.0,13.142857142857142,0.9734948873519897,SAMPLE_TOO_SMALL
Q1_LEAD_8_13__Q2_LEAD_4_7__Q3_LEAD_8_13,7,6,0.8571428571428571,-599.9999999999998,6,0.8571428571428571,7.857142857142857,0.831706702709198,SAMPLE_TOO_SMALL
Q1_TIE__Q2_TIE__Q3_LEAD_8_13,7,6,0.8571428571428571,-599.9999999999998,6,0.8571428571428571,7.571428571428571,0.8560080528259277,SAMPLE_TOO_SMALL
Q1_LEAD_8_13__Q2_LEAD_14_PLUS__Q3_LEAD_8_13,7,5,0.7142857142857143,-250.00000000000003,7,1.0,8.0,0.8866319060325623,SAMPLE_TOO_SMALL
Q1_TIE__Q2_TIE__Q3_LEAD_1_3,7,5,0.7142857142857143,-250.00000000000003,7,1.0,1.7142857142857142,0.600955069065094,SAMPLE_TOO_SMALL
Q1_TRAIL_1_3__Q2_LEAD_4_7__Q3_LEAD_8_13,7,5,0.7142857142857143,-250.00000000000003,7,1.0,8.428571428571429,0.8215638995170593,SAMPLE_TOO_SMALL
Q1_TRAIL_1_3__Q2_LEAD_1_3__Q3_LEAD_1_3,7,4,0.5714285714285714,-133.33333333333331,6,0.8571428571428571,1.7142857142857142,0.7021427154541016,SAMPLE_TOO_SMALL
Q1_TRAIL_4_7__Q2_TRAIL_1_3__Q3_LEAD_4_7,7,4,0.5714285714285714,-133.33333333333331,7,1.0,0.7142857142857143,0.7069886922836304,SAMPLE_TOO_SMALL
Q1_TIE__Q2_LEAD_4_7__Q3_TIE,7,3,0.42857142857142855,133.33333333333334,4,0.5714285714285714,0.2857142857142857,0.5133870840072632,SAMPLE_TOO_SMALL
Q1_TRAIL_4_7__Q2_LEAD_1_3__Q3_TRAIL_1_3,7,3,0.42857142857142855,133.33333333333334,3,0.42857142857142855,-3.4285714285714284,0.4116040766239166,SAMPLE_TOO_SMALL
Q1_TRAIL_4_7__Q2_TRAIL_1_3__Q3_TRAIL_4_7,7,3,0.42857142857142855,133.33333333333334,3,0.42857142857142855,-5.571428571428571,0.18998906016349792,SAMPLE_TOO_SMALL
Q1_LEAD_1_3__Q2_LEAD_4_7__Q3_TRAIL_1_3,7,2,0.2857142857142857,250.00000000000003,4,0.5714285714285714,-3.4285714285714284,0.3121417164802551,SAMPLE_TOO_SMALL
Q1_TRAIL_1_3__Q2_TRAIL_4_7__Q3_TRAIL_1_3,7,2,0.2857142857142857,250.00000000000003,4,0.5714285714285714,-2.0,0.352220356464386,SAMPLE_TOO_SMALL
Q1_TRAIL_8_13__Q2_TRAIL_4_7__Q3_TRAIL_4_7,7,2,0.2857142857142857,250.00000000000003,5,0.7142857142857143,-6.714285714285714,0.22951757907867432,SAMPLE_TOO_SMALL
Q1_LEAD_1_3__Q2_TRAIL_8_13__Q3_TRAIL_14_PLUS,7,1,0.14285714285714285,600.0000000000001,1,0.14285714285714285,-15.0,0.02232280932366848,SAMPLE_TOO_SMALL
Q1_TIE__Q2_LEAD_4_7__Q3_TRAIL_4_7,7,1,0.14285714285714285,600.0000000000001,4,0.5714285714285714,-5.571428571428571,0.2268868386745453,SAMPLE_TOO_SMALL
Q1_LEAD_4_7__Q2_TIE__Q3_TRAIL_4_7,7,0,0.0,,2,0.2857142857142857,-7.714285714285714,0.27025604248046875,SAMPLE_TOO_SMALL
Q1_LEAD_4_7__Q2_TRAIL_14_PLUS__Q3_TRAIL_14_PLUS,7,0,0.0,,0,0.0,-11.857142857142858,0.01780473254621029,SAMPLE_TOO_SMALL
Q1_LEAD_4_7__Q2_TRAIL_8_13__Q3_TRAIL_14_PLUS,7,0,0.0,,1,0.14285714285714285,-14.142857142857142,0.025768015533685684,SAMPLE_TOO_SMALL
Q1_TIE__Q2_LEAD_1_3__Q3_TRAIL_8_13,7,0,0.0,,1,0.14285714285714285,-10.0,0.15205031633377075,SAMPLE_TOO_SMALL
Q1_TIE__Q2_LEAD_4_7__Q3_TRAIL_8_13,7,0,0.0,,2,0.2857142857142857,-9.285714285714286,0.13050328195095062,SAMPLE_TOO_SMALL
Q1_TIE__Q2_TRAIL_1_3__Q3_TRAIL_14_PLUS,7,0,0.0,,0,0.0,-16.714285714285715,0.039140086621046066,SAMPLE_TOO_SMALL
Q1_TRAIL_1_3__Q2_TRAIL_14_PLUS__Q3_TRAIL_8_13,7,0,0.0,,2,0.2857142857142857,-10.285714285714286,0.0796557068824768,SAMPLE_TOO_SMALL
Q1_LEAD_14_PLUS__Q2_LEAD_8_13__Q3_LEAD_8_13,6,6,1.0,,6,1.0,12.166666666666666,0.9128682613372803,SAMPLE_TOO_SMALL
Q1_LEAD_8_13__Q2_LEAD_1_3__Q3_LEAD_1_3,6,5,0.8333333333333334,-500.00000000000017,6,1.0,2.5,0.6839908063411713,SAMPLE_TOO_SMALL
Q1_TRAIL_4_7__Q2_TRAIL_4_7__Q3_LEAD_4_7,6,5,0.8333333333333334,-500.00000000000017,5,0.8333333333333334,5.0,0.7213220000267029,SAMPLE_TOO_SMALL
Q1_LEAD_1_3__Q2_LEAD_1_3__Q3_LEAD_4_7,6,4,0.6666666666666666,-199.99999999999994,6,1.0,2.6666666666666665,0.7312566637992859,SAMPLE_TOO_SMALL
Q1_LEAD_4_7__Q2_LEAD_4_7__Q3_TRAIL_4_7,6,4,0.6666666666666666,-199.99999999999994,6,1.0,-0.5,0.2505049407482147,SAMPLE_TOO_SMALL
Q1_LEAD_1_3__Q2_TRAIL_4_7__Q3_LEAD_1_3,6,3,0.5,-100.0,5,0.8333333333333334,-0.8333333333333334,0.5670788884162903,SAMPLE_TOO_SMALL
Q1_LEAD_4_7__Q2_LEAD_14_PLUS__Q3_LEAD_4_7,6,3,0.5,-100.0,5,0.8333333333333334,0.0,0.7515257298946381,SAMPLE_TOO_SMALL
Q1_LEAD_4_7__Q2_TRAIL_4_7__Q3_TRAIL_1_3,6,3,0.5,-100.0,5,0.8333333333333334,-1.3333333333333333,0.3749117851257324,SAMPLE_TOO_SMALL
Q1_TIE__Q2_TRAIL_1_3__Q3_LEAD_1_3,6,3,0.5,-100.0,5,0.8333333333333334,2.0,0.632853776216507,SAMPLE_TOO_SMALL
Q1_TRAIL_14_PLUS__Q2_TRAIL_4_7__Q3_TRAIL_4_7,6,3,0.5,-100.0,5,0.8333333333333334,-3.0,0.21155685186386108,SAMPLE_TOO_SMALL
Q1_LEAD_4_7__Q2_LEAD_1_3__Q3_TRAIL_1_3,6,2,0.3333333333333333,200.00000000000003,5,0.8333333333333334,-2.6666666666666665,0.3678525686264038,SAMPLE_TOO_SMALL
Q1_LEAD_4_7__Q2_LEAD_4_7__Q3_TIE,6,2,0.3333333333333333,200.00000000000003,4,0.6666666666666666,-2.0,0.49371567368507385,SAMPLE_TOO_SMALL
Q1_TIE__Q2_TIE__Q3_TRAIL_14_PLUS,6,2,0.3333333333333333,200.00000000000003,2,0.3333333333333333,-13.833333333333334,0.04083246737718582,SAMPLE_TOO_SMALL
Q1_TRAIL_4_7__Q2_LEAD_4_7__Q3_LEAD_4_7,6,2,0.3333333333333333,200.00000000000003,3,0.5,0.16666666666666666,0.7324721217155457,SAMPLE_TOO_SMALL
Q1_TIE__Q2_LEAD_1_3__Q3_TRAIL_1_3,6,1,0.16666666666666666,500.00000000000006,4,0.6666666666666666,-2.8333333333333335,0.4297574460506439,SAMPLE_TOO_SMALL
Q1_LEAD_1_3__Q2_TRAIL_1_3__Q3_TRAIL_4_7,6,0,0.0,,2,0.3333333333333333,-6.666666666666667,0.23017527163028717,SAMPLE_TOO_SMALL
Q1_LEAD_1_3__Q2_TRAIL_4_7__Q3_TRAIL_14_PLUS,6,0,0.0,,0,0.0,-21.166666666666668,0.023738578893244267,SAMPLE_TOO_SMALL
Q1_LEAD_1_3__Q2_TRAIL_8_13__Q3_TRAIL_8_13,6,0,0.0,,0,0.0,-15.666666666666666,0.11048074066638947,SAMPLE_TOO_SMALL
Q1_LEAD_4_7__Q2_TRAIL_1_3__Q3_TRAIL_14_PLUS,6,0,0.0,,2,0.3333333333333333,-13.166666666666666,0.04750688560307026,SAMPLE_TOO_SMALL
Q1_LEAD_4_7__Q2_TRAIL_8_13__Q3_TRAIL_4_7,6,0,0.0,,0,0.0,-12.833333333333334,0.21748148649930954,SAMPLE_TOO_SMALL
Q1_TRAIL_4_7__Q2_TIE__Q3_TRAIL_14_PLUS,6,0,0.0,,1,0.16666666666666666,-15.333333333333334,0.03196951746940613,SAMPLE_TOO_SMALL
Q1_TRAIL_4_7__Q2_LEAD_4_7__Q3_LEAD_14_PLUS,5,5,1.0,,5,1.0,11.6,0.9457681179046631,SAMPLE_TOO_SMALL
Q1_TRAIL_4_7__Q2_LEAD_8_13__Q3_LEAD_14_PLUS,5,5,1.0,,5,1.0,13.2,0.9740160703659058,SAMPLE_TOO_SMALL
Q1_LEAD_1_3__Q2_TIE__Q3_TIE,5,4,0.8,-400.0000000000001,5,1.0,3.2,0.5183559060096741,SAMPLE_TOO_SMALL
Q1_LEAD_8_13__Q2_LEAD_8_13__Q3_LEAD_8_13,5,4,0.8,-400.0000000000001,5,1.0,6.8,0.8758774995803833,SAMPLE_TOO_SMALL
Q1_TIE__Q2_LEAD_8_13__Q3_LEAD_1_3,5,4,0.8,-400.0000000000001,4,0.8,5.8,0.7069588303565979,SAMPLE_TOO_SMALL
Q1_LEAD_14_PLUS__Q2_LEAD_14_PLUS__Q3_LEAD_4_7,5,3,0.6,-150.0,4,0.8,3.0,0.8536568284034729,SAMPLE_TOO_SMALL
Q1_TIE__Q2_LEAD_14_PLUS__Q3_LEAD_4_7,5,3,0.6,-150.0,5,1.0,2.2,0.7431592345237732,SAMPLE_TOO_SMALL
Q1_LEAD_14_PLUS__Q2_LEAD_8_13__Q3_LEAD_1_3,5,2,0.4,150.0,4,0.8,2.4,0.6249638795852661,SAMPLE_TOO_SMALL
Q1_LEAD_1_3__Q2_TIE__Q3_LEAD_1_3,5,2,0.4,150.0,3,0.6,-1.8,0.6048629283905029,SAMPLE_TOO_SMALL
Q1_LEAD_1_3__Q2_TIE__Q3_LEAD_4_7,5,2,0.4,150.0,2,0.4,-1.2,0.7412035465240479,SAMPLE_TOO_SMALL
Q1_TRAIL_1_3__Q2_LEAD_4_7__Q3_TRAIL_1_3,5,2,0.4,150.0,3,0.6,-4.2,0.28659510612487793,SAMPLE_TOO_SMALL
Q1_TRAIL_1_3__Q2_TIE__Q3_TRAIL_1_3,5,2,0.4,150.0,4,0.8,-1.4,0.48146405816078186,SAMPLE_TOO_SMALL
Q1_TRAIL_1_3__Q2_TRAIL_1_3__Q3_LEAD_4_7,5,2,0.4,150.0,4,0.8,0.6,0.6457372903823853,SAMPLE_TOO_SMALL
Q1_TRAIL_4_7__Q2_TIE__Q3_TRAIL_4_7,5,2,0.4,150.0,3,0.6,-5.8,0.19997715950012207,SAMPLE_TOO_SMALL
Q1_TRAIL_4_7__Q2_TRAIL_1_3__Q3_TIE,5,2,0.4,150.0,4,0.8,0.2,0.4553688168525696,SAMPLE_TOO_SMALL
Q1_LEAD_1_3__Q2_LEAD_1_3__Q3_TIE,5,1,0.2,400.0,2,0.4,-3.6,0.49994975328445435,SAMPLE_TOO_SMALL
Q1_TRAIL_14_PLUS__Q2_TRAIL_4_7__Q3_TRAIL_8_13,5,1,0.2,400.0,2,0.4,-12.2,0.06892764568328857,SAMPLE_TOO_SMALL
Q1_TRAIL_14_PLUS__Q2_TRAIL_8_13__Q3_TRAIL_8_13,5,1,0.2,400.0,3,0.6,-10.0,0.12149232625961304,SAMPLE_TOO_SMALL
Q1_TRAIL_1_3__Q2_LEAD_1_3__Q3_TRAIL_1_3,5,1,0.2,400.0,4,0.8,-3.0,0.4311344623565674,SAMPLE_TOO_SMALL
Q1_TRAIL_4_7__Q2_TIE__Q3_TRAIL_1_3,5,1,0.2,400.0,3,0.6,-3.4,0.4839461147785187,SAMPLE_TOO_SMALL
Q1_LEAD_1_3__Q2_LEAD_4_7__Q3_TRAIL_8_13,5,0,0.0,,2,0.4,-10.4,0.14784018695354462,SAMPLE_TOO_SMALL
Q1_LEAD_4_7__Q2_LEAD_1_3__Q3_TRAIL_8_13,5,0,0.0,,0,0.0,-8.6,0.08495227247476578,SAMPLE_TOO_SMALL
Q1_TIE__Q2_TIE__Q3_TRAIL_8_13,5,0,0.0,,1,0.2,-8.4,0.15245407819747925,SAMPLE_TOO_SMALL
Q1_TRAIL_1_3__Q2_TIE__Q3_TRAIL_4_7,5,0,0.0,,1,0.2,-9.0,0.1361534595489502,SAMPLE_TOO_SMALL
Q1_TRAIL_1_3__Q2_TRAIL_1_3__Q3_TRAIL_14_PLUS,5,0,0.0,,0,0.0,-17.4,0.028281131759285927,SAMPLE_TOO_SMALL
Q1_TRAIL_8_13__Q2_TRAIL_1_3__Q3_TRAIL_4_7,5,0,0.0,,2,0.4,-7.2,0.17988115549087524,SAMPLE_TOO_SMALL
Q1_LEAD_14_PLUS__Q2_LEAD_4_7__Q3_LEAD_14_PLUS,4,4,1.0,,4,1.0,11.25,0.9704342484474182,SAMPLE_TOO_SMALL
Q1_LEAD_1_3__Q2_LEAD_1_3__Q3_LEAD_14_PLUS,4,4,1.0,,4,1.0,9.0,0.9310956597328186,SAMPLE_TOO_SMALL
Q1_LEAD_1_3__Q2_LEAD_8_13__Q3_LEAD_1_3,4,4,1.0,,4,1.0,6.25,0.65947625041008,SAMPLE_TOO_SMALL
Q1_LEAD_4_7__Q2_LEAD_1_3__Q3_LEAD_14_PLUS,4,4,1.0,,4,1.0,10.75,0.9603770673274994,SAMPLE_TOO_SMALL
Q1_TIE__Q2_LEAD_14_PLUS__Q3_LEAD_8_13,4,4,1.0,,4,1.0,13.5,0.9174001216888428,SAMPLE_TOO_SMALL
Q1_TRAIL_1_3__Q2_LEAD_14_PLUS__Q3_LEAD_14_PLUS,4,4,1.0,,4,1.0,12.0,0.9565088450908661,SAMPLE_TOO_SMALL
Q1_TRAIL_1_3__Q2_LEAD_8_13__Q3_LEAD_1_3,4,4,1.0,,4,1.0,5.5,0.6263546645641327,SAMPLE_TOO_SMALL
Q1_LEAD_4_7__Q2_TIE__Q3_LEAD_1_3,4,3,0.75,-300.0,3,0.75,2.25,0.6552774310112,SAMPLE_TOO_SMALL
Q1_LEAD_8_13__Q2_LEAD_8_13__Q3_LEAD_4_7,4,3,0.75,-300.0,4,1.0,3.25,0.7471437156200409,SAMPLE_TOO_SMALL
Q1_TIE__Q2_LEAD_1_3__Q3_LEAD_8_13,4,3,0.75,-300.0,4,1.0,3.75,0.8514675199985504,SAMPLE_TOO_SMALL
Q1_TIE__Q2_TRAIL_4_7__Q3_LEAD_4_7,4,3,0.75,-300.0,4,1.0,4.0,0.7331750690937042,SAMPLE_TOO_SMALL
Q1_TRAIL_1_3__Q2_LEAD_4_7__Q3_LEAD_1_3,4,3,0.75,-300.0,4,1.0,2.5,0.6427063643932343,SAMPLE_TOO_SMALL
Q1_TRAIL_4_7__Q2_LEAD_14_PLUS__Q3_LEAD_14_PLUS,4,3,0.75,-300.0,3,0.75,7.5,0.9691000580787659,SAMPLE_TOO_SMALL
Q1_TRAIL_8_13__Q2_TRAIL_1_3__Q3_LEAD_4_7,4,3,0.75,-300.0,3,0.75,3.75,0.723421573638916,SAMPLE_TOO_SMALL
Q1_LEAD_1_3__Q2_LEAD_1_3__Q3_TRAIL_1_3,4,2,0.5,-100.0,3,0.75,0.75,0.44472362101078033,SAMPLE_TOO_SMALL
Q1_LEAD_8_13__Q2_LEAD_8_13__Q3_LEAD_1_3,4,2,0.5,-100.0,3,0.75,-1.25,0.6048322319984436,SAMPLE_TOO_SMALL
Q1_TRAIL_1_3__Q2_LEAD_1_3__Q3_LEAD_8_13,4,2,0.5,-100.0,4,1.0,10.25,0.8871966302394867,SAMPLE_TOO_SMALL
Q1_TRAIL_1_3__Q2_TRAIL_8_13__Q3_TRAIL_1_3,4,2,0.5,-100.0,2,0.5,-5.75,0.28912290930747986,SAMPLE_TOO_SMALL
Q1_TRAIL_8_13__Q2_TRAIL_1_3__Q3_TRAIL_1_3,4,2,0.5,-100.0,4,1.0,1.5,0.37719783186912537,SAMPLE_TOO_SMALL
Q1_TRAIL_8_13__Q2_TRAIL_4_7__Q3_TRAIL_1_3,4,2,0.5,-100.0,3,0.75,-3.75,0.34733082354068756,SAMPLE_TOO_SMALL
Q1_LEAD_1_3__Q2_LEAD_8_13__Q3_TRAIL_1_3,4,1,0.25,300.0,2,0.5,-2.25,0.4496355503797531,SAMPLE_TOO_SMALL
Q1_LEAD_1_3__Q2_TRAIL_4_7__Q3_TRAIL_1_3,4,1,0.25,300.0,4,1.0,-1.0,0.28159087896347046,SAMPLE_TOO_SMALL
Q1_LEAD_4_7__Q2_LEAD_1_3__Q3_TIE,4,1,0.25,300.0,2,0.5,-2.5,0.5859829187393188,SAMPLE_TOO_SMALL
Q1_LEAD_4_7__Q2_LEAD_4_7__Q3_TRAIL_8_13,4,1,0.25,300.0,1,0.25,-7.25,0.1893681138753891,SAMPLE_TOO_SMALL
Q1_LEAD_4_7__Q2_LEAD_8_13__Q3_TRAIL_4_7,4,1,0.25,300.0,3,0.75,-0.5,0.3585450351238251,SAMPLE_TOO_SMALL
Q1_LEAD_4_7__Q2_TRAIL_4_7__Q3_LEAD_1_3,4,1,0.25,300.0,3,0.75,-2.75,0.5941269099712372,SAMPLE_TOO_SMALL
Q1_LEAD_8_13__Q2_LEAD_1_3__Q3_TIE,4,1,0.25,300.0,3,0.75,-4.0,0.4979182034730911,SAMPLE_TOO_SMALL
Q1_TRAIL_14_PLUS__Q2_TRAIL_14_PLUS__Q3_TRAIL_4_7,4,1,0.25,300.0,1,0.25,-4.75,0.19558419287204742,SAMPLE_TOO_SMALL
Q1_TRAIL_14_PLUS__Q2_TRAIL_8_13__Q3_TRAIL_4_7,4,1,0.25,300.0,1,0.25,-8.75,0.2263660579919815,SAMPLE_TOO_SMALL
Q1_TRAIL_1_3__Q2_TIE__Q3_TIE,4,1,0.25,300.0,2,0.5,-6.75,0.547644853591919,SAMPLE_TOO_SMALL
Q1_TRAIL_4_7__Q2_LEAD_4_7__Q3_LEAD_1_3,4,1,0.25,300.0,1,0.25,-4.0,0.70353564620018,SAMPLE_TOO_SMALL
Q1_TRAIL_4_7__Q2_TIE__Q3_LEAD_1_3,4,1,0.25,300.0,2,0.5,0.0,0.5509025752544403,SAMPLE_TOO_SMALL
Q1_TRAIL_4_7__Q2_TRAIL_14_PLUS__Q3_TRAIL_1_3,4,1,0.25,300.0,4,1.0,-2.5,0.2944793105125427,SAMPLE_TOO_SMALL
Q1_LEAD_4_7__Q2_TRAIL_1_3__Q3_TRAIL_1_3,4,0,0.0,,2,0.5,-8.0,0.3279353976249695,SAMPLE_TOO_SMALL
Q1_LEAD_4_7__Q2_TRAIL_4_7__Q3_TIE,4,0,0.0,,2,0.5,-6.75,0.34536847472190857,SAMPLE_TOO_SMALL
Q1_TIE__Q2_LEAD_1_3__Q3_TRAIL_14_PLUS,4,0,0.0,,0,0.0,-16.0,0.033211423084139824,SAMPLE_TOO_SMALL
Q1_TRAIL_1_3__Q2_LEAD_1_3__Q3_LEAD_4_7,4,0,0.0,,2,0.5,-4.5,0.7165492177009583,SAMPLE_TOO_SMALL
Q1_TRAIL_4_7__Q2_TRAIL_1_3__Q3_TRAIL_14_PLUS,4,0,0.0,,0,0.0,-12.5,0.029146479442715645,SAMPLE_TOO_SMALL
Q1_LEAD_1_3__Q2_LEAD_14_PLUS__Q3_LEAD_8_13,3,3,1.0,,3,1.0,7.0,0.9243990778923035,SAMPLE_TOO_SMALL
Q1_LEAD_1_3__Q2_LEAD_8_13__Q3_TIE,3,3,1.0,,3,1.0,12.666666666666666,0.5133870840072632,SAMPLE_TOO_SMALL
Q1_LEAD_1_3__Q2_TRAIL_1_3__Q3_LEAD_4_7,3,3,1.0,,3,1.0,7.666666666666667,0.7230706214904785,SAMPLE_TOO_SMALL
Q1_LEAD_4_7__Q2_TIE__Q3_LEAD_4_7,3,3,1.0,,3,1.0,8.0,0.7350225448608398,SAMPLE_TOO_SMALL
Q1_TRAIL_1_3__Q2_LEAD_8_13__Q3_LEAD_14_PLUS,3,3,1.0,,3,1.0,10.666666666666666,0.9657265543937683,SAMPLE_TOO_SMALL
Q1_TRAIL_1_3__Q2_TIE__Q3_LEAD_4_7,3,3,1.0,,3,1.0,6.333333333333333,0.8308938145637512,SAMPLE_TOO_SMALL
Q1_TRAIL_1_3__Q2_TRAIL_4_7__Q3_LEAD_4_7,3,3,1.0,,3,1.0,7.333333333333333,0.6853785514831543,SAMPLE_TOO_SMALL
Q1_TRAIL_4_7__Q2_LEAD_1_3__Q3_LEAD_8_13,3,3,1.0,,3,1.0,9.666666666666666,0.8148581981658936,SAMPLE_TOO_SMALL
Q1_TRAIL_4_7__Q2_TIE__Q3_LEAD_8_13,3,3,1.0,,3,1.0,4.0,0.870003342628479,SAMPLE_TOO_SMALL
Q1_LEAD_1_3__Q2_TRAIL_1_3__Q3_TRAIL_1_3,3,2,0.6666666666666666,-199.99999999999994,3,1.0,0.3333333333333333,0.453522652387619,SAMPLE_TOO_SMALL
Q1_LEAD_4_7__Q2_TRAIL_1_3__Q3_TIE,3,2,0.6666666666666666,-199.99999999999994,3,1.0,1.3333333333333333,0.4156618118286133,SAMPLE_TOO_SMALL
Q1_TIE__Q2_LEAD_1_3__Q3_LEAD_14_PLUS,3,2,0.6666666666666666,-199.99999999999994,2,0.6666666666666666,6.666666666666667,0.9728090167045593,SAMPLE_TOO_SMALL
Q1_TIE__Q2_TRAIL_4_7__Q3_LEAD_1_3,3,2,0.6666666666666666,-199.99999999999994,3,1.0,0.6666666666666666,0.6303126811981201,SAMPLE_TOO_SMALL
Q1_TRAIL_1_3__Q2_LEAD_4_7__Q3_LEAD_14_PLUS,3,2,0.6666666666666666,-199.99999999999994,3,1.0,8.0,0.983026921749115,SAMPLE_TOO_SMALL
Q1_TRAIL_1_3__Q2_TIE__Q3_LEAD_1_3,3,2,0.6666666666666666,-199.99999999999994,2,0.6666666666666666,-2.3333333333333335,0.5574219822883606,SAMPLE_TOO_SMALL
Q1_TRAIL_1_3__Q2_TRAIL_1_3__Q3_LEAD_1_3,3,2,0.6666666666666666,-199.99999999999994,3,1.0,0.6666666666666666,0.5946974158287048,SAMPLE_TOO_SMALL
Q1_TRAIL_4_7__Q2_TRAIL_1_3__Q3_LEAD_8_13,3,2,0.6666666666666666,-199.99999999999994,3,1.0,7.666666666666667,0.828425407409668,SAMPLE_TOO_SMALL
Q1_TRAIL_8_13__Q2_TRAIL_14_PLUS__Q3_TRAIL_1_3,3,2,0.6666666666666666,-199.99999999999994,2,0.6666666666666666,0.3333333333333333,0.27262842655181885,SAMPLE_TOO_SMALL
Q1_LEAD_1_3__Q2_TRAIL_4_7__Q3_TIE,3,1,0.3333333333333333,200.00000000000003,2,0.6666666666666666,1.3333333333333333,0.44540783762931824,SAMPLE_TOO_SMALL
Q1_LEAD_4_7__Q2_TIE__Q3_TRAIL_1_3,3,1,0.3333333333333333,200.00000000000003,2,0.6666666666666666,-2.0,0.35718023777008057,SAMPLE_TOO_SMALL
Q1_LEAD_8_13__Q2_LEAD_1_3__Q3_TRAIL_1_3,3,1,0.3333333333333333,200.00000000000003,2,0.6666666666666666,-2.3333333333333335,0.20634829998016357,SAMPLE_TOO_SMALL
Q1_LEAD_8_13__Q2_LEAD_4_7__Q3_LEAD_1_3,3,1,0.3333333333333333,200.00000000000003,1,0.3333333333333333,-2.0,0.5866442918777466,SAMPLE_TOO_SMALL
Q1_TIE__Q2_LEAD_1_3__Q3_TIE,3,1,0.3333333333333333,200.00000000000003,2,0.6666666666666666,-2.0,0.5445164442062378,SAMPLE_TOO_SMALL
Q1_TRAIL_1_3__Q2_LEAD_1_3__Q3_TIE,3,1,0.3333333333333333,200.00000000000003,1,0.3333333333333333,-1.3333333333333333,0.5820962190628052,SAMPLE_TOO_SMALL
Q1_TRAIL_4_7__Q2_LEAD_1_3__Q3_TIE,3,1,0.3333333333333333,200.00000000000003,2,0.6666666666666666,-0.6666666666666666,0.5133870840072632,SAMPLE_TOO_SMALL
Q1_TRAIL_4_7__Q2_TRAIL_8_13__Q3_TIE,3,1,0.3333333333333333,200.00000000000003,2,0.6666666666666666,-2.0,0.4737977981567383,SAMPLE_TOO_SMALL
Q1_LEAD_4_7__Q2_TRAIL_1_3__Q3_LEAD_1_3,3,0,0.0,,2,0.6666666666666666,-5.333333333333333,0.37161076068878174,SAMPLE_TOO_SMALL
Q1_TRAIL_1_3__Q2_TRAIL_14_PLUS__Q3_TRAIL_4_7,3,0,0.0,,0,0.0,-12.666666666666666,0.1574980616569519,SAMPLE_TOO_SMALL
Q1_TRAIL_8_13__Q2_TRAIL_1_3__Q3_TRAIL_8_13,3,0,0.0,,0,0.0,-9.666666666666666,0.2696450352668762,SAMPLE_TOO_SMALL
Q1_TRAIL_8_13__Q2_TRAIL_4_7__Q3_TRAIL_14_PLUS,3,0,0.0,,0,0.0,-10.333333333333334,0.05460071936249733,SAMPLE_TOO_SMALL
Q1_LEAD_14_PLUS__Q2_LEAD_14_PLUS__Q3_LEAD_8_13,2,2,1.0,,2,1.0,10.5,0.8846189379692078,SAMPLE_TOO_SMALL
Q1_LEAD_14_PLUS__Q2_LEAD_4_7__Q3_LEAD_4_7,2,2,1.0,,2,1.0,3.0,0.6928464472293854,SAMPLE_TOO_SMALL
Q1_LEAD_14_PLUS__Q2_LEAD_8_13__Q3_LEAD_14_PLUS,2,2,1.0,,2,1.0,11.5,0.9614318907260895,SAMPLE_TOO_SMALL
Q1_LEAD_4_7__Q2_LEAD_1_3__Q3_LEAD_8_13,2,2,1.0,,2,1.0,7.0,0.7630363702774048,SAMPLE_TOO_SMALL
Q1_LEAD_8_13__Q2_LEAD_14_PLUS__Q3_LEAD_4_7,2,2,1.0,,2,1.0,13.5,0.8496399819850922,SAMPLE_TOO_SMALL
Q1_LEAD_8_13__Q2_LEAD_4_7__Q3_LEAD_14_PLUS,2,2,1.0,,2,1.0,12.0,0.9662925601005554,SAMPLE_TOO_SMALL
Q1_LEAD_8_13__Q2_TRAIL_1_3__Q3_LEAD_4_7,2,2,1.0,,2,1.0,8.5,0.7736803889274597,SAMPLE_TOO_SMALL
Q1_TIE__Q2_TIE__Q3_LEAD_14_PLUS,2,2,1.0,,2,1.0,6.5,0.950890839099884,SAMPLE_TOO_SMALL
Q1_TIE__Q2_TRAIL_4_7__Q3_LEAD_8_13,2,2,1.0,,2,1.0,13.0,0.888929545879364,SAMPLE_TOO_SMALL
Q1_TRAIL_8_13__Q2_LEAD_1_3__Q3_LEAD_1_3,2,2,1.0,,2,1.0,5.0,0.482435017824173,SAMPLE_TOO_SMALL
Q1_TRAIL_8_13__Q2_TIE__Q3_LEAD_8_13,2,2,1.0,,2,1.0,10.5,0.9109667837619781,SAMPLE_TOO_SMALL
Q1_TRAIL_8_13__Q2_TRAIL_1_3__Q3_LEAD_8_13,2,2,1.0,,2,1.0,6.0,0.8699035048484802,SAMPLE_TOO_SMALL
Q1_LEAD_14_PLUS__Q2_LEAD_1_3__Q3_LEAD_4_7,2,1,0.5,-100.0,2,1.0,0.0,0.6947343945503235,SAMPLE_TOO_SMALL
Q1_LEAD_14_PLUS__Q2_LEAD_1_3__Q3_TRAIL_1_3,2,1,0.5,-100.0,2,1.0,2.0,0.47373004257678986,SAMPLE_TOO_SMALL
Q1_LEAD_1_3__Q2_TRAIL_1_3__Q3_LEAD_1_3,2,1,0.5,-100.0,2,1.0,1.5,0.6540988683700562,SAMPLE_TOO_SMALL
Q1_LEAD_1_3__Q2_TRAIL_8_13__Q3_TRAIL_4_7,2,1,0.5,-100.0,2,1.0,-1.0,0.21903300285339355,SAMPLE_TOO_SMALL
Q1_LEAD_4_7__Q2_LEAD_14_PLUS__Q3_TIE,2,1,0.5,-100.0,2,1.0,1.5,0.5331172347068787,SAMPLE_TOO_SMALL
Q1_LEAD_4_7__Q2_TRAIL_1_3__Q3_LEAD_4_7,2,1,0.5,-100.0,2,1.0,1.0,0.6554390490055084,SAMPLE_TOO_SMALL
Q1_LEAD_4_7__Q2_TRAIL_4_7__Q3_LEAD_4_7,2,1,0.5,-100.0,2,1.0,6.0,0.7760384976863861,SAMPLE_TOO_SMALL
Q1_LEAD_8_13__Q2_LEAD_1_3__Q3_LEAD_4_7,2,1,0.5,-100.0,2,1.0,1.0,0.7952030301094055,SAMPLE_TOO_SMALL
Q1_LEAD_8_13__Q2_TIE__Q3_TRAIL_1_3,2,1,0.5,-100.0,2,1.0,0.5,0.49269481003284454,SAMPLE_TOO_SMALL
Q1_LEAD_8_13__Q2_TRAIL_4_7__Q3_TRAIL_4_7,2,1,0.5,-100.0,1,0.5,1.5,0.25060299038887024,SAMPLE_TOO_SMALL
Q1_TIE__Q2_LEAD_14_PLUS__Q3_LEAD_1_3,2,1,0.5,-100.0,1,0.5,0.0,0.627406895160675,SAMPLE_TOO_SMALL
Q1_TRAIL_1_3__Q2_LEAD_1_3__Q3_TRAIL_4_7,2,1,0.5,-100.0,2,1.0,2.0,0.3854282945394516,SAMPLE_TOO_SMALL
Q1_TRAIL_1_3__Q2_TRAIL_1_3__Q3_TIE,2,1,0.5,-100.0,2,1.0,0.5,0.5764725506305695,SAMPLE_TOO_SMALL
Q1_TRAIL_1_3__Q2_TRAIL_4_7__Q3_LEAD_1_3,2,1,0.5,-100.0,2,1.0,0.0,0.46830353140830994,SAMPLE_TOO_SMALL
Q1_TRAIL_4_7__Q2_LEAD_4_7__Q3_TRAIL_1_3,2,1,0.5,-100.0,1,0.5,0.0,0.3286080062389374,SAMPLE_TOO_SMALL
Q1_TRAIL_4_7__Q2_LEAD_8_13__Q3_LEAD_4_7,2,1,0.5,-100.0,1,0.5,-4.5,0.6851979196071625,SAMPLE_TOO_SMALL
Q1_TRAIL_4_7__Q2_TRAIL_8_13__Q3_LEAD_1_3,2,1,0.5,-100.0,1,0.5,-4.0,0.5662566125392914,SAMPLE_TOO_SMALL
Q1_TRAIL_4_7__Q2_TRAIL_8_13__Q3_LEAD_4_7,2,1,0.5,-100.0,2,1.0,2.0,0.6891040503978729,SAMPLE_TOO_SMALL
Q1_TRAIL_8_13__Q2_TIE__Q3_LEAD_4_7,2,1,0.5,-100.0,2,1.0,5.0,0.8236767053604126,SAMPLE_TOO_SMALL
Q1_TRAIL_8_13__Q2_TIE__Q3_TRAIL_1_3,2,1,0.5,-100.0,1,0.5,-0.5,0.4435475766658783,SAMPLE_TOO_SMALL
Q1_TRAIL_8_13__Q2_TRAIL_1_3__Q3_LEAD_1_3,2,1,0.5,-100.0,1,0.5,2.0,0.5197960138320923,SAMPLE_TOO_SMALL
Q1_LEAD_1_3__Q2_TRAIL_1_3__Q3_TRAIL_14_PLUS,2,0,0.0,,0,0.0,-14.0,0.030354708433151245,SAMPLE_TOO_SMALL
Q1_LEAD_8_13__Q2_LEAD_1_3__Q3_TRAIL_4_7,2,0,0.0,,1,0.5,-3.5,0.32592804729938507,SAMPLE_TOO_SMALL
Q1_LEAD_8_13__Q2_LEAD_8_13__Q3_TRAIL_1_3,2,0,0.0,,1,0.5,-4.0,0.31475991010665894,SAMPLE_TOO_SMALL
Q1_LEAD_8_13__Q2_TIE__Q3_TIE,2,0,0.0,,1,0.5,-5.0,0.42903728783130646,SAMPLE_TOO_SMALL
Q1_LEAD_8_13__Q2_TRAIL_14_PLUS__Q3_TRAIL_14_PLUS,2,0,0.0,,0,0.0,-26.5,0.008520538685843349,SAMPLE_TOO_SMALL
Q1_TIE__Q2_LEAD_8_13__Q3_TIE,2,0,0.0,,0,0.0,-5.0,0.5334268659353256,SAMPLE_TOO_SMALL
Q1_TRAIL_14_PLUS__Q2_TRAIL_1_3__Q3_TRAIL_4_7,2,0,0.0,,0,0.0,-7.5,0.24403396248817444,SAMPLE_TOO_SMALL
Q1_TRAIL_14_PLUS__Q2_TRAIL_4_7__Q3_TRAIL_14_PLUS,2,0,0.0,,0,0.0,-28.0,0.0119647067040205,SAMPLE_TOO_SMALL
Q1_TRAIL_1_3__Q2_LEAD_4_7__Q3_TRAIL_14_PLUS,2,0,0.0,,0,0.0,-17.0,0.03820438124239445,SAMPLE_TOO_SMALL
Q1_TRAIL_1_3__Q2_TRAIL_4_7__Q3_TIE,2,0,0.0,,1,0.5,-9.0,0.5406056642532349,SAMPLE_TOO_SMALL
Q1_TRAIL_4_7__Q2_LEAD_1_3__Q3_TRAIL_8_13,2,0,0.0,,0,0.0,-8.0,0.15444332361221313,SAMPLE_TOO_SMALL
Q1_TRAIL_4_7__Q2_TRAIL_4_7__Q3_LEAD_8_13,2,0,0.0,,2,1.0,-1.5,0.8894826769828796,SAMPLE_TOO_SMALL
Q1_TRAIL_8_13__Q2_TRAIL_14_PLUS__Q3_TRAIL_4_7,2,0,0.0,,2,1.0,-4.0,0.23990216106176376,SAMPLE_TOO_SMALL
Q1_TRAIL_8_13__Q2_TRAIL_1_3__Q3_TRAIL_14_PLUS,2,0,0.0,,0,0.0,-19.5,0.05185127258300781,SAMPLE_TOO_SMALL
Q1_LEAD_14_PLUS__Q2_LEAD_1_3__Q3_LEAD_8_13,1,1,1.0,,1,1.0,6.0,0.9021660685539246,SAMPLE_TOO_SMALL
Q1_LEAD_14_PLUS__Q2_LEAD_8_13__Q3_LEAD_4_7,1,1,1.0,,1,1.0,4.0,0.7874918580055237,SAMPLE_TOO_SMALL
Q1_LEAD_14_PLUS__Q2_TIE__Q3_LEAD_1_3,1,1,1.0,,1,1.0,12.0,0.6766684055328369,SAMPLE_TOO_SMALL
Q1_LEAD_14_PLUS__Q2_TIE__Q3_LEAD_4_7,1,1,1.0,,1,1.0,5.0,0.8474739193916321,SAMPLE_TOO_SMALL
Q1_LEAD_14_PLUS__Q2_TIE__Q3_TIE,1,1,1.0,,1,1.0,3.0,0.6928766965866089,SAMPLE_TOO_SMALL
Q1_LEAD_1_3__Q2_LEAD_14_PLUS__Q3_LEAD_1_3,1,1,1.0,,1,1.0,2.0,0.7267355918884277,SAMPLE_TOO_SMALL
Q1_LEAD_1_3__Q2_LEAD_14_PLUS__Q3_LEAD_4_7,1,1,1.0,,1,1.0,10.0,0.8582152724266052,SAMPLE_TOO_SMALL
Q1_LEAD_1_3__Q2_LEAD_4_7__Q3_LEAD_14_PLUS,1,1,1.0,,1,1.0,23.0,0.9570392370223999,SAMPLE_TOO_SMALL
Q1_LEAD_1_3__Q2_TRAIL_4_7__Q3_LEAD_8_13,1,1,1.0,,1,1.0,14.0,0.8293628096580505,SAMPLE_TOO_SMALL
Q1_LEAD_4_7__Q2_LEAD_8_13__Q3_TIE,1,1,1.0,,1,1.0,3.0,0.6792327761650085,SAMPLE_TOO_SMALL
Q1_LEAD_8_13__Q2_LEAD_1_3__Q3_LEAD_14_PLUS,1,1,1.0,,1,1.0,13.0,0.9802913665771484,SAMPLE_TOO_SMALL
Q1_LEAD_8_13__Q2_TIE__Q3_LEAD_4_7,1,1,1.0,,1,1.0,11.0,0.808327853679657,SAMPLE_TOO_SMALL
Q1_TIE__Q2_LEAD_14_PLUS__Q3_TRAIL_4_7,1,1,1.0,,1,1.0,3.0,0.5491352081298828,SAMPLE_TOO_SMALL
Q1_TIE__Q2_LEAD_8_13__Q3_TRAIL_1_3,1,1,1.0,,1,1.0,6.0,0.41045698523521423,SAMPLE_TOO_SMALL
Q1_TIE__Q2_TRAIL_1_3__Q3_LEAD_8_13,1,1,1.0,,1,1.0,2.0,0.8279472589492798,SAMPLE_TOO_SMALL
Q1_TIE__Q2_TRAIL_8_13__Q3_LEAD_1_3,1,1,1.0,,1,1.0,5.0,0.5658207535743713,SAMPLE_TOO_SMALL
Q1_TIE__Q2_TRAIL_8_13__Q3_LEAD_4_7,1,1,1.0,,1,1.0,4.0,0.6742157340049744,SAMPLE_TOO_SMALL
Q1_TRAIL_14_PLUS__Q2_LEAD_1_3__Q3_LEAD_8_13,1,1,1.0,,1,1.0,17.0,0.9535378217697144,SAMPLE_TOO_SMALL
Q1_TRAIL_14_PLUS__Q2_LEAD_4_7__Q3_TRAIL_1_3,1,1,1.0,,1,1.0,7.0,0.4076012372970581,SAMPLE_TOO_SMALL
Q1_TRAIL_14_PLUS__Q2_TRAIL_1_3__Q3_TRAIL_1_3,1,1,1.0,,1,1.0,3.0,0.38642457127571106,SAMPLE_TOO_SMALL
Q1_TRAIL_1_3__Q2_LEAD_4_7__Q3_TIE,1,1,1.0,,1,1.0,6.0,0.44272488355636597,SAMPLE_TOO_SMALL
Q1_TRAIL_1_3__Q2_TIE__Q3_LEAD_14_PLUS,1,1,1.0,,1,1.0,7.0,0.9066512584686279,SAMPLE_TOO_SMALL
Q1_TRAIL_1_3__Q2_TRAIL_14_PLUS__Q3_TIE,1,1,1.0,,1,1.0,3.0,0.40089255571365356,SAMPLE_TOO_SMALL
Q1_TRAIL_1_3__Q2_TRAIL_4_7__Q3_LEAD_8_13,1,1,1.0,,1,1.0,5.0,0.8514713644981384,SAMPLE_TOO_SMALL
Q1_TRAIL_4_7__Q2_LEAD_14_PLUS__Q3_LEAD_8_13,1,1,1.0,,1,1.0,2.0,0.8572501540184021,SAMPLE_TOO_SMALL
Q1_TRAIL_4_7__Q2_TIE__Q3_LEAD_14_PLUS,1,1,1.0,,1,1.0,7.0,0.9824408888816833,SAMPLE_TOO_SMALL
Q1_TRAIL_4_7__Q2_TRAIL_14_PLUS__Q3_TIE,1,1,1.0,,1,1.0,4.0,0.341616690158844,SAMPLE_TOO_SMALL
Q1_TRAIL_4_7__Q2_TRAIL_4_7__Q3_LEAD_14_PLUS,1,1,1.0,,1,1.0,3.0,0.970276951789856,SAMPLE_TOO_SMALL
Q1_TRAIL_8_13__Q2_LEAD_14_PLUS__Q3_LEAD_14_PLUS,1,1,1.0,,1,1.0,28.0,0.9996097683906555,SAMPLE_TOO_SMALL
Q1_TRAIL_8_13__Q2_LEAD_1_3__Q3_LEAD_8_13,1,1,1.0,,1,1.0,20.0,0.9218201637268066,SAMPLE_TOO_SMALL
Q1_TRAIL_8_13__Q2_LEAD_1_3__Q3_TRAIL_1_3,1,1,1.0,,1,1.0,1.0,0.5153094530105591,SAMPLE_TOO_SMALL
Q1_TRAIL_8_13__Q2_LEAD_4_7__Q3_LEAD_4_7,1,1,1.0,,1,1.0,3.0,0.8238368034362793,SAMPLE_TOO_SMALL
Q1_TRAIL_8_13__Q2_LEAD_8_13__Q3_LEAD_8_13,1,1,1.0,,1,1.0,2.0,0.8427888751029968,SAMPLE_TOO_SMALL
Q1_TRAIL_8_13__Q2_TRAIL_8_13__Q3_TRAIL_1_3,1,1,1.0,,1,1.0,10.0,0.5712199211120605,SAMPLE_TOO_SMALL
Q1_LEAD_14_PLUS__Q2_LEAD_14_PLUS__Q3_LEAD_1_3,1,0,0.0,,0,0.0,-4.0,0.6213634014129639,SAMPLE_TOO_SMALL
Q1_LEAD_14_PLUS__Q2_LEAD_4_7__Q3_TRAIL_1_3,1,0,0.0,,1,1.0,-13.0,0.25432342290878296,SAMPLE_TOO_SMALL
Q1_LEAD_14_PLUS__Q2_LEAD_4_7__Q3_TRAIL_8_13,1,0,0.0,,0,0.0,-10.0,0.1916997730731964,SAMPLE_TOO_SMALL
Q1_LEAD_14_PLUS__Q2_TRAIL_4_7__Q3_TRAIL_14_PLUS,1,0,0.0,,0,0.0,-21.0,0.027434170246124268,SAMPLE_TOO_SMALL
Q1_LEAD_14_PLUS__Q2_TRAIL_4_7__Q3_TRAIL_4_7,1,0,0.0,,0,0.0,-8.0,0.11981892585754395,SAMPLE_TOO_SMALL
Q1_LEAD_1_3__Q2_LEAD_14_PLUS__Q3_TRAIL_1_3,1,0,0.0,,0,0.0,-11.0,0.2739802598953247,SAMPLE_TOO_SMALL
Q1_LEAD_1_3__Q2_LEAD_4_7__Q3_TRAIL_4_7,1,0,0.0,,1,1.0,-6.0,0.23960895836353302,SAMPLE_TOO_SMALL
Q1_LEAD_1_3__Q2_LEAD_8_13__Q3_TRAIL_4_7,1,0,0.0,,0,0.0,-7.0,0.2837959825992584,SAMPLE_TOO_SMALL
Q1_LEAD_1_3__Q2_TIE__Q3_TRAIL_14_PLUS,1,0,0.0,,0,0.0,-14.0,0.032765865325927734,SAMPLE_TOO_SMALL
Q1_LEAD_1_3__Q2_TIE__Q3_TRAIL_1_3,1,0,0.0,,1,1.0,-5.0,0.38468003273010254,SAMPLE_TOO_SMALL
Q1_LEAD_1_3__Q2_TRAIL_14_PLUS__Q3_TRAIL_4_7,1,0,0.0,,0,0.0,-28.0,0.10440552234649658,SAMPLE_TOO_SMALL
Q1_LEAD_1_3__Q2_TRAIL_14_PLUS__Q3_TRAIL_8_13,1,0,0.0,,0,0.0,-17.0,0.11032778024673462,SAMPLE_TOO_SMALL
Q1_LEAD_1_3__Q2_TRAIL_1_3__Q3_TIE,1,0,0.0,,0,0.0,-3.0,0.5895830988883972,SAMPLE_TOO_SMALL
Q1_LEAD_1_3__Q2_TRAIL_8_13__Q3_LEAD_1_3,1,0,0.0,,1,1.0,-6.0,0.4697226881980896,SAMPLE_TOO_SMALL
Q1_LEAD_1_3__Q2_TRAIL_8_13__Q3_TRAIL_1_3,1,0,0.0,,0,0.0,-35.0,0.2233850359916687,SAMPLE_TOO_SMALL
Q1_LEAD_4_7__Q2_LEAD_14_PLUS__Q3_LEAD_1_3,1,0,0.0,,1,1.0,-4.0,0.6758416295051575,SAMPLE_TOO_SMALL
Q1_LEAD_4_7__Q2_LEAD_1_3__Q3_TRAIL_14_PLUS,1,0,0.0,,0,0.0,-8.0,0.09925700724124908,SAMPLE_TOO_SMALL
Q1_LEAD_4_7__Q2_LEAD_4_7__Q3_TRAIL_14_PLUS,1,0,0.0,,1,1.0,-3.0,0.09696856886148453,SAMPLE_TOO_SMALL
Q1_LEAD_4_7__Q2_LEAD_8_13__Q3_TRAIL_1_3,1,0,0.0,,1,1.0,-1.0,0.35758036375045776,SAMPLE_TOO_SMALL
Q1_LEAD_4_7__Q2_TIE__Q3_LEAD_8_13,1,0,0.0,,1,1.0,-4.0,0.8602086901664734,SAMPLE_TOO_SMALL
Q1_LEAD_4_7__Q2_TIE__Q3_TRAIL_14_PLUS,1,0,0.0,,0,0.0,-31.0,0.03198820352554321,SAMPLE_TOO_SMALL
Q1_LEAD_4_7__Q2_TIE__Q3_TRAIL_8_13,1,0,0.0,,0,0.0,-23.0,0.07577651739120483,SAMPLE_TOO_SMALL
Q1_LEAD_4_7__Q2_TRAIL_8_13__Q3_LEAD_1_3,1,0,0.0,,0,0.0,-14.0,0.530272364616394,SAMPLE_TOO_SMALL
Q1_LEAD_8_13__Q2_LEAD_14_PLUS__Q3_LEAD_1_3,1,0,0.0,,1,1.0,-1.0,0.6531566381454468,SAMPLE_TOO_SMALL
Q1_LEAD_8_13__Q2_LEAD_14_PLUS__Q3_TIE,1,0,0.0,,1,1.0,-4.0,0.5025658011436462,SAMPLE_TOO_SMALL
Q1_LEAD_8_13__Q2_LEAD_4_7__Q3_TIE,1,0,0.0,,1,1.0,-7.0,0.2991645336151123,SAMPLE_TOO_SMALL
Q1_LEAD_8_13__Q2_LEAD_8_13__Q3_TIE,1,0,0.0,,0,0.0,-3.0,0.6001095175743103,SAMPLE_TOO_SMALL
Q1_LEAD_8_13__Q2_TIE__Q3_LEAD_1_3,1,0,0.0,,1,1.0,-4.0,0.6177063584327698,SAMPLE_TOO_SMALL
Q1_LEAD_8_13__Q2_TIE__Q3_TRAIL_8_13,1,0,0.0,,0,0.0,-10.0,0.14214877784252167,SAMPLE_TOO_SMALL
Q1_LEAD_8_13__Q2_TRAIL_1_3__Q3_TRAIL_14_PLUS,1,0,0.0,,0,0.0,-21.0,0.023936593905091286,SAMPLE_TOO_SMALL
Q1_LEAD_8_13__Q2_TRAIL_1_3__Q3_TRAIL_8_13,1,0,0.0,,0,0.0,-16.0,0.0834168791770935,SAMPLE_TOO_SMALL
Q1_LEAD_8_13__Q2_TRAIL_4_7__Q3_LEAD_1_3,1,0,0.0,,0,0.0,-3.0,0.7413084506988525,SAMPLE_TOO_SMALL
Q1_LEAD_8_13__Q2_TRAIL_4_7__Q3_TRAIL_14_PLUS,1,0,0.0,,0,0.0,-10.0,0.000643312931060791,SAMPLE_TOO_SMALL
Q1_LEAD_8_13__Q2_TRAIL_4_7__Q3_TRAIL_8_13,1,0,0.0,,1,1.0,-3.0,0.14686495065689087,SAMPLE_TOO_SMALL
Q1_TIE__Q2_LEAD_4_7__Q3_TRAIL_14_PLUS,1,0,0.0,,0,0.0,-35.0,0.030794620513916016,SAMPLE_TOO_SMALL
Q1_TIE__Q2_LEAD_8_13__Q3_TRAIL_4_7,1,0,0.0,,0,0.0,-14.0,0.5437117218971252,SAMPLE_TOO_SMALL
Q1_TIE__Q2_TRAIL_14_PLUS__Q3_LEAD_1_3,1,0,0.0,,1,1.0,-3.0,0.5570111870765686,SAMPLE_TOO_SMALL
Q1_TIE__Q2_TRAIL_14_PLUS__Q3_TRAIL_1_3,1,0,0.0,,1,1.0,-3.0,0.5384963154792786,SAMPLE_TOO_SMALL
Q1_TIE__Q2_TRAIL_14_PLUS__Q3_TRAIL_4_7,1,0,0.0,,0,0.0,-21.0,0.19625051319599152,SAMPLE_TOO_SMALL
Q1_TRAIL_14_PLUS__Q2_LEAD_1_3__Q3_TIE,1,0,0.0,,0,0.0,-7.0,0.3752809762954712,SAMPLE_TOO_SMALL
Q1_TRAIL_14_PLUS__Q2_LEAD_1_3__Q3_TRAIL_4_7,1,0,0.0,,0,0.0,-24.0,0.3705286979675293,SAMPLE_TOO_SMALL
Q1_TRAIL_14_PLUS__Q2_TIE__Q3_LEAD_1_3,1,0,0.0,,0,0.0,-11.0,0.5580189228057861,SAMPLE_TOO_SMALL
Q1_TRAIL_14_PLUS__Q2_TIE__Q3_TRAIL_8_13,1,0,0.0,,0,0.0,-25.0,0.10290056467056274,SAMPLE_TOO_SMALL
Q1_TRAIL_14_PLUS__Q2_TRAIL_1_3__Q3_TRAIL_8_13,1,0,0.0,,0,0.0,-16.0,0.067461296916008,SAMPLE_TOO_SMALL
Q1_TRAIL_14_PLUS__Q2_TRAIL_4_7__Q3_TIE,1,0,0.0,,0,0.0,-7.0,0.44041913747787476,SAMPLE_TOO_SMALL
Q1_TRAIL_14_PLUS__Q2_TRAIL_8_13__Q3_LEAD_1_3,1,0,0.0,,0,0.0,-6.0,0.4701414704322815,SAMPLE_TOO_SMALL
Q1_TRAIL_14_PLUS__Q2_TRAIL_8_13__Q3_TIE,1,0,0.0,,1,1.0,-3.0,0.5160204172134399,SAMPLE_TOO_SMALL
Q1_TRAIL_1_3__Q2_LEAD_1_3__Q3_TRAIL_14_PLUS,1,0,0.0,,0,0.0,-28.0,0.03603959083557129,SAMPLE_TOO_SMALL
Q1_TRAIL_1_3__Q2_TIE__Q3_TRAIL_14_PLUS,1,0,0.0,,0,0.0,-17.0,0.16430802643299103,SAMPLE_TOO_SMALL
Q1_TRAIL_1_3__Q2_TRAIL_1_3__Q3_LEAD_8_13,1,0,0.0,,1,1.0,-6.0,0.8368514180183411,SAMPLE_TOO_SMALL
Q1_TRAIL_1_3__Q2_TRAIL_8_13__Q3_LEAD_1_3,1,0,0.0,,1,1.0,-2.0,0.3880554437637329,SAMPLE_TOO_SMALL
Q1_TRAIL_4_7__Q2_LEAD_4_7__Q3_TIE,1,0,0.0,,0,0.0,-6.0,0.49979057908058167,SAMPLE_TOO_SMALL
Q1_TRAIL_4_7__Q2_LEAD_4_7__Q3_TRAIL_4_7,1,0,0.0,,0,0.0,-12.0,0.32101354002952576,SAMPLE_TOO_SMALL
Q1_TRAIL_4_7__Q2_LEAD_4_7__Q3_TRAIL_8_13,1,0,0.0,,0,0.0,-5.0,0.15461955964565277,SAMPLE_TOO_SMALL
Q1_TRAIL_4_7__Q2_TIE__Q3_TRAIL_8_13,1,0,0.0,,0,0.0,-3.0,0.09231185913085938,SAMPLE_TOO_SMALL
Q1_TRAIL_4_7__Q2_TRAIL_14_PLUS__Q3_LEAD_4_7,1,0,0.0,,1,1.0,-2.0,0.7820000648498535,SAMPLE_TOO_SMALL
Q1_TRAIL_8_13__Q2_LEAD_1_3__Q3_LEAD_4_7,1,0,0.0,,0,0.0,-14.0,0.8037495017051697,SAMPLE_TOO_SMALL
Q1_TRAIL_8_13__Q2_LEAD_1_3__Q3_TRAIL_4_7,1,0,0.0,,0,0.0,-14.0,0.13566136360168457,SAMPLE_TOO_SMALL
Q1_TRAIL_8_13__Q2_TRAIL_4_7__Q3_LEAD_1_3,1,0,0.0,,1,1.0,-2.0,0.5807107090950012,SAMPLE_TOO_SMALL
