path_micro,cases,su_wins,su_win_rate,break_even_ml,covers,cover_rate_pregame_spread,avg_final_margin,median_q3_wp,sample_flag
Q1_WIN__Q2_WIN__Q3_WIN__Q3_LEAD_8+__SPREAD_2-3,108,102,0.9444444444444444,-1699.9999999999993,104,0.9629629629629629,13.805555555555555,0.9574201107025146,OK
Q1_WIN__Q2_WIN__Q3_WIN__Q3_LEAD_8+__SPREAD_3.5-4.5,51,45,0.8823529411764706,-749.9999999999998,50,0.9803921568627451,11.176470588235293,0.9556829333305359,OK
Q1_WIN__Q2_WIN__Q3_WIN__Q3_LEAD_8+__SPREAD_0.5-1.5,46,45,0.9782608695652174,-4500.000000000003,45,0.9782608695652174,16.47826086956522,0.9693618416786194,OK
Q1_WIN__Q2_WIN__Q3_WIN__Q3_LEAD_8+__SPREAD_5-6,36,34,0.9444444444444444,-1699.9999999999993,36,1.0,12.11111111111111,0.9366374611854553,OK
Q1_WIN__Q2_WIN__Q3_WIN__Q3_LEAD_4-7__SPREAD_2-3,31,23,0.7419354838709677,-287.5,24,0.7741935483870968,6.290322580645161,0.7831257581710815,OK
Q1_WIN__Q2_WIN__Q3_WIN__Q3_LEAD_4-7__SPREAD_3.5-4.5,29,20,0.6896551724137931,-222.22222222222229,24,0.8275862068965517,2.7241379310344827,0.7180043458938599,SAMPLE_TOO_SMALL
Q1_TIE__Q2_WIN__Q3_WIN__Q3_LEAD_8+__SPREAD_2-3,28,23,0.8214285714285714,-459.9999999999999,24,0.8571428571428571,10.928571428571429,0.9492791295051575,SAMPLE_TOO_SMALL
Q1_LOST__Q2_WIN__Q3_WIN__Q3_LEAD_8+__SPREAD_2-3,25,20,0.8,-400.0000000000001,22,0.88,8.84,0.9031344652175903,SAMPLE_TOO_SMALL
Q1_WIN__Q2_WIN__Q3_WIN__Q3_LEAD_8+__SPREAD_6.5-7,24,20,0.8333333333333334,-500.00000000000017,24,1.0,10.0,0.8988388180732727,SAMPLE_TOO_SMALL
Q1_WIN__Q2_WIN__Q3_WIN__Q3_LEAD_1-3__SPREAD_2-3,22,14,0.6363636363636364,-175.0,17,0.7727272727272727,3.5454545454545454,0.6144847273826599,SAMPLE_TOO_SMALL
Q1_WIN__Q2_WIN__Q3_WIN__Q3_LEAD_8+__SPREAD_7.5-9.5,21,18,0.8571428571428571,-599.9999999999998,21,1.0,12.333333333333334,0.943427562713623,SAMPLE_TOO_SMALL
Q1_WIN__Q2_WIN__Q3_WIN__Q3_LEAD_1-3__SPREAD_3.5-4.5,21,12,0.5714285714285714,-133.33333333333331,15,0.7142857142857143,-0.42857142857142855,0.5971131324768066,SAMPLE_TOO_SMALL
Q1_TIE__Q2_WIN__Q3_WIN__Q3_LEAD_4-7__SPREAD_2-3,17,11,0.6470588235294118,-183.33333333333334,12,0.7058823529411765,1.8235294117647058,0.7606667280197144,SAMPLE_TOO_SMALL
Q1_WIN__Q2_WIN__Q3_WIN__Q3_LEAD_4-7__SPREAD_7.5-9.5,15,10,0.6666666666666666,-199.99999999999994,15,1.0,1.4,0.7468512654304504,SAMPLE_TOO_SMALL
Q1_LOST__Q2_WIN__Q3_WIN__Q3_LEAD_8+__SPREAD_3.5-4.5,14,13,0.9285714285714286,-1300.0000000000007,14,1.0,10.5,0.8790310621261597,SAMPLE_TOO_SMALL
Q1_LOST__Q2_WIN__Q3_WIN__Q3_LEAD_4-7__SPREAD_2-3,14,6,0.42857142857142855,133.33333333333334,7,0.5,0.9285714285714286,0.7629051804542542,SAMPLE_TOO_SMALL
Q1_WIN__Q2_WIN__Q3_WIN__Q3_LEAD_4-7__SPREAD_0.5-1.5,13,13,1.0,,13,1.0,6.153846153846154,0.7556930184364319,SAMPLE_TOO_SMALL
Q1_LOST__Q2_WIN__Q3_WIN__Q3_LEAD_8+__SPREAD_0.5-1.5,13,12,0.9230769230769231,-1200.0000000000007,13,1.0,8.23076923076923,0.9243521094322205,SAMPLE_TOO_SMALL
Q1_WIN__Q2_WIN__Q3_WIN__Q3_LEAD_1-3__SPREAD_5-6,12,6,0.5,-100.0,11,0.9166666666666666,1.3333333333333333,0.6684005260467529,SAMPLE_TOO_SMALL
Q1_TIE__Q2_WIN__Q3_WIN__Q3_LEAD_8+__SPREAD_0.5-1.5,11,10,0.9090909090909091,-999.9999999999997,10,0.9090909090909091,13.727272727272727,0.9227837324142456,SAMPLE_TOO_SMALL
Q1_TIE__Q2_WIN__Q3_WIN__Q3_LEAD_4-7__SPREAD_3.5-4.5,11,8,0.7272727272727273,-266.6666666666667,10,0.9090909090909091,5.090909090909091,0.7677216529846191,SAMPLE_TOO_SMALL
Q1_LOST__Q2_WIN__Q3_WIN__Q3_LEAD_1-3__SPREAD_2-3,11,7,0.6363636363636364,-175.0,7,0.6363636363636364,1.3636363636363635,0.6636149287223816,SAMPLE_TOO_SMALL
Q1_TIE__Q2_WIN__Q3_WIN__Q3_LEAD_8+__SPREAD_3.5-4.5,10,8,0.8,-400.0000000000001,9,0.9,10.8,0.9362471699714661,SAMPLE_TOO_SMALL
Q1_WIN__Q2_WIN__Q3_WIN__Q3_LEAD_8+__SPREAD_10-13.5,10,8,0.8,-400.0000000000001,10,1.0,7.6,0.9161803126335144,SAMPLE_TOO_SMALL
Q1_TIE__Q2_WIN__Q3_WIN__Q3_LEAD_1-3__SPREAD_2-3,10,6,0.6,-150.0,7,0.7,2.0,0.5667614638805389,SAMPLE_TOO_SMALL
Q1_TIE__Q2_WIN__Q3_WIN__Q3_LEAD_1-3__SPREAD_3.5-4.5,10,5,0.5,-100.0,6,0.6,-0.3,0.6586130559444427,SAMPLE_TOO_SMALL
Q1_WIN__Q2_WIN__Q3_WIN__Q3_LEAD_4-7__SPREAD_5-6,9,6,0.6666666666666666,-199.99999999999994,9,1.0,1.7777777777777777,0.6514886021614075,SAMPLE_TOO_SMALL
Q1_WIN__Q2_WIN__Q3_WIN__Q3_LEAD_1-3__SPREAD_10-13.5,9,5,0.5555555555555556,-125.00000000000001,8,0.8888888888888888,1.0,0.6249638795852661,SAMPLE_TOO_SMALL
Q1_WIN__Q2_WIN__Q3_WIN__Q3_LEAD_1-3__SPREAD_0.5-1.5,9,4,0.4444444444444444,125.00000000000001,4,0.4444444444444444,-1.1111111111111112,0.7038832306861877,SAMPLE_TOO_SMALL
Q1_LOST__Q2_LOST__Q3_WIN__Q3_LEAD_1-3__SPREAD_3.5-4.5,9,3,0.3333333333333333,200.00000000000003,5,0.5555555555555556,-3.2222222222222223,0.47510337829589844,SAMPLE_TOO_SMALL
Q1_LOST__Q2_LOST__Q3_WIN__Q3_LEAD_4-7__SPREAD_2-3,8,6,0.75,-300.0,6,0.75,3.75,0.7336317300796509,SAMPLE_TOO_SMALL
Q1_WIN__Q2_WIN__Q3_WIN__Q3_LEAD_1-3__SPREAD_7.5-9.5,8,4,0.5,-100.0,7,0.875,-1.0,0.5936135053634644,SAMPLE_TOO_SMALL
Q1_LOST__Q2_LOST__Q3_WIN__Q3_LEAD_4-7__SPREAD_0.5-1.5,7,6,0.8571428571428571,-599.9999999999998,7,1.0,3.5714285714285716,0.5928687453269958,SAMPLE_TOO_SMALL
Q1_LOST__Q2_LOST__Q3_WIN__Q3_LEAD_1-3__SPREAD_2-3,7,3,0.42857142857142855,133.33333333333334,4,0.5714285714285714,-0.2857142857142857,0.6382498741149902,SAMPLE_TOO_SMALL
Q1_TIE__Q2_WIN__Q3_WIN__Q3_LEAD_4-7__SPREAD_6.5-7,7,3,0.42857142857142855,133.33333333333334,7,1.0,1.4285714285714286,0.7497013807296753,SAMPLE_TOO_SMALL
Q1_LOST__Q2_WIN__Q3_WIN__Q3_LEAD_8+__SPREAD_5-6,6,5,0.8333333333333334,-500.00000000000017,6,1.0,12.166666666666666,0.851436972618103,SAMPLE_TOO_SMALL
Q1_LOST__Q2_WIN__Q3_WIN__Q3_LEAD_8+__SPREAD_6.5-7,6,5,0.8333333333333334,-500.00000000000017,6,1.0,9.5,0.9643838405609131,SAMPLE_TOO_SMALL
Q1_TIE__Q2_WIN__Q3_WIN__Q3_LEAD_8+__SPREAD_5-6,6,4,0.6666666666666666,-199.99999999999994,5,0.8333333333333334,5.833333333333333,0.9660276770591736,SAMPLE_TOO_SMALL
Q1_LOST__Q2_WIN__Q3_WIN__Q3_LEAD_1-3__SPREAD_7.5-9.5,6,3,0.5,-100.0,5,0.8333333333333334,0.5,0.5352864861488342,SAMPLE_TOO_SMALL
Q1_LOST__Q2_WIN__Q3_WIN__Q3_LEAD_4-7__SPREAD_3.5-4.5,6,3,0.5,-100.0,5,0.8333333333333334,-1.0,0.7024612724781036,SAMPLE_TOO_SMALL
Q1_WIN__Q2_WIN__Q3_WIN__Q3_LEAD_1-3__SPREAD_6.5-7,6,3,0.5,-100.0,5,0.8333333333333334,0.3333333333333333,0.6364529430866241,SAMPLE_TOO_SMALL
Q1_WIN__Q2_WIN__Q3_WIN__Q3_LEAD_4-7__SPREAD_6.5-7,6,3,0.5,-100.0,6,1.0,1.6666666666666667,0.7363205552101135,SAMPLE_TOO_SMALL
Q1_LOST__Q2_TIE__Q3_WIN__Q3_LEAD_4-7__SPREAD_3.5-4.5,5,5,1.0,,5,1.0,8.4,0.786279022693634,SAMPLE_TOO_SMALL
Q1_LOST__Q2_WIN__Q3_WIN__Q3_LEAD_1-3__SPREAD_0.5-1.5,5,4,0.8,-400.0000000000001,4,0.8,4.6,0.6039668917655945,SAMPLE_TOO_SMALL
Q1_TIE__Q2_WIN__Q3_WIN__Q3_LEAD_8+__SPREAD_7.5-9.5,5,4,0.8,-400.0000000000001,5,1.0,8.6,0.8898797035217285,SAMPLE_TOO_SMALL
Q1_WIN__Q2_WIN__Q3_WIN__Q3_LEAD_4-7__SPREAD_10-13.5,5,4,0.8,-400.0000000000001,5,1.0,5.0,0.789095938205719,SAMPLE_TOO_SMALL
Q1_WIN__Q2_WIN__Q3_WIN__Q3_LEAD_8+__SPREAD_14+,5,4,0.8,-400.0000000000001,5,1.0,9.4,0.9681060910224915,SAMPLE_TOO_SMALL
Q1_LOST__Q2_WIN__Q3_WIN__Q3_LEAD_1-3__SPREAD_3.5-4.5,5,3,0.6,-150.0,3,0.6,1.4,0.6000202894210815,SAMPLE_TOO_SMALL
Q1_WIN__Q2_TIE__Q3_WIN__Q3_LEAD_1-3__SPREAD_2-3,5,3,0.6,-150.0,3,0.6,2.2,0.6333215832710266,SAMPLE_TOO_SMALL
Q1_WIN__Q2_LOST__Q3_WIN__Q3_LEAD_1-3__SPREAD_2-3,5,2,0.4,150.0,2,0.4,-0.6,0.5682482719421387,SAMPLE_TOO_SMALL
Q1_LOST__Q2_TIE__Q3_WIN__Q3_LEAD_8+__SPREAD_2-3,4,4,1.0,,4,1.0,8.75,0.9083212018013,SAMPLE_TOO_SMALL
Q1_TIE__Q2_LOST__Q3_WIN__Q3_LEAD_4-7__SPREAD_3.5-4.5,4,4,1.0,,4,1.0,8.0,0.6698503494262695,SAMPLE_TOO_SMALL
Q1_TIE__Q2_WIN__Q3_WIN__Q3_LEAD_8+__SPREAD_6.5-7,4,4,1.0,,4,1.0,23.25,0.9789727032184601,SAMPLE_TOO_SMALL
Q1_WIN__Q2_TIE__Q3_WIN__Q3_LEAD_4-7__SPREAD_3.5-4.5,4,4,1.0,,4,1.0,5.0,0.7027629613876343,SAMPLE_TOO_SMALL
Q1_LOST__Q2_LOST__Q3_WIN__Q3_LEAD_1-3__SPREAD_5-6,4,3,0.75,-300.0,4,1.0,1.75,0.523941308259964,SAMPLE_TOO_SMALL
Q1_LOST__Q2_LOST__Q3_WIN__Q3_LEAD_4-7__SPREAD_3.5-4.5,4,3,0.75,-300.0,3,0.75,0.25,0.7196076214313507,SAMPLE_TOO_SMALL
Q1_LOST__Q2_LOST__Q3_WIN__Q3_LEAD_4-7__SPREAD_5-6,4,3,0.75,-300.0,4,1.0,9.5,0.7738135457038879,SAMPLE_TOO_SMALL
Q1_LOST__Q2_WIN__Q3_WIN__Q3_LEAD_1-3__SPREAD_5-6,4,3,0.75,-300.0,4,1.0,3.0,0.6820396780967712,SAMPLE_TOO_SMALL
Q1_LOST__Q2_WIN__Q3_WIN__Q3_LEAD_8+__SPREAD_7.5-9.5,4,3,0.75,-300.0,4,1.0,9.0,0.8787857592105865,SAMPLE_TOO_SMALL
Q1_TIE__Q2_LOST__Q3_WIN__Q3_LEAD_4-7__SPREAD_2-3,4,3,0.75,-300.0,3,0.75,3.5,0.7312993109226227,SAMPLE_TOO_SMALL
Q1_LOST__Q2_LOST__Q3_WIN__Q3_LEAD_1-3__SPREAD_6.5-7,4,2,0.5,-100.0,4,1.0,-1.5,0.5563300549983978,SAMPLE_TOO_SMALL
Q1_LOST__Q2_TIE__Q3_WIN__Q3_LEAD_4-7__SPREAD_2-3,4,2,0.5,-100.0,3,0.75,5.25,0.7302028834819794,SAMPLE_TOO_SMALL
Q1_TIE__Q2_WIN__Q3_WIN__Q3_LEAD_1-3__SPREAD_7.5-9.5,4,2,0.5,-100.0,4,1.0,-1.0,0.5177737474441528,SAMPLE_TOO_SMALL
Q1_TIE__Q2_WIN__Q3_WIN__Q3_LEAD_4-7__SPREAD_7.5-9.5,4,2,0.5,-100.0,4,1.0,-1.0,0.8038220405578613,SAMPLE_TOO_SMALL
Q1_WIN__Q2_LOST__Q3_WIN__Q3_LEAD_1-3__SPREAD_7.5-9.5,4,2,0.5,-100.0,3,0.75,-4.0,0.548090934753418,SAMPLE_TOO_SMALL
Q1_WIN__Q2_WIN__Q3_WIN__Q3_LEAD_4-7__SPREAD_14+,4,1,0.25,300.0,4,1.0,-1.25,0.6960529685020447,SAMPLE_TOO_SMALL
Q1_LOST__Q2_WIN__Q3_WIN__Q3_LEAD_4-7__SPREAD_6.5-7,4,0,0.0,,3,0.75,-6.75,0.6596311032772064,SAMPLE_TOO_SMALL
Q1_TIE__Q2_TIE__Q3_WIN__Q3_LEAD_1-3__SPREAD_2-3,3,3,1.0,,3,1.0,3.6666666666666665,0.600955069065094,SAMPLE_TOO_SMALL
Q1_WIN__Q2_LOST__Q3_WIN__Q3_LEAD_4-7__SPREAD_2-3,3,3,1.0,,3,1.0,8.0,0.7502065896987915,SAMPLE_TOO_SMALL
Q1_WIN__Q2_LOST__Q3_WIN__Q3_LEAD_4-7__SPREAD_3.5-4.5,3,3,1.0,,3,1.0,8.0,0.6644352674484253,SAMPLE_TOO_SMALL
Q1_LOST__Q2_LOST__Q3_WIN__Q3_LEAD_8+__SPREAD_6.5-7,3,2,0.6666666666666666,-199.99999999999994,3,1.0,0.0,0.8368514180183411,SAMPLE_TOO_SMALL
Q1_LOST__Q2_TIE__Q3_WIN__Q3_LEAD_4-7__SPREAD_6.5-7,3,2,0.6666666666666666,-199.99999999999994,2,0.6666666666666666,3.0,0.6906910538673401,SAMPLE_TOO_SMALL
Q1_LOST__Q2_WIN__Q3_WIN__Q3_LEAD_1-3__SPREAD_6.5-7,3,2,0.6666666666666666,-199.99999999999994,3,1.0,2.0,0.6418070793151855,SAMPLE_TOO_SMALL
Q1_TIE__Q2_LOST__Q3_WIN__Q3_LEAD_4-7__SPREAD_0.5-1.5,3,2,0.6666666666666666,-199.99999999999994,2,0.6666666666666666,4.333333333333333,0.6581008434295654,SAMPLE_TOO_SMALL
Q1_TIE__Q2_LOST__Q3_WIN__Q3_LEAD_4-7__SPREAD_7.5-9.5,3,2,0.6666666666666666,-199.99999999999994,3,1.0,2.6666666666666665,0.7123574018478394,SAMPLE_TOO_SMALL
Q1_TIE__Q2_TIE__Q3_WIN__Q3_LEAD_8+__SPREAD_2-3,3,2,0.6666666666666666,-199.99999999999994,2,0.6666666666666666,6.333333333333333,0.8916427493095398,SAMPLE_TOO_SMALL
Q1_TIE__Q2_WIN__Q3_WIN__Q3_LEAD_4-7__SPREAD_0.5-1.5,3,2,0.6666666666666666,-199.99999999999994,2,0.6666666666666666,6.0,0.7683393359184265,SAMPLE_TOO_SMALL
Q1_WIN__Q2_TIE__Q3_WIN__Q3_LEAD_4-7__SPREAD_2-3,3,2,0.6666666666666666,-199.99999999999994,2,0.6666666666666666,6.0,0.7481249570846558,SAMPLE_TOO_SMALL
Q1_LOST__Q2_LOST__Q3_WIN__Q3_LEAD_8+__SPREAD_2-3,3,1,0.3333333333333333,200.00000000000003,3,1.0,6.333333333333333,0.8931634426116943,SAMPLE_TOO_SMALL
Q1_LOST__Q2_WIN__Q3_WIN__Q3_LEAD_4-7__SPREAD_5-6,3,1,0.3333333333333333,200.00000000000003,2,0.6666666666666666,-1.0,0.8351410031318665,SAMPLE_TOO_SMALL
Q1_TIE__Q2_LOST__Q3_WIN__Q3_LEAD_1-3__SPREAD_5-6,3,1,0.3333333333333333,200.00000000000003,3,1.0,0.6666666666666666,0.6303126811981201,SAMPLE_TOO_SMALL
Q1_TIE__Q2_TIE__Q3_WIN__Q3_LEAD_4-7__SPREAD_2-3,3,1,0.3333333333333333,200.00000000000003,1,0.3333333333333333,-0.3333333333333333,0.6976804733276367,SAMPLE_TOO_SMALL
Q1_TIE__Q2_WIN__Q3_WIN__Q3_LEAD_4-7__SPREAD_10-13.5,3,1,0.3333333333333333,200.00000000000003,3,1.0,-1.0,0.592524528503418,SAMPLE_TOO_SMALL
Q1_TIE__Q2_WIN__Q3_WIN__Q3_LEAD_4-7__SPREAD_14+,3,1,0.3333333333333333,200.00000000000003,3,1.0,1.6666666666666667,0.7653830051422119,SAMPLE_TOO_SMALL
Q1_TIE__Q2_WIN__Q3_WIN__Q3_LEAD_8+__SPREAD_10-13.5,3,1,0.3333333333333333,200.00000000000003,3,1.0,4.0,0.8940721750259399,SAMPLE_TOO_SMALL
Q1_LOST__Q2_LOST__Q3_WIN__Q3_LEAD_4-7__SPREAD_6.5-7,3,0,0.0,,3,1.0,-2.6666666666666665,0.7095863223075867,SAMPLE_TOO_SMALL
Q1_LOST__Q2_LOST__Q3_WIN__Q3_LEAD_1-3__SPREAD_10-13.5,2,2,1.0,,2,1.0,5.5,0.508412092924118,SAMPLE_TOO_SMALL
Q1_LOST__Q2_WIN__Q3_WIN__Q3_LEAD_4-7__SPREAD_0.5-1.5,2,2,1.0,,2,1.0,8.5,0.7336196303367615,SAMPLE_TOO_SMALL
Q1_TIE__Q2_LOST__Q3_WIN__Q3_LEAD_1-3__SPREAD_2-3,2,2,1.0,,2,1.0,6.5,0.5766138732433319,SAMPLE_TOO_SMALL
Q1_TIE__Q2_LOST__Q3_WIN__Q3_LEAD_8+__SPREAD_3.5-4.5,2,2,1.0,,2,1.0,2.5,0.8487786650657654,SAMPLE_TOO_SMALL
Q1_TIE__Q2_TIE__Q3_WIN__Q3_LEAD_8+__SPREAD_3.5-4.5,2,2,1.0,,2,1.0,13.5,0.832855761051178,SAMPLE_TOO_SMALL
Q1_TIE__Q2_TIE__Q3_WIN__Q3_LEAD_8+__SPREAD_5-6,2,2,1.0,,2,1.0,5.0,0.8840898871421814,SAMPLE_TOO_SMALL
Q1_TIE__Q2_WIN__Q3_WIN__Q3_LEAD_4-7__SPREAD_5-6,2,2,1.0,,2,1.0,3.0,0.7703398168087006,SAMPLE_TOO_SMALL
Q1_LOST__Q2_LOST__Q3_WIN__Q3_LEAD_1-3__SPREAD_7.5-9.5,2,1,0.5,-100.0,2,1.0,0.0,0.6323634386062622,SAMPLE_TOO_SMALL
Q1_LOST__Q2_LOST__Q3_WIN__Q3_LEAD_8+__SPREAD_5-6,2,1,0.5,-100.0,2,1.0,0.5,0.8228674829006195,SAMPLE_TOO_SMALL
Q1_LOST__Q2_TIE__Q3_WIN__Q3_LEAD_1-3__SPREAD_0.5-1.5,2,1,0.5,-100.0,1,0.5,2.0,0.6046042740345001,SAMPLE_TOO_SMALL
Q1_LOST__Q2_TIE__Q3_WIN__Q3_LEAD_1-3__SPREAD_2-3,2,1,0.5,-100.0,1,0.5,-0.5,0.5061545073986053,SAMPLE_TOO_SMALL
Q1_LOST__Q2_WIN__Q3_WIN__Q3_LEAD_4-7__SPREAD_7.5-9.5,2,1,0.5,-100.0,2,1.0,-1.0,0.7243822515010834,SAMPLE_TOO_SMALL
Q1_TIE__Q2_LOST__Q3_WIN__Q3_LEAD_1-3__SPREAD_3.5-4.5,2,1,0.5,-100.0,2,1.0,3.0,0.6357269585132599,SAMPLE_TOO_SMALL
Q1_TIE__Q2_LOST__Q3_WIN__Q3_LEAD_4-7__SPREAD_5-6,2,1,0.5,-100.0,2,1.0,0.0,0.5710462629795074,SAMPLE_TOO_SMALL
Q1_TIE__Q2_TIE__Q3_WIN__Q3_LEAD_4-7__SPREAD_7.5-9.5,2,1,0.5,-100.0,2,1.0,7.5,0.8035899698734283,SAMPLE_TOO_SMALL
Q1_TIE__Q2_WIN__Q3_WIN__Q3_LEAD_1-3__SPREAD_0.5-1.5,2,1,0.5,-100.0,1,0.5,1.5,0.4324387311935425,SAMPLE_TOO_SMALL
Q1_WIN__Q2_LOST__Q3_WIN__Q3_LEAD_1-3__SPREAD_10-13.5,2,1,0.5,-100.0,2,1.0,-1.0,0.533564418554306,SAMPLE_TOO_SMALL
Q1_WIN__Q2_TIE__Q3_WIN__Q3_LEAD_1-3__SPREAD_7.5-9.5,2,1,0.5,-100.0,2,1.0,0.5,0.6455661356449127,SAMPLE_TOO_SMALL
Q1_WIN__Q2_TIE__Q3_WIN__Q3_LEAD_4-7__SPREAD_6.5-7,2,1,0.5,-100.0,1,0.5,3.0,0.7483067810535431,SAMPLE_TOO_SMALL
Q1_LOST__Q2_TIE__Q3_WIN__Q3_LEAD_1-3__SPREAD_7.5-9.5,2,0,0.0,,1,0.5,-5.5,0.5366725921630859,SAMPLE_TOO_SMALL
Q1_TIE__Q2_WIN__Q3_WIN__Q3_LEAD_1-3__SPREAD_6.5-7,2,0,0.0,,2,1.0,-3.0,0.6588380038738251,SAMPLE_TOO_SMALL
Q1_WIN__Q2_LOST__Q3_WIN__Q3_LEAD_1-3__SPREAD_14+,2,0,0.0,,2,1.0,-7.5,0.3485794961452484,SAMPLE_TOO_SMALL
Q1_WIN__Q2_LOST__Q3_WIN__Q3_LEAD_1-3__SPREAD_6.5-7,2,0,0.0,,2,1.0,-3.5,0.5738437473773956,SAMPLE_TOO_SMALL
Q1_LOST__Q2_LOST__Q3_WIN__Q3_LEAD_8+__SPREAD_0.5-1.5,1,1,1.0,,1,1.0,9.0,0.903753936290741,SAMPLE_TOO_SMALL
Q1_LOST__Q2_LOST__Q3_WIN__Q3_LEAD_8+__SPREAD_10-13.5,1,1,1.0,,1,1.0,5.0,0.8514713644981384,SAMPLE_TOO_SMALL
Q1_LOST__Q2_TIE__Q3_WIN__Q3_LEAD_1-3__SPREAD_10-13.5,1,1,1.0,,1,1.0,8.0,0.5574219822883606,SAMPLE_TOO_SMALL
Q1_LOST__Q2_TIE__Q3_WIN__Q3_LEAD_4-7__SPREAD_0.5-1.5,1,1,1.0,,1,1.0,7.0,0.8914380669593811,SAMPLE_TOO_SMALL
Q1_LOST__Q2_TIE__Q3_WIN__Q3_LEAD_4-7__SPREAD_10-13.5,1,1,1.0,,1,1.0,2.0,0.8308938145637512,SAMPLE_TOO_SMALL
Q1_LOST__Q2_TIE__Q3_WIN__Q3_LEAD_8+__SPREAD_0.5-1.5,1,1,1.0,,1,1.0,2.0,0.9129674434661865,SAMPLE_TOO_SMALL
Q1_LOST__Q2_TIE__Q3_WIN__Q3_LEAD_8+__SPREAD_10-13.5,1,1,1.0,,1,1.0,7.0,0.9824408888816833,SAMPLE_TOO_SMALL
Q1_LOST__Q2_TIE__Q3_WIN__Q3_LEAD_8+__SPREAD_3.5-4.5,1,1,1.0,,1,1.0,3.0,0.870003342628479,SAMPLE_TOO_SMALL
Q1_LOST__Q2_WIN__Q3_WIN__Q3_LEAD_1-3__SPREAD_14+,1,1,1.0,,1,1.0,1.0,0.5378013849258423,SAMPLE_TOO_SMALL
Q1_LOST__Q2_WIN__Q3_WIN__Q3_LEAD_8+__SPREAD_10-13.5,1,1,1.0,,1,1.0,11.0,0.6870205402374268,SAMPLE_TOO_SMALL
Q1_TIE__Q2_LOST__Q3_WIN__Q3_LEAD_1-3__SPREAD_0.5-1.5,1,1,1.0,,1,1.0,4.0,0.6845242977142334,SAMPLE_TOO_SMALL
Q1_TIE__Q2_LOST__Q3_WIN__Q3_LEAD_1-3__SPREAD_7.5-9.5,1,1,1.0,,1,1.0,1.0,0.3221887946128845,SAMPLE_TOO_SMALL
Q1_TIE__Q2_LOST__Q3_WIN__Q3_LEAD_4-7__SPREAD_10-13.5,1,1,1.0,,1,1.0,3.0,0.7876750230789185,SAMPLE_TOO_SMALL
Q1_TIE__Q2_LOST__Q3_WIN__Q3_LEAD_8+__SPREAD_2-3,1,1,1.0,,1,1.0,23.0,0.908249020576477,SAMPLE_TOO_SMALL
Q1_TIE__Q2_TIE__Q3_WIN__Q3_LEAD_1-3__SPREAD_0.5-1.5,1,1,1.0,,1,1.0,3.0,0.5335449576377869,SAMPLE_TOO_SMALL
Q1_TIE__Q2_TIE__Q3_WIN__Q3_LEAD_1-3__SPREAD_5-6,1,1,1.0,,1,1.0,8.0,0.3838673233985901,SAMPLE_TOO_SMALL
Q1_TIE__Q2_TIE__Q3_WIN__Q3_LEAD_4-7__SPREAD_0.5-1.5,1,1,1.0,,1,1.0,3.0,0.8965697884559631,SAMPLE_TOO_SMALL
Q1_TIE__Q2_TIE__Q3_WIN__Q3_LEAD_4-7__SPREAD_5-6,1,1,1.0,,1,1.0,3.0,0.7092878818511963,SAMPLE_TOO_SMALL
Q1_TIE__Q2_TIE__Q3_WIN__Q3_LEAD_8+__SPREAD_0.5-1.5,1,1,1.0,,1,1.0,3.0,0.7965785264968872,SAMPLE_TOO_SMALL
Q1_TIE__Q2_TIE__Q3_WIN__Q3_LEAD_8+__SPREAD_7.5-9.5,1,1,1.0,,1,1.0,7.0,0.9639604091644287,SAMPLE_TOO_SMALL
Q1_TIE__Q2_WIN__Q3_WIN__Q3_LEAD_1-3__SPREAD_10-13.5,1,1,1.0,,1,1.0,3.0,0.4586038589477539,SAMPLE_TOO_SMALL
Q1_WIN__Q2_LOST__Q3_WIN__Q3_LEAD_4-7__SPREAD_0.5-1.5,1,1,1.0,,1,1.0,14.0,0.5645826458930969,SAMPLE_TOO_SMALL
Q1_WIN__Q2_LOST__Q3_WIN__Q3_LEAD_8+__SPREAD_0.5-1.5,1,1,1.0,,1,1.0,14.0,0.8293628096580505,SAMPLE_TOO_SMALL
Q1_WIN__Q2_TIE__Q3_WIN__Q3_LEAD_1-3__SPREAD_0.5-1.5,1,1,1.0,,1,1.0,3.0,0.7731061577796936,SAMPLE_TOO_SMALL
Q1_WIN__Q2_TIE__Q3_WIN__Q3_LEAD_1-3__SPREAD_10-13.5,1,1,1.0,,1,1.0,3.0,0.5498719215393066,SAMPLE_TOO_SMALL
Q1_LOST__Q2_LOST__Q3_WIN__Q3_LEAD_4-7__SPREAD_10-13.5,1,0,0.0,,1,1.0,-3.0,0.451518714427948,SAMPLE_TOO_SMALL
Q1_LOST__Q2_LOST__Q3_WIN__Q3_LEAD_4-7__SPREAD_7.5-9.5,1,0,0.0,,1,1.0,-6.0,0.6207495927810669,SAMPLE_TOO_SMALL
Q1_LOST__Q2_TIE__Q3_WIN__Q3_LEAD_1-3__SPREAD_6.5-7,1,0,0.0,,0,0.0,-18.0,0.5160576701164246,SAMPLE_TOO_SMALL
Q1_LOST__Q2_WIN__Q3_WIN__Q3_LEAD_1-3__SPREAD_10-13.5,1,0,0.0,,1,1.0,-1.0,0.7021427154541016,SAMPLE_TOO_SMALL
Q1_LOST__Q2_WIN__Q3_WIN__Q3_LEAD_4-7__SPREAD_10-13.5,1,0,0.0,,1,1.0,-9.0,0.5307575464248657,SAMPLE_TOO_SMALL
Q1_LOST__Q2_WIN__Q3_WIN__Q3_LEAD_4-7__SPREAD_14+,1,0,0.0,,1,1.0,-10.0,0.5086323022842407,SAMPLE_TOO_SMALL
Q1_LOST__Q2_WIN__Q3_WIN__Q3_LEAD_8+__SPREAD_14+,1,0,0.0,,1,1.0,-3.0,0.8215638995170593,SAMPLE_TOO_SMALL
Q1_TIE__Q2_LOST__Q3_WIN__Q3_LEAD_1-3__SPREAD_10-13.5,1,0,0.0,,1,1.0,-3.0,0.6106210350990295,SAMPLE_TOO_SMALL
Q1_TIE__Q2_LOST__Q3_WIN__Q3_LEAD_1-3__SPREAD_6.5-7,1,0,0.0,,0,0.0,-7.0,0.6220689415931702,SAMPLE_TOO_SMALL
Q1_TIE__Q2_TIE__Q3_WIN__Q3_LEAD_1-3__SPREAD_10-13.5,1,0,0.0,,1,1.0,-7.0,0.6582556962966919,SAMPLE_TOO_SMALL
Q1_TIE__Q2_TIE__Q3_WIN__Q3_LEAD_1-3__SPREAD_7.5-9.5,1,0,0.0,,1,1.0,-3.0,0.715441107749939,SAMPLE_TOO_SMALL
Q1_TIE__Q2_TIE__Q3_WIN__Q3_LEAD_4-7__SPREAD_3.5-4.5,1,0,0.0,,1,1.0,-3.0,0.6358926296234131,SAMPLE_TOO_SMALL
Q1_TIE__Q2_WIN__Q3_WIN__Q3_LEAD_1-3__SPREAD_5-6,1,0,0.0,,1,1.0,-2.0,0.5746930241584778,SAMPLE_TOO_SMALL
Q1_WIN__Q2_LOST__Q3_WIN__Q3_LEAD_1-3__SPREAD_0.5-1.5,1,0,0.0,,0,0.0,-4.0,0.3575894832611084,SAMPLE_TOO_SMALL
Q1_WIN__Q2_LOST__Q3_WIN__Q3_LEAD_1-3__SPREAD_3.5-4.5,1,0,0.0,,1,1.0,-1.0,0.7160329222679138,SAMPLE_TOO_SMALL
Q1_WIN__Q2_LOST__Q3_WIN__Q3_LEAD_1-3__SPREAD_5-6,1,0,0.0,,1,1.0,-4.0,0.7555785179138184,SAMPLE_TOO_SMALL
Q1_WIN__Q2_LOST__Q3_WIN__Q3_LEAD_4-7__SPREAD_6.5-7,1,0,0.0,,1,1.0,-3.0,0.6744937300682068,SAMPLE_TOO_SMALL
Q1_WIN__Q2_LOST__Q3_WIN__Q3_LEAD_4-7__SPREAD_7.5-9.5,1,0,0.0,,1,1.0,-5.0,0.8605330586433411,SAMPLE_TOO_SMALL
Q1_WIN__Q2_TIE__Q3_WIN__Q3_LEAD_1-3__SPREAD_5-6,1,0,0.0,,0,0.0,-7.0,0.664076566696167,SAMPLE_TOO_SMALL
Q1_WIN__Q2_TIE__Q3_WIN__Q3_LEAD_1-3__SPREAD_6.5-7,1,0,0.0,,1,1.0,-3.0,0.6048629283905029,SAMPLE_TOO_SMALL
Q1_WIN__Q2_TIE__Q3_WIN__Q3_LEAD_4-7__SPREAD_7.5-9.5,1,0,0.0,,0,0.0,-10.0,0.5249117612838745,SAMPLE_TOO_SMALL
Q1_WIN__Q2_TIE__Q3_WIN__Q3_LEAD_8+__SPREAD_6.5-7,1,0,0.0,,1,1.0,-4.0,0.8602086901664734,SAMPLE_TOO_SMALL
Q1_WIN__Q2_WIN__Q3_WIN__Q3_LEAD_1-3__SPREAD_14+,1,0,0.0,,1,1.0,-7.0,0.6964224576950073,SAMPLE_TOO_SMALL
