delta_trajectory_with_q3_lead,cases,su_wins,su_win_rate,break_even_ml,covers,cover_rate_pregame_spread,avg_final_margin,median_q3_wp,sample_flag
Q1Q2_IMPROVED_8_PLUS__Q2Q3_IMPROVED_4_7__Q3_LEAD_8+,41,40,0.975609756097561,-3999.9999999999964,41,1.0,16.585365853658537,0.985202431678772,OK
Q1Q2_IMPROVED_8_PLUS__Q2Q3_FLAT__Q3_LEAD_8+,40,34,0.85,-566.6666666666666,36,0.9,11.0,0.9441573917865753,OK
Q1Q2_IMPROVED_8_PLUS__Q2Q3_IMPROVED_1_3__Q3_LEAD_8+,40,33,0.825,-471.42857142857133,38,0.95,13.6,0.9683822393417358,OK
Q1Q2_IMPROVED_4_7__Q2Q3_IMPROVED_4_7__Q3_LEAD_8+,36,30,0.8333333333333334,-500.00000000000017,34,0.9444444444444444,11.972222222222221,0.9338974058628082,OK
Q1Q2_IMPROVED_4_7__Q2Q3_FLAT__Q3_LEAD_8+,27,27,1.0,,27,1.0,13.25925925925926,0.9275179505348206,SAMPLE_TOO_SMALL
Q1Q2_IMPROVED_4_7__Q2Q3_IMPROVED_8_PLUS__Q3_LEAD_8+,26,24,0.9230769230769231,-1200.0000000000007,26,1.0,15.538461538461538,0.9746157824993134,SAMPLE_TOO_SMALL
Q1Q2_IMPROVED_8_PLUS__Q2Q3_WORSE_1_3__Q3_LEAD_8+,22,21,0.9545454545454546,-2100.000000000002,22,1.0,12.363636363636363,0.9355707168579102,SAMPLE_TOO_SMALL
Q1Q2_IMPROVED_8_PLUS__Q2Q3_IMPROVED_8_PLUS__Q3_LEAD_8+,21,20,0.9523809523809523,-1999.9999999999975,21,1.0,18.19047619047619,0.9774962663650513,SAMPLE_TOO_SMALL
Q1Q2_FLAT__Q2Q3_IMPROVED_4_7__Q3_LEAD_8+,21,17,0.8095238095238095,-425.0,20,0.9523809523809523,10.714285714285714,0.9223722815513611,SAMPLE_TOO_SMALL
Q1Q2_IMPROVED_4_7__Q2Q3_FLAT__Q3_LEAD_4-7,21,10,0.47619047619047616,110.00000000000001,16,0.7619047619047619,-0.7142857142857143,0.7193014025688171,SAMPLE_TOO_SMALL
Q1Q2_IMPROVED_1_3__Q2Q3_IMPROVED_4_7__Q3_LEAD_8+,20,18,0.9,-900.0000000000002,20,1.0,11.65,0.9415283501148224,SAMPLE_TOO_SMALL
Q1Q2_FLAT__Q2Q3_IMPROVED_8_PLUS__Q3_LEAD_8+,18,16,0.8888888888888888,-799.9999999999997,16,0.8888888888888888,7.444444444444445,0.9134329855442047,SAMPLE_TOO_SMALL
Q1Q2_IMPROVED_4_7__Q2Q3_IMPROVED_1_3__Q3_LEAD_8+,18,16,0.8888888888888888,-799.9999999999997,17,0.9444444444444444,8.944444444444445,0.8638303577899933,SAMPLE_TOO_SMALL
Q1Q2_IMPROVED_8_PLUS__Q2Q3_WORSE_4_7__Q3_LEAD_8+,18,15,0.8333333333333334,-500.00000000000017,18,1.0,6.166666666666667,0.9245298206806183,SAMPLE_TOO_SMALL
Q1Q2_IMPROVED_4_7__Q2Q3_WORSE_1_3__Q3_LEAD_4-7,18,11,0.6111111111111112,-157.14285714285717,16,0.8888888888888888,2.9444444444444446,0.7665523290634155,SAMPLE_TOO_SMALL
Q1Q2_IMPROVED_1_3__Q2Q3_IMPROVED_8_PLUS__Q3_LEAD_8+,17,13,0.7647058823529411,-324.99999999999994,16,0.9411764705882353,10.941176470588236,0.970276951789856,SAMPLE_TOO_SMALL
Q1Q2_IMPROVED_8_PLUS__Q2Q3_WORSE_4_7__Q3_LEAD_4-7,17,10,0.5882352941176471,-142.85714285714286,14,0.8235294117647058,1.0588235294117647,0.7431592345237732,SAMPLE_TOO_SMALL
Q1Q2_IMPROVED_4_7__Q2Q3_IMPROVED_1_3__Q3_LEAD_4-7,17,9,0.5294117647058824,-112.50000000000001,16,0.9411764705882353,3.0588235294117645,0.7281509637832642,SAMPLE_TOO_SMALL
Q1Q2_WORSE_1_3__Q2Q3_IMPROVED_4_7__Q3_LEAD_4-7,15,9,0.6,-150.0,10,0.6666666666666666,1.5333333333333334,0.6581008434295654,SAMPLE_TOO_SMALL
Q1Q2_IMPROVED_4_7__Q2Q3_IMPROVED_4_7__Q3_LEAD_4-7,14,9,0.6428571428571429,-180.00000000000003,9,0.6428571428571429,3.4285714285714284,0.7329297363758087,SAMPLE_TOO_SMALL
Q1Q2_FLAT__Q2Q3_FLAT__Q3_LEAD_4-7,13,10,0.7692307692307693,-333.3333333333334,12,0.9230769230769231,5.384615384615385,0.7186563014984131,SAMPLE_TOO_SMALL
Q1Q2_IMPROVED_1_3__Q2Q3_IMPROVED_4_7__Q3_LEAD_4-7,13,10,0.7692307692307693,-333.3333333333334,12,0.9230769230769231,3.8461538461538463,0.786279022693634,SAMPLE_TOO_SMALL
Q1Q2_WORSE_4_7__Q2Q3_IMPROVED_4_7__Q3_LEAD_4-7,13,10,0.7692307692307693,-333.3333333333334,12,0.9230769230769231,4.076923076923077,0.7230706214904785,SAMPLE_TOO_SMALL
Q1Q2_IMPROVED_4_7__Q2Q3_WORSE_4_7__Q3_LEAD_1-3,13,7,0.5384615384615384,-116.66666666666666,10,0.7692307692307693,0.6923076923076923,0.5697317123413086,SAMPLE_TOO_SMALL
Q1Q2_IMPROVED_8_PLUS__Q2Q3_WORSE_4_7__Q3_LEAD_1-3,12,9,0.75,-300.0,10,0.8333333333333334,2.6666666666666665,0.7132787704467773,SAMPLE_TOO_SMALL
Q1Q2_IMPROVED_1_3__Q2Q3_FLAT__Q3_LEAD_1-3,12,7,0.5833333333333334,-140.00000000000003,9,0.75,0.8333333333333334,0.523097425699234,SAMPLE_TOO_SMALL
Q1Q2_IMPROVED_4_7__Q2Q3_WORSE_4_7__Q3_LEAD_4-7,12,7,0.5833333333333334,-140.00000000000003,10,0.8333333333333334,1.5833333333333333,0.7371348738670349,SAMPLE_TOO_SMALL
Q1Q2_WORSE_1_3__Q2Q3_IMPROVED_4_7__Q3_LEAD_8+,11,8,0.7272727272727273,-266.6666666666667,9,0.8181818181818182,5.2727272727272725,0.8889153003692627,SAMPLE_TOO_SMALL
Q1Q2_IMPROVED_4_7__Q2Q3_FLAT__Q3_LEAD_1-3,11,7,0.6363636363636364,-175.0,9,0.8181818181818182,3.1818181818181817,0.6039668917655945,SAMPLE_TOO_SMALL
Q1Q2_FLAT__Q2Q3_IMPROVED_4_7__Q3_LEAD_4-7,11,5,0.45454545454545453,119.99999999999999,8,0.7272727272727273,1.6363636363636365,0.6983112096786499,SAMPLE_TOO_SMALL
Q1Q2_IMPROVED_4_7__Q2Q3_WORSE_1_3__Q3_LEAD_1-3,11,5,0.45454545454545453,119.99999999999999,10,0.9090909090909091,0.18181818181818182,0.6130045652389526,SAMPLE_TOO_SMALL
Q1Q2_FLAT__Q2Q3_IMPROVED_1_3__Q3_LEAD_8+,10,9,0.9,-900.0000000000002,10,1.0,10.5,0.8772497177124023,SAMPLE_TOO_SMALL
Q1Q2_IMPROVED_1_3__Q2Q3_WORSE_4_7__Q3_LEAD_1-3,10,5,0.5,-100.0,9,0.9,0.9,0.6466367542743683,SAMPLE_TOO_SMALL
Q1Q2_WORSE_4_7__Q2Q3_IMPROVED_8_PLUS__Q3_LEAD_8+,9,8,0.8888888888888888,-799.9999999999997,9,1.0,10.777777777777779,0.9120904803276062,SAMPLE_TOO_SMALL
Q1Q2_IMPROVED_8_PLUS__Q2Q3_FLAT__Q3_LEAD_1-3,9,6,0.6666666666666666,-199.99999999999994,7,0.7777777777777778,1.5555555555555556,0.6328713297843933,SAMPLE_TOO_SMALL
Q1Q2_FLAT__Q2Q3_FLAT__Q3_LEAD_1-3,9,4,0.4444444444444444,125.00000000000001,7,0.7777777777777778,1.6666666666666667,0.6213645339012146,SAMPLE_TOO_SMALL
Q1Q2_WORSE_4_7__Q2Q3_IMPROVED_4_7__Q3_LEAD_8+,8,8,1.0,,8,1.0,9.875,0.9309293031692505,SAMPLE_TOO_SMALL
Q1Q2_IMPROVED_1_3__Q2Q3_IMPROVED_1_3__Q3_LEAD_4-7,8,7,0.875,-700.0,8,1.0,3.25,0.746051549911499,SAMPLE_TOO_SMALL
Q1Q2_WORSE_1_3__Q2Q3_IMPROVED_8_PLUS__Q3_LEAD_8+,8,7,0.875,-700.0,7,0.875,7.0,0.9428198635578156,SAMPLE_TOO_SMALL
Q1Q2_WORSE_4_7__Q2Q3_FLAT__Q3_LEAD_1-3,8,6,0.75,-300.0,7,0.875,1.0,0.7063212394714355,SAMPLE_TOO_SMALL
Q1Q2_IMPROVED_1_3__Q2Q3_FLAT__Q3_LEAD_4-7,8,5,0.625,-166.66666666666666,8,1.0,2.875,0.7156363129615784,SAMPLE_TOO_SMALL
Q1Q2_WORSE_4_7__Q2Q3_IMPROVED_4_7__Q3_LEAD_1-3,8,5,0.625,-166.66666666666666,8,1.0,0.125,0.5944656133651733,SAMPLE_TOO_SMALL
Q1Q2_IMPROVED_1_3__Q2Q3_WORSE_1_3__Q3_LEAD_1-3,8,4,0.5,-100.0,6,0.75,1.0,0.6370915770530701,SAMPLE_TOO_SMALL
Q1Q2_IMPROVED_4_7__Q2Q3_WORSE_1_3__Q3_LEAD_8+,7,7,1.0,,7,1.0,7.428571428571429,0.8245289325714111,SAMPLE_TOO_SMALL
Q1Q2_IMPROVED_8_PLUS__Q2Q3_WORSE_8_PLUS__Q3_LEAD_8+,7,6,0.8571428571428571,-599.9999999999998,7,1.0,11.285714285714286,0.9600328803062439,SAMPLE_TOO_SMALL
Q1Q2_WORSE_4_7__Q2Q3_FLAT__Q3_LEAD_4-7,7,6,0.8571428571428571,-599.9999999999998,6,0.8571428571428571,7.285714285714286,0.7415128350257874,SAMPLE_TOO_SMALL
Q1Q2_FLAT__Q2Q3_IMPROVED_1_3__Q3_LEAD_1-3,7,5,0.7142857142857143,-250.00000000000003,7,1.0,1.7142857142857142,0.600955069065094,SAMPLE_TOO_SMALL
Q1Q2_IMPROVED_4_7__Q2Q3_WORSE_4_7__Q3_LEAD_8+,7,5,0.7142857142857143,-250.00000000000003,7,1.0,8.285714285714286,0.893168568611145,SAMPLE_TOO_SMALL
Q1Q2_WORSE_1_3__Q2Q3_IMPROVED_1_3__Q3_LEAD_1-3,7,4,0.5714285714285714,-133.33333333333331,5,0.7142857142857143,0.14285714285714285,0.6048629283905029,SAMPLE_TOO_SMALL
Q1Q2_WORSE_4_7__Q2Q3_IMPROVED_8_PLUS__Q3_LEAD_4-7,7,4,0.5714285714285714,-133.33333333333331,7,1.0,2.4285714285714284,0.7123574018478394,SAMPLE_TOO_SMALL
Q1Q2_IMPROVED_4_7__Q2Q3_WORSE_8_PLUS__Q3_LEAD_1-3,7,3,0.42857142857142855,133.33333333333334,5,0.7142857142857143,-1.1428571428571428,0.6457880735397339,SAMPLE_TOO_SMALL
Q1Q2_WORSE_1_3__Q2Q3_IMPROVED_4_7__Q3_LEAD_1-3,7,3,0.42857142857142855,133.33333333333334,6,0.8571428571428571,0.8571428571428571,0.6220689415931702,SAMPLE_TOO_SMALL
Q1Q2_WORSE_8_PLUS__Q2Q3_IMPROVED_4_7__Q3_LEAD_1-3,7,1,0.14285714285714285,600.0000000000001,4,0.5714285714285714,-3.0,0.530493974685669,SAMPLE_TOO_SMALL
Q1Q2_IMPROVED_1_3__Q2Q3_WORSE_4_7__Q3_LEAD_4-7,6,6,1.0,,6,1.0,7.5,0.8043150007724762,SAMPLE_TOO_SMALL
Q1Q2_WORSE_1_3__Q2Q3_IMPROVED_1_3__Q3_LEAD_4-7,6,6,1.0,,6,1.0,8.833333333333334,0.7973815500736237,SAMPLE_TOO_SMALL
Q1Q2_WORSE_1_3__Q2Q3_IMPROVED_8_PLUS__Q3_LEAD_4-7,6,6,1.0,,6,1.0,7.666666666666667,0.7213297486305237,SAMPLE_TOO_SMALL
Q1Q2_IMPROVED_1_3__Q2Q3_WORSE_1_3__Q3_LEAD_4-7,6,5,0.8333333333333334,-500.00000000000017,6,1.0,8.666666666666666,0.7838356792926788,SAMPLE_TOO_SMALL
Q1Q2_FLAT__Q2Q3_IMPROVED_8_PLUS__Q3_LEAD_4-7,6,4,0.6666666666666666,-199.99999999999994,5,0.8333333333333334,1.0,0.7196076214313507,SAMPLE_TOO_SMALL
Q1Q2_IMPROVED_1_3__Q2Q3_IMPROVED_1_3__Q3_LEAD_1-3,6,4,0.6666666666666666,-199.99999999999994,4,0.6666666666666666,-2.3333333333333335,0.5367398262023926,SAMPLE_TOO_SMALL
Q1Q2_IMPROVED_1_3__Q2Q3_IMPROVED_4_7__Q3_LEAD_1-3,6,4,0.6666666666666666,-199.99999999999994,4,0.6666666666666666,0.0,0.5339333713054657,SAMPLE_TOO_SMALL
Q1Q2_IMPROVED_8_PLUS__Q2Q3_WORSE_8_PLUS__Q3_LEAD_1-3,6,4,0.6666666666666666,-199.99999999999994,5,0.8333333333333334,3.6666666666666665,0.71419557929039,SAMPLE_TOO_SMALL
Q1Q2_WORSE_1_3__Q2Q3_WORSE_1_3__Q3_LEAD_1-3,6,4,0.6666666666666666,-199.99999999999994,4,0.6666666666666666,-2.6666666666666665,0.5178136229515076,SAMPLE_TOO_SMALL
Q1Q2_FLAT__Q2Q3_IMPROVED_1_3__Q3_LEAD_4-7,6,3,0.5,-100.0,6,1.0,2.6666666666666665,0.7312566637992859,SAMPLE_TOO_SMALL
Q1Q2_WORSE_4_7__Q2Q3_IMPROVED_1_3__Q3_LEAD_1-3,6,3,0.5,-100.0,4,0.6666666666666666,0.16666666666666666,0.6552774310112,SAMPLE_TOO_SMALL
Q1Q2_IMPROVED_4_7__Q2Q3_IMPROVED_4_7__Q3_LEAD_1-3,6,2,0.3333333333333333,200.00000000000003,5,0.8333333333333334,-0.6666666666666666,0.5983205437660217,SAMPLE_TOO_SMALL
Q1Q2_WORSE_8_PLUS__Q2Q3_IMPROVED_8_PLUS__Q3_LEAD_1-3,6,1,0.16666666666666666,500.00000000000006,4,0.6666666666666666,-4.0,0.4999975264072418,SAMPLE_TOO_SMALL
Q1Q2_IMPROVED_1_3__Q2Q3_IMPROVED_1_3__Q3_LEAD_8+,5,5,1.0,,5,1.0,8.8,0.9737218022346497,SAMPLE_TOO_SMALL
Q1Q2_IMPROVED_1_3__Q2Q3_FLAT__Q3_LEAD_8+,5,4,0.8,-400.0000000000001,5,1.0,7.2,0.8919214010238647,SAMPLE_TOO_SMALL
Q1Q2_WORSE_4_7__Q2Q3_IMPROVED_1_3__Q3_LEAD_8+,5,4,0.8,-400.0000000000001,4,0.8,7.8,0.831706702709198,SAMPLE_TOO_SMALL
Q1Q2_IMPROVED_8_PLUS__Q2Q3_WORSE_1_3__Q3_LEAD_4-7,5,3,0.6,-150.0,3,0.6,-0.6,0.8109908699989319,SAMPLE_TOO_SMALL
Q1Q2_WORSE_1_3__Q2Q3_FLAT__Q3_LEAD_1-3,5,3,0.6,-150.0,4,0.8,-0.6,0.5510933995246887,SAMPLE_TOO_SMALL
Q1Q2_FLAT__Q2Q3_WORSE_1_3__Q3_LEAD_1-3,5,2,0.4,150.0,3,0.6,2.6,0.607670783996582,SAMPLE_TOO_SMALL
Q1Q2_IMPROVED_4_7__Q2Q3_IMPROVED_1_3__Q3_LEAD_1-3,5,2,0.4,150.0,3,0.6,0.4,0.5864788889884949,SAMPLE_TOO_SMALL
Q1Q2_WORSE_1_3__Q2Q3_FLAT__Q3_LEAD_4-7,5,2,0.4,150.0,3,0.6,-1.0,0.7842031121253967,SAMPLE_TOO_SMALL
Q1Q2_FLAT__Q2Q3_FLAT__Q3_LEAD_8+,4,4,1.0,,4,1.0,11.5,0.9343477785587311,SAMPLE_TOO_SMALL
Q1Q2_FLAT__Q2Q3_WORSE_4_7__Q3_LEAD_4-7,4,4,1.0,,4,1.0,6.0,0.8288366198539734,SAMPLE_TOO_SMALL
Q1Q2_WORSE_1_3__Q2Q3_FLAT__Q3_LEAD_8+,4,4,1.0,,4,1.0,12.25,0.9050941467285156,SAMPLE_TOO_SMALL
Q1Q2_WORSE_8_PLUS__Q2Q3_IMPROVED_4_7__Q3_LEAD_4-7,4,4,1.0,,4,1.0,5.5,0.8048118054866791,SAMPLE_TOO_SMALL
Q1Q2_FLAT__Q2Q3_WORSE_4_7__Q3_LEAD_1-3,4,3,0.75,-300.0,3,0.75,2.0,0.6253193616867065,SAMPLE_TOO_SMALL
Q1Q2_WORSE_8_PLUS__Q2Q3_IMPROVED_8_PLUS__Q3_LEAD_4-7,4,3,0.75,-300.0,4,1.0,7.75,0.7760384976863861,SAMPLE_TOO_SMALL
Q1Q2_WORSE_8_PLUS__Q2Q3_IMPROVED_1_3__Q3_LEAD_1-3,4,2,0.5,-100.0,4,1.0,1.25,0.6001388430595398,SAMPLE_TOO_SMALL
Q1Q2_FLAT__Q2Q3_IMPROVED_4_7__Q3_LEAD_1-3,4,1,0.25,300.0,3,0.75,-1.25,0.6440130174160004,SAMPLE_TOO_SMALL
Q1Q2_IMPROVED_8_PLUS__Q2Q3_IMPROVED_4_7__Q3_LEAD_4-7,4,1,0.25,300.0,3,0.75,-2.0,0.7969934642314911,SAMPLE_TOO_SMALL
Q1Q2_IMPROVED_1_3__Q2Q3_WORSE_1_3__Q3_LEAD_8+,3,3,1.0,,3,1.0,9.666666666666666,0.9137762784957886,SAMPLE_TOO_SMALL
Q1Q2_IMPROVED_4_7__Q2Q3_IMPROVED_8_PLUS__Q3_LEAD_4-7,3,3,1.0,,3,1.0,7.333333333333333,0.822547435760498,SAMPLE_TOO_SMALL
Q1Q2_IMPROVED_8_PLUS__Q2Q3_IMPROVED_1_3__Q3_LEAD_4-7,3,2,0.6666666666666666,-199.99999999999994,2,0.6666666666666666,1.0,0.7321003675460815,SAMPLE_TOO_SMALL
Q1Q2_IMPROVED_8_PLUS__Q2Q3_WORSE_8_PLUS__Q3_LEAD_4-7,3,2,0.6666666666666666,-199.99999999999994,2,0.6666666666666666,2.0,0.8517351150512695,SAMPLE_TOO_SMALL
Q1Q2_IMPROVED_8_PLUS__Q2Q3_FLAT__Q3_LEAD_4-7,3,1,0.3333333333333333,200.00000000000003,2,0.6666666666666666,1.3333333333333333,0.7136953473091125,SAMPLE_TOO_SMALL
Q1Q2_IMPROVED_8_PLUS__Q2Q3_WORSE_1_3__Q3_LEAD_1-3,3,0,0.0,,0,0.0,-5.666666666666667,0.558015763759613,SAMPLE_TOO_SMALL
Q1Q2_FLAT__Q2Q3_IMPROVED_8_PLUS__Q3_LEAD_1-3,2,2,1.0,,2,1.0,2.5,0.6987860798835754,SAMPLE_TOO_SMALL
Q1Q2_IMPROVED_1_3__Q2Q3_WORSE_4_7__Q3_LEAD_8+,2,2,1.0,,2,1.0,5.0,0.8535391688346863,SAMPLE_TOO_SMALL
Q1Q2_WORSE_1_3__Q2Q3_WORSE_1_3__Q3_LEAD_8+,2,2,1.0,,2,1.0,14.0,0.9311217665672302,SAMPLE_TOO_SMALL
Q1Q2_IMPROVED_1_3__Q2Q3_IMPROVED_8_PLUS__Q3_LEAD_4-7,2,1,0.5,-100.0,2,1.0,7.0,0.7789231836795807,SAMPLE_TOO_SMALL
Q1Q2_IMPROVED_1_3__Q2Q3_WORSE_8_PLUS__Q3_LEAD_1-3,2,1,0.5,-100.0,1,0.5,-0.5,0.6364523768424988,SAMPLE_TOO_SMALL
Q1Q2_IMPROVED_8_PLUS__Q2Q3_IMPROVED_1_3__Q3_LEAD_1-3,2,1,0.5,-100.0,1,0.5,-1.5,0.49084028601646423,SAMPLE_TOO_SMALL
Q1Q2_WORSE_1_3__Q2Q3_WORSE_1_3__Q3_LEAD_4-7,2,1,0.5,-100.0,2,1.0,1.0,0.7026700079441071,SAMPLE_TOO_SMALL
Q1Q2_WORSE_1_3__Q2Q3_WORSE_8_PLUS__Q3_LEAD_1-3,2,1,0.5,-100.0,2,1.0,-0.5,0.6278443932533264,SAMPLE_TOO_SMALL
Q1Q2_WORSE_4_7__Q2Q3_IMPROVED_1_3__Q3_LEAD_4-7,2,1,0.5,-100.0,2,1.0,1.0,0.7952030301094055,SAMPLE_TOO_SMALL
Q1Q2_WORSE_4_7__Q2Q3_WORSE_1_3__Q3_LEAD_1-3,2,1,0.5,-100.0,1,0.5,2.0,0.5949288606643677,SAMPLE_TOO_SMALL
Q1Q2_WORSE_1_3__Q2Q3_IMPROVED_1_3__Q3_LEAD_8+,2,0,0.0,,2,1.0,-1.0,0.8279700875282288,SAMPLE_TOO_SMALL
Q1Q2_WORSE_1_3__Q2Q3_WORSE_4_7__Q3_LEAD_1-3,2,0,0.0,,1,0.5,-7.0,0.47729870676994324,SAMPLE_TOO_SMALL
Q1Q2_IMPROVED_4_7__Q2Q3_WORSE_8_PLUS__Q3_LEAD_4-7,1,1,1.0,,1,1.0,14.0,0.8256881237030029,SAMPLE_TOO_SMALL
Q1Q2_WORSE_1_3__Q2Q3_WORSE_4_7__Q3_LEAD_4-7,1,1,1.0,,1,1.0,4.0,0.7874918580055237,SAMPLE_TOO_SMALL
Q1Q2_WORSE_4_7__Q2Q3_FLAT__Q3_LEAD_8+,1,1,1.0,,1,1.0,9.0,0.8389604091644287,SAMPLE_TOO_SMALL
Q1Q2_WORSE_4_7__Q2Q3_IMPROVED_8_PLUS__Q3_LEAD_1-3,1,1,1.0,,1,1.0,2.0,0.6382498741149902,SAMPLE_TOO_SMALL
Q1Q2_WORSE_4_7__Q2Q3_WORSE_1_3__Q3_LEAD_4-7,1,1,1.0,,1,1.0,3.0,0.6441800594329834,SAMPLE_TOO_SMALL
Q1Q2_WORSE_4_7__Q2Q3_WORSE_8_PLUS__Q3_LEAD_1-3,1,1,1.0,,1,1.0,19.0,0.48521989583969116,SAMPLE_TOO_SMALL
Q1Q2_WORSE_8_PLUS__Q2Q3_FLAT__Q3_LEAD_1-3,1,1,1.0,,1,1.0,5.0,0.5253435969352722,SAMPLE_TOO_SMALL
Q1Q2_WORSE_8_PLUS__Q2Q3_IMPROVED_1_3__Q3_LEAD_8+,1,1,1.0,,1,1.0,11.0,0.9398677349090576,SAMPLE_TOO_SMALL
Q1Q2_WORSE_8_PLUS__Q2Q3_IMPROVED_4_7__Q3_LEAD_8+,1,1,1.0,,1,1.0,6.0,0.9021660685539246,SAMPLE_TOO_SMALL
Q1Q2_WORSE_8_PLUS__Q2Q3_IMPROVED_8_PLUS__Q3_LEAD_8+,1,1,1.0,,1,1.0,13.0,0.9802913665771484,SAMPLE_TOO_SMALL
Q1Q2_FLAT__Q2Q3_WORSE_1_3__Q3_LEAD_8+,1,0,0.0,,1,1.0,-4.0,0.796238124370575,SAMPLE_TOO_SMALL
Q1Q2_FLAT__Q2Q3_WORSE_8_PLUS__Q3_LEAD_4-7,1,0,0.0,,0,0.0,-4.0,0.7662911415100098,SAMPLE_TOO_SMALL
Q1Q2_IMPROVED_1_3__Q2Q3_IMPROVED_8_PLUS__Q3_LEAD_1-3,1,0,0.0,,0,0.0,-6.0,0.4701414704322815,SAMPLE_TOO_SMALL
Q1Q2_IMPROVED_8_PLUS__Q2Q3_IMPROVED_8_PLUS__Q3_LEAD_4-7,1,0,0.0,,0,0.0,-4.0,0.624295711517334,SAMPLE_TOO_SMALL
Q1Q2_WORSE_1_3__Q2Q3_IMPROVED_8_PLUS__Q3_LEAD_1-3,1,0,0.0,,0,0.0,-10.0,0.49426335096359253,SAMPLE_TOO_SMALL
Q1Q2_WORSE_1_3__Q2Q3_WORSE_8_PLUS__Q3_LEAD_4-7,1,0,0.0,,1,1.0,-1.0,0.8536568284034729,SAMPLE_TOO_SMALL
Q1Q2_WORSE_4_7__Q2Q3_WORSE_4_7__Q3_LEAD_1-3,1,0,0.0,,1,1.0,-1.0,0.6249638795852661,SAMPLE_TOO_SMALL
Q1Q2_WORSE_8_PLUS__Q2Q3_IMPROVED_1_3__Q3_LEAD_4-7,1,0,0.0,,1,1.0,-4.0,0.5881730318069458,SAMPLE_TOO_SMALL
Q1Q2_WORSE_8_PLUS__Q2Q3_WORSE_4_7__Q3_LEAD_1-3,1,0,0.0,,0,0.0,-5.0,0.7481828331947327,SAMPLE_TOO_SMALL
