margin_trajectory_with_q3_lead,cases,su_wins,su_win_rate,break_even_ml,covers,cover_rate_pregame_spread,avg_final_margin,median_q3_wp,sample_flag
Q1_LEAD_4_7__Q2_LEAD_14_PLUS__Q3_LEAD_14_PLUS__Q3_LEAD_8+,41,38,0.926829268292683,-1266.6666666666674,41,1.0,19.365853658536587,0.9862646460533142,OK
Q1_LEAD_14_PLUS__Q2_LEAD_14_PLUS__Q3_LEAD_14_PLUS__Q3_LEAD_8+,33,32,0.9696969696969697,-3200.0000000000027,33,1.0,18.818181818181817,0.9857006072998047,OK
Q1_LEAD_4_7__Q2_LEAD_8_13__Q3_LEAD_8_13__Q3_LEAD_8+,31,30,0.967741935483871,-3000.0000000000027,31,1.0,8.0,0.8773869276046753,OK
Q1_LEAD_4_7__Q2_LEAD_8_13__Q3_LEAD_14_PLUS__Q3_LEAD_8+,28,27,0.9642857142857143,-2700.0000000000014,28,1.0,15.75,0.9645596146583557,SAMPLE_TOO_SMALL
Q1_LEAD_4_7__Q2_LEAD_4_7__Q3_LEAD_4_7__Q3_LEAD_4-7,27,19,0.7037037037037037,-237.5,24,0.8888888888888888,4.37037037037037,0.7346483469009399,SAMPLE_TOO_SMALL
Q1_TIE__Q2_LEAD_4_7__Q3_LEAD_4_7__Q3_LEAD_4-7,27,14,0.5185185185185185,-107.69230769230768,22,0.8148148148148148,1.7407407407407407,0.7626728415489197,SAMPLE_TOO_SMALL
Q1_LEAD_4_7__Q2_LEAD_4_7__Q3_LEAD_14_PLUS__Q3_LEAD_8+,19,16,0.8421052631578947,-533.3333333333331,16,0.8421052631578947,9.052631578947368,0.9658461213111877,SAMPLE_TOO_SMALL
Q1_LEAD_4_7__Q2_LEAD_4_7__Q3_LEAD_8_13__Q3_LEAD_8+,18,11,0.6111111111111112,-157.14285714285717,16,0.8888888888888888,3.9444444444444446,0.8772497177124023,SAMPLE_TOO_SMALL
Q1_LEAD_4_7__Q2_LEAD_4_7__Q3_LEAD_1_3__Q3_LEAD_1-3,18,10,0.5555555555555556,-125.00000000000001,14,0.7777777777777778,1.1111111111111112,0.6101573705673218,SAMPLE_TOO_SMALL
Q1_LEAD_4_7__Q2_LEAD_8_13__Q3_LEAD_1_3__Q3_LEAD_1-3,17,8,0.47058823529411764,112.50000000000001,13,0.7647058823529411,-0.5294117647058824,0.6305723786354065,SAMPLE_TOO_SMALL
Q1_LEAD_8_13__Q2_LEAD_14_PLUS__Q3_LEAD_14_PLUS__Q3_LEAD_8+,16,15,0.9375,-1500.0,16,1.0,20.75,0.9989229440689087,SAMPLE_TOO_SMALL
Q1_TIE__Q2_LEAD_14_PLUS__Q3_LEAD_14_PLUS__Q3_LEAD_8+,15,13,0.8666666666666667,-650.0000000000002,13,0.8666666666666667,13.466666666666667,0.9875024557113647,SAMPLE_TOO_SMALL
Q1_TRAIL_4_7__Q2_LEAD_1_3__Q3_LEAD_1_3__Q3_LEAD_1-3,15,9,0.6,-150.0,11,0.7333333333333333,1.8666666666666667,0.6039668917655945,SAMPLE_TOO_SMALL
Q1_LEAD_4_7__Q2_LEAD_8_13__Q3_LEAD_4_7__Q3_LEAD_4-7,13,11,0.8461538461538461,-550.0,12,0.9230769230769231,6.923076923076923,0.7831257581710815,SAMPLE_TOO_SMALL
Q1_TIE__Q2_LEAD_8_13__Q3_LEAD_8_13__Q3_LEAD_8+,13,10,0.7692307692307693,-333.3333333333334,12,0.9230769230769231,10.538461538461538,0.8922256231307983,SAMPLE_TOO_SMALL
Q1_LEAD_1_3__Q2_LEAD_4_7__Q3_LEAD_4_7__Q3_LEAD_4-7,13,9,0.6923076923076923,-224.99999999999997,12,0.9230769230769231,2.0,0.6917333602905273,SAMPLE_TOO_SMALL
Q1_LEAD_1_3__Q2_LEAD_14_PLUS__Q3_LEAD_14_PLUS__Q3_LEAD_8+,12,12,1.0,,12,1.0,16.416666666666668,0.9731907844543457,SAMPLE_TOO_SMALL
Q1_TIE__Q2_TRAIL_1_3__Q3_LEAD_4_7__Q3_LEAD_4-7,12,9,0.75,-300.0,10,0.8333333333333334,4.166666666666667,0.6721238195896149,SAMPLE_TOO_SMALL
Q1_LEAD_1_3__Q2_LEAD_8_13__Q3_LEAD_4_7__Q3_LEAD_4-7,12,8,0.6666666666666666,-199.99999999999994,9,0.75,1.5,0.7863503992557526,SAMPLE_TOO_SMALL
Q1_TIE__Q2_LEAD_1_3__Q3_LEAD_1_3__Q3_LEAD_1-3,12,6,0.5,-100.0,9,0.75,0.0,0.523097425699234,SAMPLE_TOO_SMALL
Q1_TIE__Q2_LEAD_4_7__Q3_LEAD_1_3__Q3_LEAD_1-3,11,4,0.36363636363636365,175.0,8,0.7272727272727273,-1.6363636363636365,0.5697317123413086,SAMPLE_TOO_SMALL
Q1_LEAD_4_7__Q2_LEAD_14_PLUS__Q3_LEAD_8_13__Q3_LEAD_8+,10,10,1.0,,10,1.0,6.4,0.9108580052852631,SAMPLE_TOO_SMALL
Q1_LEAD_1_3__Q2_LEAD_8_13__Q3_LEAD_8_13__Q3_LEAD_8+,10,9,0.9,-900.0000000000002,10,1.0,8.3,0.8831967115402222,SAMPLE_TOO_SMALL
Q1_TIE__Q2_LEAD_4_7__Q3_LEAD_14_PLUS__Q3_LEAD_8+,10,9,0.9,-900.0000000000002,9,0.9,12.5,0.9581989049911499,SAMPLE_TOO_SMALL
Q1_TRAIL_1_3__Q2_LEAD_4_7__Q3_LEAD_4_7__Q3_LEAD_4-7,10,8,0.8,-400.0000000000001,9,0.9,3.6,0.7288070321083069,SAMPLE_TOO_SMALL
Q1_TIE__Q2_LEAD_8_13__Q3_LEAD_4_7__Q3_LEAD_4-7,10,7,0.7,-233.3333333333333,9,0.9,3.0,0.7787161469459534,SAMPLE_TOO_SMALL
Q1_TRAIL_4_7__Q2_LEAD_8_13__Q3_LEAD_8_13__Q3_LEAD_8+,10,7,0.7,-233.3333333333333,9,0.9,4.1,0.8626428544521332,SAMPLE_TOO_SMALL
Q1_LEAD_4_7__Q2_LEAD_1_3__Q3_LEAD_1_3__Q3_LEAD_1-3,10,6,0.6,-150.0,7,0.7,-0.6,0.5809241533279419,SAMPLE_TOO_SMALL
Q1_TIE__Q2_LEAD_8_13__Q3_LEAD_14_PLUS__Q3_LEAD_8+,9,9,1.0,,9,1.0,17.77777777777778,0.98032546043396,SAMPLE_TOO_SMALL
Q1_TRAIL_1_3__Q2_LEAD_8_13__Q3_LEAD_8_13__Q3_LEAD_8+,9,8,0.8888888888888888,-799.9999999999997,8,0.8888888888888888,9.222222222222221,0.8728274703025818,SAMPLE_TOO_SMALL
Q1_LEAD_1_3__Q2_LEAD_1_3__Q3_LEAD_8_13__Q3_LEAD_8+,9,7,0.7777777777777778,-350.00000000000006,9,1.0,10.222222222222221,0.8131420612335205,SAMPLE_TOO_SMALL
Q1_TRAIL_4_7__Q2_TIE__Q3_LEAD_4_7__Q3_LEAD_4-7,9,7,0.7777777777777778,-350.00000000000006,7,0.7777777777777778,5.777777777777778,0.7478041052818298,SAMPLE_TOO_SMALL
Q1_LEAD_1_3__Q2_LEAD_1_3__Q3_LEAD_1_3__Q3_LEAD_1-3,9,4,0.4444444444444444,125.00000000000001,7,0.7777777777777778,1.6666666666666667,0.6213645339012146,SAMPLE_TOO_SMALL
Q1_TIE__Q2_LEAD_4_7__Q3_LEAD_8_13__Q3_LEAD_8+,9,4,0.4444444444444444,125.00000000000001,7,0.7777777777777778,3.888888888888889,0.8424143195152283,SAMPLE_TOO_SMALL
Q1_TRAIL_4_7__Q2_LEAD_1_3__Q3_LEAD_4_7__Q3_LEAD_4-7,9,1,0.1111111111111111,800.0,7,0.7777777777777778,-2.888888888888889,0.7180553674697876,SAMPLE_TOO_SMALL
Q1_LEAD_8_13__Q2_LEAD_8_13__Q3_LEAD_14_PLUS__Q3_LEAD_8+,8,8,1.0,,8,1.0,14.125,0.9600556790828705,SAMPLE_TOO_SMALL
Q1_LEAD_1_3__Q2_LEAD_4_7__Q3_LEAD_8_13__Q3_LEAD_8+,8,7,0.875,-700.0,8,1.0,8.75,0.8695265352725983,SAMPLE_TOO_SMALL
Q1_TRAIL_4_7__Q2_LEAD_4_7__Q3_LEAD_8_13__Q3_LEAD_8+,8,7,0.875,-700.0,8,1.0,8.625,0.8428682684898376,SAMPLE_TOO_SMALL
Q1_LEAD_4_7__Q2_LEAD_1_3__Q3_LEAD_4_7__Q3_LEAD_4-7,8,6,0.75,-300.0,7,0.875,2.875,0.6949701011180878,SAMPLE_TOO_SMALL
Q1_LEAD_8_13__Q2_LEAD_4_7__Q3_LEAD_4_7__Q3_LEAD_4-7,8,6,0.75,-300.0,7,0.875,6.625,0.7889439463615417,SAMPLE_TOO_SMALL
Q1_TIE__Q2_LEAD_1_3__Q3_LEAD_4_7__Q3_LEAD_4-7,8,6,0.75,-300.0,7,0.875,3.875,0.8123394250869751,SAMPLE_TOO_SMALL
Q1_LEAD_1_3__Q2_LEAD_4_7__Q3_LEAD_1_3__Q3_LEAD_1-3,8,5,0.625,-166.66666666666666,6,0.75,2.125,0.533175140619278,SAMPLE_TOO_SMALL
Q1_TRAIL_4_7__Q2_TRAIL_1_3__Q3_LEAD_1_3__Q3_LEAD_1-3,8,5,0.625,-166.66666666666666,7,0.875,-0.375,0.5254910588264465,SAMPLE_TOO_SMALL
Q1_TIE__Q2_TIE__Q3_LEAD_4_7__Q3_LEAD_4-7,8,4,0.5,-100.0,6,0.75,2.125,0.7335285544395447,SAMPLE_TOO_SMALL
Q1_TRAIL_4_7__Q2_TRAIL_4_7__Q3_LEAD_1_3__Q3_LEAD_1-3,8,4,0.5,-100.0,5,0.625,-0.5,0.6388707160949707,SAMPLE_TOO_SMALL
Q1_LEAD_1_3__Q2_LEAD_8_13__Q3_LEAD_14_PLUS__Q3_LEAD_8+,7,7,1.0,,7,1.0,13.142857142857142,0.9734948873519897,SAMPLE_TOO_SMALL
Q1_LEAD_8_13__Q2_LEAD_4_7__Q3_LEAD_8_13__Q3_LEAD_8+,7,6,0.8571428571428571,-599.9999999999998,6,0.8571428571428571,7.857142857142857,0.831706702709198,SAMPLE_TOO_SMALL
Q1_TIE__Q2_TIE__Q3_LEAD_8_13__Q3_LEAD_8+,7,6,0.8571428571428571,-599.9999999999998,6,0.8571428571428571,7.571428571428571,0.8560080528259277,SAMPLE_TOO_SMALL
Q1_LEAD_8_13__Q2_LEAD_14_PLUS__Q3_LEAD_8_13__Q3_LEAD_8+,7,5,0.7142857142857143,-250.00000000000003,7,1.0,8.0,0.8866319060325623,SAMPLE_TOO_SMALL
Q1_TIE__Q2_TIE__Q3_LEAD_1_3__Q3_LEAD_1-3,7,5,0.7142857142857143,-250.00000000000003,7,1.0,1.7142857142857142,0.600955069065094,SAMPLE_TOO_SMALL
Q1_TRAIL_1_3__Q2_LEAD_4_7__Q3_LEAD_8_13__Q3_LEAD_8+,7,5,0.7142857142857143,-250.00000000000003,7,1.0,8.428571428571429,0.8215638995170593,SAMPLE_TOO_SMALL
Q1_TRAIL_1_3__Q2_LEAD_1_3__Q3_LEAD_1_3__Q3_LEAD_1-3,7,4,0.5714285714285714,-133.33333333333331,6,0.8571428571428571,1.7142857142857142,0.7021427154541016,SAMPLE_TOO_SMALL
Q1_TRAIL_4_7__Q2_TRAIL_1_3__Q3_LEAD_4_7__Q3_LEAD_4-7,7,4,0.5714285714285714,-133.33333333333331,7,1.0,0.7142857142857143,0.7069886922836304,SAMPLE_TOO_SMALL
Q1_LEAD_14_PLUS__Q2_LEAD_8_13__Q3_LEAD_8_13__Q3_LEAD_8+,6,6,1.0,,6,1.0,12.166666666666666,0.9128682613372803,SAMPLE_TOO_SMALL
Q1_LEAD_8_13__Q2_LEAD_1_3__Q3_LEAD_1_3__Q3_LEAD_1-3,6,5,0.8333333333333334,-500.00000000000017,6,1.0,2.5,0.6839908063411713,SAMPLE_TOO_SMALL
Q1_TRAIL_4_7__Q2_TRAIL_4_7__Q3_LEAD_4_7__Q3_LEAD_4-7,6,5,0.8333333333333334,-500.00000000000017,5,0.8333333333333334,5.0,0.7213220000267029,SAMPLE_TOO_SMALL
Q1_LEAD_1_3__Q2_LEAD_1_3__Q3_LEAD_4_7__Q3_LEAD_4-7,6,4,0.6666666666666666,-199.99999999999994,6,1.0,2.6666666666666665,0.7312566637992859,SAMPLE_TOO_SMALL
Q1_LEAD_1_3__Q2_TRAIL_4_7__Q3_LEAD_1_3__Q3_LEAD_1-3,6,3,0.5,-100.0,5,0.8333333333333334,-0.8333333333333334,0.5670788884162903,SAMPLE_TOO_SMALL
Q1_LEAD_4_7__Q2_LEAD_14_PLUS__Q3_LEAD_4_7__Q3_LEAD_4-7,6,3,0.5,-100.0,5,0.8333333333333334,0.0,0.7515257298946381,SAMPLE_TOO_SMALL
Q1_TIE__Q2_TRAIL_1_3__Q3_LEAD_1_3__Q3_LEAD_1-3,6,3,0.5,-100.0,5,0.8333333333333334,2.0,0.632853776216507,SAMPLE_TOO_SMALL
Q1_TRAIL_4_7__Q2_LEAD_4_7__Q3_LEAD_4_7__Q3_LEAD_4-7,6,2,0.3333333333333333,200.00000000000003,3,0.5,0.16666666666666666,0.7324721217155457,SAMPLE_TOO_SMALL
Q1_TRAIL_4_7__Q2_LEAD_4_7__Q3_LEAD_14_PLUS__Q3_LEAD_8+,5,5,1.0,,5,1.0,11.6,0.9457681179046631,SAMPLE_TOO_SMALL
Q1_TRAIL_4_7__Q2_LEAD_8_13__Q3_LEAD_14_PLUS__Q3_LEAD_8+,5,5,1.0,,5,1.0,13.2,0.9740160703659058,SAMPLE_TOO_SMALL
Q1_LEAD_8_13__Q2_LEAD_8_13__Q3_LEAD_8_13__Q3_LEAD_8+,5,4,0.8,-400.0000000000001,5,1.0,6.8,0.8758774995803833,SAMPLE_TOO_SMALL
Q1_TIE__Q2_LEAD_8_13__Q3_LEAD_1_3__Q3_LEAD_1-3,5,4,0.8,-400.0000000000001,4,0.8,5.8,0.7069588303565979,SAMPLE_TOO_SMALL
Q1_LEAD_14_PLUS__Q2_LEAD_14_PLUS__Q3_LEAD_4_7__Q3_LEAD_4-7,5,3,0.6,-150.0,4,0.8,3.0,0.8536568284034729,SAMPLE_TOO_SMALL
Q1_TIE__Q2_LEAD_14_PLUS__Q3_LEAD_4_7__Q3_LEAD_4-7,5,3,0.6,-150.0,5,1.0,2.2,0.7431592345237732,SAMPLE_TOO_SMALL
Q1_LEAD_14_PLUS__Q2_LEAD_8_13__Q3_LEAD_1_3__Q3_LEAD_1-3,5,2,0.4,150.0,4,0.8,2.4,0.6249638795852661,SAMPLE_TOO_SMALL
Q1_LEAD_1_3__Q2_TIE__Q3_LEAD_1_3__Q3_LEAD_1-3,5,2,0.4,150.0,3,0.6,-1.8,0.6048629283905029,SAMPLE_TOO_SMALL
Q1_LEAD_1_3__Q2_TIE__Q3_LEAD_4_7__Q3_LEAD_4-7,5,2,0.4,150.0,2,0.4,-1.2,0.7412035465240479,SAMPLE_TOO_SMALL
Q1_TRAIL_1_3__Q2_TRAIL_1_3__Q3_LEAD_4_7__Q3_LEAD_4-7,5,2,0.4,150.0,4,0.8,0.6,0.6457372903823853,SAMPLE_TOO_SMALL
Q1_LEAD_14_PLUS__Q2_LEAD_4_7__Q3_LEAD_14_PLUS__Q3_LEAD_8+,4,4,1.0,,4,1.0,11.25,0.9704342484474182,SAMPLE_TOO_SMALL
Q1_LEAD_1_3__Q2_LEAD_1_3__Q3_LEAD_14_PLUS__Q3_LEAD_8+,4,4,1.0,,4,1.0,9.0,0.9310956597328186,SAMPLE_TOO_SMALL
Q1_LEAD_1_3__Q2_LEAD_8_13__Q3_LEAD_1_3__Q3_LEAD_1-3,4,4,1.0,,4,1.0,6.25,0.65947625041008,SAMPLE_TOO_SMALL
Q1_LEAD_4_7__Q2_LEAD_1_3__Q3_LEAD_14_PLUS__Q3_LEAD_8+,4,4,1.0,,4,1.0,10.75,0.9603770673274994,SAMPLE_TOO_SMALL
Q1_TIE__Q2_LEAD_14_PLUS__Q3_LEAD_8_13__Q3_LEAD_8+,4,4,1.0,,4,1.0,13.5,0.9174001216888428,SAMPLE_TOO_SMALL
Q1_TRAIL_1_3__Q2_LEAD_14_PLUS__Q3_LEAD_14_PLUS__Q3_LEAD_8+,4,4,1.0,,4,1.0,12.0,0.9565088450908661,SAMPLE_TOO_SMALL
Q1_TRAIL_1_3__Q2_LEAD_8_13__Q3_LEAD_1_3__Q3_LEAD_1-3,4,4,1.0,,4,1.0,5.5,0.6263546645641327,SAMPLE_TOO_SMALL
Q1_LEAD_4_7__Q2_TIE__Q3_LEAD_1_3__Q3_LEAD_1-3,4,3,0.75,-300.0,3,0.75,2.25,0.6552774310112,SAMPLE_TOO_SMALL
Q1_LEAD_8_13__Q2_LEAD_8_13__Q3_LEAD_4_7__Q3_LEAD_4-7,4,3,0.75,-300.0,4,1.0,3.25,0.7471437156200409,SAMPLE_TOO_SMALL
Q1_TIE__Q2_LEAD_1_3__Q3_LEAD_8_13__Q3_LEAD_8+,4,3,0.75,-300.0,4,1.0,3.75,0.8514675199985504,SAMPLE_TOO_SMALL
Q1_TIE__Q2_TRAIL_4_7__Q3_LEAD_4_7__Q3_LEAD_4-7,4,3,0.75,-300.0,4,1.0,4.0,0.7331750690937042,SAMPLE_TOO_SMALL
Q1_TRAIL_1_3__Q2_LEAD_4_7__Q3_LEAD_1_3__Q3_LEAD_1-3,4,3,0.75,-300.0,4,1.0,2.5,0.6427063643932343,SAMPLE_TOO_SMALL
Q1_TRAIL_4_7__Q2_LEAD_14_PLUS__Q3_LEAD_14_PLUS__Q3_LEAD_8+,4,3,0.75,-300.0,3,0.75,7.5,0.9691000580787659,SAMPLE_TOO_SMALL
Q1_TRAIL_8_13__Q2_TRAIL_1_3__Q3_LEAD_4_7__Q3_LEAD_4-7,4,3,0.75,-300.0,3,0.75,3.75,0.723421573638916,SAMPLE_TOO_SMALL
Q1_LEAD_8_13__Q2_LEAD_8_13__Q3_LEAD_1_3__Q3_LEAD_1-3,4,2,0.5,-100.0,3,0.75,-1.25,0.6048322319984436,SAMPLE_TOO_SMALL
Q1_TRAIL_1_3__Q2_LEAD_1_3__Q3_LEAD_8_13__Q3_LEAD_8+,4,2,0.5,-100.0,4,1.0,10.25,0.8871966302394867,SAMPLE_TOO_SMALL
Q1_LEAD_4_7__Q2_TRAIL_4_7__Q3_LEAD_1_3__Q3_LEAD_1-3,4,1,0.25,300.0,3,0.75,-2.75,0.5941269099712372,SAMPLE_TOO_SMALL
Q1_TRAIL_4_7__Q2_LEAD_4_7__Q3_LEAD_1_3__Q3_LEAD_1-3,4,1,0.25,300.0,1,0.25,-4.0,0.70353564620018,SAMPLE_TOO_SMALL
Q1_TRAIL_4_7__Q2_TIE__Q3_LEAD_1_3__Q3_LEAD_1-3,4,1,0.25,300.0,2,0.5,0.0,0.5509025752544403,SAMPLE_TOO_SMALL
Q1_TRAIL_1_3__Q2_LEAD_1_3__Q3_LEAD_4_7__Q3_LEAD_4-7,4,0,0.0,,2,0.5,-4.5,0.7165492177009583,SAMPLE_TOO_SMALL
Q1_LEAD_1_3__Q2_LEAD_14_PLUS__Q3_LEAD_8_13__Q3_LEAD_8+,3,3,1.0,,3,1.0,7.0,0.9243990778923035,SAMPLE_TOO_SMALL
Q1_LEAD_1_3__Q2_TRAIL_1_3__Q3_LEAD_4_7__Q3_LEAD_4-7,3,3,1.0,,3,1.0,7.666666666666667,0.7230706214904785,SAMPLE_TOO_SMALL
Q1_LEAD_4_7__Q2_TIE__Q3_LEAD_4_7__Q3_LEAD_4-7,3,3,1.0,,3,1.0,8.0,0.7350225448608398,SAMPLE_TOO_SMALL
Q1_TRAIL_1_3__Q2_LEAD_8_13__Q3_LEAD_14_PLUS__Q3_LEAD_8+,3,3,1.0,,3,1.0,10.666666666666666,0.9657265543937683,SAMPLE_TOO_SMALL
Q1_TRAIL_1_3__Q2_TIE__Q3_LEAD_4_7__Q3_LEAD_4-7,3,3,1.0,,3,1.0,6.333333333333333,0.8308938145637512,SAMPLE_TOO_SMALL
Q1_TRAIL_1_3__Q2_TRAIL_4_7__Q3_LEAD_4_7__Q3_LEAD_4-7,3,3,1.0,,3,1.0,7.333333333333333,0.6853785514831543,SAMPLE_TOO_SMALL
Q1_TRAIL_4_7__Q2_LEAD_1_3__Q3_LEAD_8_13__Q3_LEAD_8+,3,3,1.0,,3,1.0,9.666666666666666,0.8148581981658936,SAMPLE_TOO_SMALL
Q1_TRAIL_4_7__Q2_TIE__Q3_LEAD_8_13__Q3_LEAD_8+,3,3,1.0,,3,1.0,4.0,0.870003342628479,SAMPLE_TOO_SMALL
Q1_TIE__Q2_LEAD_1_3__Q3_LEAD_14_PLUS__Q3_LEAD_8+,3,2,0.6666666666666666,-199.99999999999994,2,0.6666666666666666,6.666666666666667,0.9728090167045593,SAMPLE_TOO_SMALL
Q1_TIE__Q2_TRAIL_4_7__Q3_LEAD_1_3__Q3_LEAD_1-3,3,2,0.6666666666666666,-199.99999999999994,3,1.0,0.6666666666666666,0.6303126811981201,SAMPLE_TOO_SMALL
Q1_TRAIL_1_3__Q2_LEAD_4_7__Q3_LEAD_14_PLUS__Q3_LEAD_8+,3,2,0.6666666666666666,-199.99999999999994,3,1.0,8.0,0.983026921749115,SAMPLE_TOO_SMALL
Q1_TRAIL_1_3__Q2_TIE__Q3_LEAD_1_3__Q3_LEAD_1-3,3,2,0.6666666666666666,-199.99999999999994,2,0.6666666666666666,-2.3333333333333335,0.5574219822883606,SAMPLE_TOO_SMALL
Q1_TRAIL_1_3__Q2_TRAIL_1_3__Q3_LEAD_1_3__Q3_LEAD_1-3,3,2,0.6666666666666666,-199.99999999999994,3,1.0,0.6666666666666666,0.5946974158287048,SAMPLE_TOO_SMALL
Q1_TRAIL_4_7__Q2_TRAIL_1_3__Q3_LEAD_8_13__Q3_LEAD_8+,3,2,0.6666666666666666,-199.99999999999994,3,1.0,7.666666666666667,0.828425407409668,SAMPLE_TOO_SMALL
Q1_LEAD_8_13__Q2_LEAD_4_7__Q3_LEAD_1_3__Q3_LEAD_1-3,3,1,0.3333333333333333,200.00000000000003,1,0.3333333333333333,-2.0,0.5866442918777466,SAMPLE_TOO_SMALL
Q1_LEAD_4_7__Q2_TRAIL_1_3__Q3_LEAD_1_3__Q3_LEAD_1-3,3,0,0.0,,2,0.6666666666666666,-5.333333333333333,0.37161076068878174,SAMPLE_TOO_SMALL
Q1_LEAD_14_PLUS__Q2_LEAD_14_PLUS__Q3_LEAD_8_13__Q3_LEAD_8+,2,2,1.0,,2,1.0,10.5,0.8846189379692078,SAMPLE_TOO_SMALL
Q1_LEAD_14_PLUS__Q2_LEAD_4_7__Q3_LEAD_4_7__Q3_LEAD_4-7,2,2,1.0,,2,1.0,3.0,0.6928464472293854,SAMPLE_TOO_SMALL
Q1_LEAD_14_PLUS__Q2_LEAD_8_13__Q3_LEAD_14_PLUS__Q3_LEAD_8+,2,2,1.0,,2,1.0,11.5,0.9614318907260895,SAMPLE_TOO_SMALL
Q1_LEAD_4_7__Q2_LEAD_1_3__Q3_LEAD_8_13__Q3_LEAD_8+,2,2,1.0,,2,1.0,7.0,0.7630363702774048,SAMPLE_TOO_SMALL
Q1_LEAD_8_13__Q2_LEAD_14_PLUS__Q3_LEAD_4_7__Q3_LEAD_4-7,2,2,1.0,,2,1.0,13.5,0.8496399819850922,SAMPLE_TOO_SMALL
Q1_LEAD_8_13__Q2_LEAD_4_7__Q3_LEAD_14_PLUS__Q3_LEAD_8+,2,2,1.0,,2,1.0,12.0,0.9662925601005554,SAMPLE_TOO_SMALL
Q1_LEAD_8_13__Q2_TRAIL_1_3__Q3_LEAD_4_7__Q3_LEAD_4-7,2,2,1.0,,2,1.0,8.5,0.7736803889274597,SAMPLE_TOO_SMALL
Q1_TIE__Q2_TIE__Q3_LEAD_14_PLUS__Q3_LEAD_8+,2,2,1.0,,2,1.0,6.5,0.950890839099884,SAMPLE_TOO_SMALL
Q1_TIE__Q2_TRAIL_4_7__Q3_LEAD_8_13__Q3_LEAD_8+,2,2,1.0,,2,1.0,13.0,0.888929545879364,SAMPLE_TOO_SMALL
Q1_TRAIL_8_13__Q2_LEAD_1_3__Q3_LEAD_1_3__Q3_LEAD_1-3,2,2,1.0,,2,1.0,5.0,0.482435017824173,SAMPLE_TOO_SMALL
Q1_TRAIL_8_13__Q2_TIE__Q3_LEAD_8_13__Q3_LEAD_8+,2,2,1.0,,2,1.0,10.5,0.9109667837619781,SAMPLE_TOO_SMALL
Q1_TRAIL_8_13__Q2_TRAIL_1_3__Q3_LEAD_8_13__Q3_LEAD_8+,2,2,1.0,,2,1.0,6.0,0.8699035048484802,SAMPLE_TOO_SMALL
Q1_LEAD_14_PLUS__Q2_LEAD_1_3__Q3_LEAD_4_7__Q3_LEAD_4-7,2,1,0.5,-100.0,2,1.0,0.0,0.6947343945503235,SAMPLE_TOO_SMALL
Q1_LEAD_1_3__Q2_TRAIL_1_3__Q3_LEAD_1_3__Q3_LEAD_1-3,2,1,0.5,-100.0,2,1.0,1.5,0.6540988683700562,SAMPLE_TOO_SMALL
Q1_LEAD_4_7__Q2_TRAIL_1_3__Q3_LEAD_4_7__Q3_LEAD_4-7,2,1,0.5,-100.0,2,1.0,1.0,0.6554390490055084,SAMPLE_TOO_SMALL
Q1_LEAD_4_7__Q2_TRAIL_4_7__Q3_LEAD_4_7__Q3_LEAD_4-7,2,1,0.5,-100.0,2,1.0,6.0,0.7760384976863861,SAMPLE_TOO_SMALL
Q1_LEAD_8_13__Q2_LEAD_1_3__Q3_LEAD_4_7__Q3_LEAD_4-7,2,1,0.5,-100.0,2,1.0,1.0,0.7952030301094055,SAMPLE_TOO_SMALL
Q1_TIE__Q2_LEAD_14_PLUS__Q3_LEAD_1_3__Q3_LEAD_1-3,2,1,0.5,-100.0,1,0.5,0.0,0.627406895160675,SAMPLE_TOO_SMALL
Q1_TRAIL_1_3__Q2_TRAIL_4_7__Q3_LEAD_1_3__Q3_LEAD_1-3,2,1,0.5,-100.0,2,1.0,0.0,0.46830353140830994,SAMPLE_TOO_SMALL
Q1_TRAIL_4_7__Q2_LEAD_8_13__Q3_LEAD_4_7__Q3_LEAD_4-7,2,1,0.5,-100.0,1,0.5,-4.5,0.6851979196071625,SAMPLE_TOO_SMALL
Q1_TRAIL_4_7__Q2_TRAIL_8_13__Q3_LEAD_1_3__Q3_LEAD_1-3,2,1,0.5,-100.0,1,0.5,-4.0,0.5662566125392914,SAMPLE_TOO_SMALL
Q1_TRAIL_4_7__Q2_TRAIL_8_13__Q3_LEAD_4_7__Q3_LEAD_4-7,2,1,0.5,-100.0,2,1.0,2.0,0.6891040503978729,SAMPLE_TOO_SMALL
Q1_TRAIL_8_13__Q2_TIE__Q3_LEAD_4_7__Q3_LEAD_4-7,2,1,0.5,-100.0,2,1.0,5.0,0.8236767053604126,SAMPLE_TOO_SMALL
Q1_TRAIL_8_13__Q2_TRAIL_1_3__Q3_LEAD_1_3__Q3_LEAD_1-3,2,1,0.5,-100.0,1,0.5,2.0,0.5197960138320923,SAMPLE_TOO_SMALL
Q1_TRAIL_4_7__Q2_TRAIL_4_7__Q3_LEAD_8_13__Q3_LEAD_8+,2,0,0.0,,2,1.0,-1.5,0.8894826769828796,SAMPLE_TOO_SMALL
Q1_LEAD_14_PLUS__Q2_LEAD_1_3__Q3_LEAD_8_13__Q3_LEAD_8+,1,1,1.0,,1,1.0,6.0,0.9021660685539246,SAMPLE_TOO_SMALL
Q1_LEAD_14_PLUS__Q2_LEAD_8_13__Q3_LEAD_4_7__Q3_LEAD_4-7,1,1,1.0,,1,1.0,4.0,0.7874918580055237,SAMPLE_TOO_SMALL
Q1_LEAD_14_PLUS__Q2_TIE__Q3_LEAD_1_3__Q3_LEAD_1-3,1,1,1.0,,1,1.0,12.0,0.6766684055328369,SAMPLE_TOO_SMALL
Q1_LEAD_14_PLUS__Q2_TIE__Q3_LEAD_4_7__Q3_LEAD_4-7,1,1,1.0,,1,1.0,5.0,0.8474739193916321,SAMPLE_TOO_SMALL
Q1_LEAD_1_3__Q2_LEAD_14_PLUS__Q3_LEAD_1_3__Q3_LEAD_1-3,1,1,1.0,,1,1.0,2.0,0.7267355918884277,SAMPLE_TOO_SMALL
Q1_LEAD_1_3__Q2_LEAD_14_PLUS__Q3_LEAD_4_7__Q3_LEAD_4-7,1,1,1.0,,1,1.0,10.0,0.8582152724266052,SAMPLE_TOO_SMALL
Q1_LEAD_1_3__Q2_LEAD_4_7__Q3_LEAD_14_PLUS__Q3_LEAD_8+,1,1,1.0,,1,1.0,23.0,0.9570392370223999,SAMPLE_TOO_SMALL
Q1_LEAD_1_3__Q2_TRAIL_4_7__Q3_LEAD_8_13__Q3_LEAD_8+,1,1,1.0,,1,1.0,14.0,0.8293628096580505,SAMPLE_TOO_SMALL
Q1_LEAD_8_13__Q2_LEAD_1_3__Q3_LEAD_14_PLUS__Q3_LEAD_8+,1,1,1.0,,1,1.0,13.0,0.9802913665771484,SAMPLE_TOO_SMALL
Q1_LEAD_8_13__Q2_TIE__Q3_LEAD_4_7__Q3_LEAD_4-7,1,1,1.0,,1,1.0,11.0,0.808327853679657,SAMPLE_TOO_SMALL
Q1_TIE__Q2_TRAIL_1_3__Q3_LEAD_8_13__Q3_LEAD_8+,1,1,1.0,,1,1.0,2.0,0.8279472589492798,SAMPLE_TOO_SMALL
Q1_TIE__Q2_TRAIL_8_13__Q3_LEAD_1_3__Q3_LEAD_1-3,1,1,1.0,,1,1.0,5.0,0.5658207535743713,SAMPLE_TOO_SMALL
Q1_TIE__Q2_TRAIL_8_13__Q3_LEAD_4_7__Q3_LEAD_4-7,1,1,1.0,,1,1.0,4.0,0.6742157340049744,SAMPLE_TOO_SMALL
Q1_TRAIL_14_PLUS__Q2_LEAD_1_3__Q3_LEAD_8_13__Q3_LEAD_8+,1,1,1.0,,1,1.0,17.0,0.9535378217697144,SAMPLE_TOO_SMALL
Q1_TRAIL_1_3__Q2_TIE__Q3_LEAD_14_PLUS__Q3_LEAD_8+,1,1,1.0,,1,1.0,7.0,0.9066512584686279,SAMPLE_TOO_SMALL
Q1_TRAIL_1_3__Q2_TRAIL_4_7__Q3_LEAD_8_13__Q3_LEAD_8+,1,1,1.0,,1,1.0,5.0,0.8514713644981384,SAMPLE_TOO_SMALL
Q1_TRAIL_4_7__Q2_LEAD_14_PLUS__Q3_LEAD_8_13__Q3_LEAD_8+,1,1,1.0,,1,1.0,2.0,0.8572501540184021,SAMPLE_TOO_SMALL
Q1_TRAIL_4_7__Q2_TIE__Q3_LEAD_14_PLUS__Q3_LEAD_8+,1,1,1.0,,1,1.0,7.0,0.9824408888816833,SAMPLE_TOO_SMALL
Q1_TRAIL_4_7__Q2_TRAIL_4_7__Q3_LEAD_14_PLUS__Q3_LEAD_8+,1,1,1.0,,1,1.0,3.0,0.970276951789856,SAMPLE_TOO_SMALL
Q1_TRAIL_8_13__Q2_LEAD_14_PLUS__Q3_LEAD_14_PLUS__Q3_LEAD_8+,1,1,1.0,,1,1.0,28.0,0.9996097683906555,SAMPLE_TOO_SMALL
Q1_TRAIL_8_13__Q2_LEAD_1_3__Q3_LEAD_8_13__Q3_LEAD_8+,1,1,1.0,,1,1.0,20.0,0.9218201637268066,SAMPLE_TOO_SMALL
Q1_TRAIL_8_13__Q2_LEAD_4_7__Q3_LEAD_4_7__Q3_LEAD_4-7,1,1,1.0,,1,1.0,3.0,0.8238368034362793,SAMPLE_TOO_SMALL
Q1_TRAIL_8_13__Q2_LEAD_8_13__Q3_LEAD_8_13__Q3_LEAD_8+,1,1,1.0,,1,1.0,2.0,0.8427888751029968,SAMPLE_TOO_SMALL
Q1_LEAD_14_PLUS__Q2_LEAD_14_PLUS__Q3_LEAD_1_3__Q3_LEAD_1-3,1,0,0.0,,0,0.0,-4.0,0.6213634014129639,SAMPLE_TOO_SMALL
Q1_LEAD_1_3__Q2_TRAIL_8_13__Q3_LEAD_1_3__Q3_LEAD_1-3,1,0,0.0,,1,1.0,-6.0,0.4697226881980896,SAMPLE_TOO_SMALL
Q1_LEAD_4_7__Q2_LEAD_14_PLUS__Q3_LEAD_1_3__Q3_LEAD_1-3,1,0,0.0,,1,1.0,-4.0,0.6758416295051575,SAMPLE_TOO_SMALL
Q1_LEAD_4_7__Q2_TIE__Q3_LEAD_8_13__Q3_LEAD_8+,1,0,0.0,,1,1.0,-4.0,0.8602086901664734,SAMPLE_TOO_SMALL
Q1_LEAD_4_7__Q2_TRAIL_8_13__Q3_LEAD_1_3__Q3_LEAD_1-3,1,0,0.0,,0,0.0,-14.0,0.530272364616394,SAMPLE_TOO_SMALL
Q1_LEAD_8_13__Q2_LEAD_14_PLUS__Q3_LEAD_1_3__Q3_LEAD_1-3,1,0,0.0,,1,1.0,-1.0,0.6531566381454468,SAMPLE_TOO_SMALL
Q1_LEAD_8_13__Q2_TIE__Q3_LEAD_1_3__Q3_LEAD_1-3,1,0,0.0,,1,1.0,-4.0,0.6177063584327698,SAMPLE_TOO_SMALL
Q1_LEAD_8_13__Q2_TRAIL_4_7__Q3_LEAD_1_3__Q3_LEAD_1-3,1,0,0.0,,0,0.0,-3.0,0.7413084506988525,SAMPLE_TOO_SMALL
Q1_TIE__Q2_TRAIL_14_PLUS__Q3_LEAD_1_3__Q3_LEAD_1-3,1,0,0.0,,1,1.0,-3.0,0.5570111870765686,SAMPLE_TOO_SMALL
Q1_TRAIL_14_PLUS__Q2_TIE__Q3_LEAD_1_3__Q3_LEAD_1-3,1,0,0.0,,0,0.0,-11.0,0.5580189228057861,SAMPLE_TOO_SMALL
Q1_TRAIL_14_PLUS__Q2_TRAIL_8_13__Q3_LEAD_1_3__Q3_LEAD_1-3,1,0,0.0,,0,0.0,-6.0,0.4701414704322815,SAMPLE_TOO_SMALL
Q1_TRAIL_1_3__Q2_TRAIL_1_3__Q3_LEAD_8_13__Q3_LEAD_8+,1,0,0.0,,1,1.0,-6.0,0.8368514180183411,SAMPLE_TOO_SMALL
Q1_TRAIL_1_3__Q2_TRAIL_8_13__Q3_LEAD_1_3__Q3_LEAD_1-3,1,0,0.0,,1,1.0,-2.0,0.3880554437637329,SAMPLE_TOO_SMALL
Q1_TRAIL_4_7__Q2_TRAIL_14_PLUS__Q3_LEAD_4_7__Q3_LEAD_4-7,1,0,0.0,,1,1.0,-2.0,0.7820000648498535,SAMPLE_TOO_SMALL
Q1_TRAIL_8_13__Q2_LEAD_1_3__Q3_LEAD_4_7__Q3_LEAD_4-7,1,0,0.0,,0,0.0,-14.0,0.8037495017051697,SAMPLE_TOO_SMALL
Q1_TRAIL_8_13__Q2_TRAIL_4_7__Q3_LEAD_1_3__Q3_LEAD_1-3,1,0,0.0,,1,1.0,-2.0,0.5807107090950012,SAMPLE_TOO_SMALL
