game_id,season,week,gameday,team,opponent,side,q1_score_team,q1_score_opponent,q2_points_team,q2_points_opponent,halftime_team,halftime_opponent,q1_result,q2_result,cumulative_state_path,margin,margin_bucket,source_spread_line_away_perspective,team_spread,role,final_state,schedule_final_team,schedule_final_opponent,overtime
2015_07_BUF_JAX,2015,7,2015-10-25,BUF,JAX,away,3,0,10,27,13,27,WIN,LOSS,LEAD-TRAIL,-14,TRAILING_8_TO_14,-3.5,-3.5,FAVORITE,LOSS,31,34,False
2015_08_SF_STL,2015,8,2015-11-01,SF,STL,away,3,2,3,18,6,20,WIN,LOSS,LEAD-TRAIL,-14,TRAILING_8_TO_14,8.0,8.0,UNDERDOG,LOSS,6,27,False
2015_10_BUF_NYJ,2015,10,2015-11-12,NYJ,BUF,home,3,0,0,12,3,12,WIN,LOSS,LEAD-TRAIL,-9,TRAILING_8_TO_14,2.5,-2.5,FAVORITE,LOSS,17,22,False
2015_12_SD_JAX,2015,12,2015-11-29,JAX,SD,home,6,0,3,21,9,21,WIN,LOSS,LEAD-TRAIL,-12,TRAILING_8_TO_14,5.0,-5.0,FAVORITE,LOSS,25,31,False
2015_13_NYJ_NYG,2015,13,2015-12-06,NYJ,NYG,away,3,0,7,20,10,20,WIN,LOSS,LEAD-TRAIL,-10,TRAILING_8_TO_14,-2.0,-2.0,FAVORITE,WIN,23,20,True
2016_01_PIT_WAS,2016,1,2016-09-12,WAS,PIT,home,6,0,0,14,6,14,WIN,LOSS,LEAD-TRAIL,-8,TRAILING_8_TO_14,-2.5,2.5,UNDERDOG,LOSS,16,38,False
2016_02_NYJ_BUF,2016,2,2016-09-15,BUF,NYJ,home,7,6,3,14,10,20,WIN,LOSS,LEAD-TRAIL,-10,TRAILING_8_TO_14,1.5,-1.5,FAVORITE,LOSS,31,37,False
2016_06_PIT_MIA,2016,6,2016-10-16,PIT,MIA,away,8,3,0,13,8,16,WIN,LOSS,LEAD-TRAIL,-8,TRAILING_8_TO_14,-7.5,-7.5,FAVORITE,LOSS,15,30,False
2016_07_HOU_DEN,2016,7,2016-10-24,HOU,DEN,away,6,0,0,14,6,14,WIN,LOSS,LEAD-TRAIL,-8,TRAILING_8_TO_14,8.5,8.5,UNDERDOG,LOSS,9,27,False
2016_07_SD_ATL,2016,7,2016-10-23,SD,ATL,away,7,6,10,21,17,27,WIN,LOSS,LEAD-TRAIL,-10,TRAILING_8_TO_14,4.5,4.5,UNDERDOG,WIN,33,30,True
2016_09_BUF_SEA,2016,9,2016-11-07,BUF,SEA,away,14,7,3,21,17,28,WIN,LOSS,LEAD-TRAIL,-11,TRAILING_8_TO_14,5.5,5.5,UNDERDOG,LOSS,25,31,False
2016_14_OAK_KC,2016,14,2016-12-08,OAK,KC,away,3,0,7,21,10,21,WIN,LOSS,LEAD-TRAIL,-11,TRAILING_8_TO_14,3.5,3.5,UNDERDOG,LOSS,13,21,False
2016_15_TB_DAL,2016,15,2016-12-18,TB,DAL,away,3,0,3,17,6,17,WIN,LOSS,LEAD-TRAIL,-11,TRAILING_8_TO_14,7.0,7.0,UNDERDOG,LOSS,20,26,False
2017_08_LAC_NE,2017,8,2017-10-29,LAC,NE,away,7,0,0,15,7,15,WIN,LOSS,LEAD-TRAIL,-8,TRAILING_8_TO_14,6.5,6.5,UNDERDOG,LOSS,13,21,False
2017_10_MIN_WAS,2017,10,2017-11-12,WAS,MIN,home,10,7,7,21,17,28,WIN,LOSS,LEAD-TRAIL,-11,TRAILING_8_TO_14,-1.0,1.0,UNDERDOG,LOSS,30,38,False
2017_11_TB_MIA,2017,11,2017-11-19,MIA,TB,home,7,3,0,17,7,20,WIN,LOSS,LEAD-TRAIL,-13,TRAILING_8_TO_14,-1.0,1.0,UNDERDOG,LOSS,20,30,False
2018_05_DEN_NYJ,2018,5,2018-10-07,DEN,NYJ,away,7,0,3,21,10,21,WIN,LOSS,LEAD-TRAIL,-11,TRAILING_8_TO_14,-1.0,-1.0,FAVORITE,LOSS,16,34,False
2018_08_CLE_PIT,2018,8,2018-10-28,CLE,PIT,away,6,0,0,14,6,14,WIN,LOSS,LEAD-TRAIL,-8,TRAILING_8_TO_14,8.5,8.5,UNDERDOG,LOSS,18,33,False
2018_08_SEA_DET,2018,8,2018-10-28,DET,SEA,home,7,0,0,21,7,21,WIN,LOSS,LEAD-TRAIL,-14,TRAILING_8_TO_14,3.0,-3.0,FAVORITE,LOSS,14,28,False
2018_09_LAC_SEA,2018,9,2018-11-04,SEA,LAC,home,7,6,3,13,10,19,WIN,LOSS,LEAD-TRAIL,-9,TRAILING_8_TO_14,1.0,-1.0,FAVORITE,LOSS,17,25,False
2018_12_TEN_HOU,2018,12,2018-11-26,TEN,HOU,away,10,7,0,17,10,24,WIN,LOSS,LEAD-TRAIL,-14,TRAILING_8_TO_14,3.5,3.5,UNDERDOG,LOSS,17,34,False
2018_14_IND_HOU,2018,14,2018-12-09,HOU,IND,home,7,0,0,17,7,17,WIN,LOSS,LEAD-TRAIL,-10,TRAILING_8_TO_14,4.0,-4.0,FAVORITE,LOSS,21,24,False
2019_03_DET_PHI,2019,3,2019-09-22,PHI,DET,home,10,7,0,13,10,20,WIN,LOSS,LEAD-TRAIL,-10,TRAILING_8_TO_14,4.0,-4.0,FAVORITE,LOSS,24,27,False
2019_06_ATL_ARI,2019,6,2019-10-13,ATL,ARI,away,7,3,3,17,10,20,WIN,LOSS,LEAD-TRAIL,-10,TRAILING_8_TO_14,-3.0,-3.0,FAVORITE,LOSS,33,34,False
2019_09_NYJ_MIA,2019,9,2019-11-03,NYJ,MIA,away,7,0,5,21,12,21,WIN,LOSS,LEAD-TRAIL,-9,TRAILING_8_TO_14,-3.5,-3.5,FAVORITE,LOSS,18,26,False
2019_11_DAL_DET,2019,11,2019-11-17,DET,DAL,home,7,3,7,21,14,24,WIN,LOSS,LEAD-TRAIL,-10,TRAILING_8_TO_14,-7.5,7.5,UNDERDOG,LOSS,27,35,False
2019_12_TB_ATL,2019,12,2019-11-24,ATL,TB,home,10,7,0,12,10,19,WIN,LOSS,LEAD-TRAIL,-9,TRAILING_8_TO_14,3.5,-3.5,FAVORITE,LOSS,22,35,False
2019_14_DAL_CHI,2019,14,2019-12-05,DAL,CHI,away,7,0,0,17,7,17,WIN,LOSS,LEAD-TRAIL,-10,TRAILING_8_TO_14,-3.0,-3.0,FAVORITE,LOSS,24,31,False
2019_14_KC_NE,2019,14,2019-12-08,NE,KC,home,7,3,0,17,7,20,WIN,LOSS,LEAD-TRAIL,-13,TRAILING_8_TO_14,3.0,-3.0,FAVORITE,LOSS,16,23,False
2020_01_GB_MIN,2020,1,2020-09-13,MIN,GB,home,7,3,3,19,10,22,WIN,LOSS,LEAD-TRAIL,-12,TRAILING_8_TO_14,1.0,-1.0,FAVORITE,LOSS,34,43,False
2020_01_HOU_KC,2020,1,2020-09-10,HOU,KC,away,7,0,0,17,7,17,WIN,LOSS,LEAD-TRAIL,-10,TRAILING_8_TO_14,9.5,9.5,UNDERDOG,LOSS,20,34,False
2020_01_TB_NO,2020,1,2020-09-13,TB,NO,away,7,0,0,17,7,17,WIN,LOSS,LEAD-TRAIL,-10,TRAILING_8_TO_14,4.0,4.0,UNDERDOG,LOSS,23,34,False
2020_02_MIN_IND,2020,2,2020-09-20,MIN,IND,away,3,0,0,15,3,15,WIN,LOSS,LEAD-TRAIL,-12,TRAILING_8_TO_14,3.5,3.5,UNDERDOG,LOSS,11,28,False
2020_03_WAS_CLE,2020,3,2020-09-27,WAS,CLE,away,7,0,0,17,7,17,WIN,LOSS,LEAD-TRAIL,-10,TRAILING_8_TO_14,7.5,7.5,UNDERDOG,LOSS,20,34,False
2020_04_NO_DET,2020,4,2020-10-04,DET,NO,home,14,7,0,21,14,28,WIN,LOSS,LEAD-TRAIL,-14,TRAILING_8_TO_14,-3.0,3.0,UNDERDOG,LOSS,29,35,False
2020_05_CAR_ATL,2020,5,2020-10-11,ATL,CAR,home,7,3,0,17,7,20,WIN,LOSS,LEAD-TRAIL,-13,TRAILING_8_TO_14,2.5,-2.5,FAVORITE,LOSS,16,23,False
2020_05_IND_CLE,2020,5,2020-10-11,IND,CLE,away,7,3,3,17,10,20,WIN,LOSS,LEAD-TRAIL,-10,TRAILING_8_TO_14,1.0,1.0,UNDERDOG,LOSS,23,32,False
2020_05_LA_WAS,2020,5,2020-10-11,WAS,LA,home,7,6,3,14,10,20,WIN,LOSS,LEAD-TRAIL,-10,TRAILING_8_TO_14,-7.0,7.0,UNDERDOG,LOSS,10,30,False
2020_08_IND_DET,2020,8,2020-11-01,DET,IND,home,7,0,0,20,7,20,WIN,LOSS,LEAD-TRAIL,-13,TRAILING_8_TO_14,-3.5,3.5,UNDERDOG,LOSS,21,41,False
2020_08_LAC_DEN,2020,8,2020-11-01,DEN,LAC,home,3,0,0,14,3,14,WIN,LOSS,LEAD-TRAIL,-11,TRAILING_8_TO_14,-3.0,3.0,UNDERDOG,WIN,31,30,False
2020_09_NE_NYJ,2020,9,2020-11-09,NE,NYJ,away,7,3,3,17,10,20,WIN,LOSS,LEAD-TRAIL,-10,TRAILING_8_TO_14,-9.5,-9.5,FAVORITE,WIN,30,27,False
2020_11_DAL_MIN,2020,11,2020-11-22,MIN,DAL,home,7,6,0,10,7,16,WIN,LOSS,LEAD-TRAIL,-9,TRAILING_8_TO_14,7.0,-7.0,FAVORITE,LOSS,28,31,False
2020_11_PIT_JAX,2020,11,2020-11-22,JAX,PIT,home,3,0,0,17,3,17,WIN,LOSS,LEAD-TRAIL,-14,TRAILING_8_TO_14,-11.0,11.0,UNDERDOG,LOSS,3,27,False
2020_13_BUF_SF,2020,13,2020-12-07,SF,BUF,home,7,0,0,17,7,17,WIN,LOSS,LEAD-TRAIL,-10,TRAILING_8_TO_14,1.5,-1.5,FAVORITE,LOSS,24,34,False
2020_13_PHI_GB,2020,13,2020-12-06,PHI,GB,away,3,0,0,14,3,14,WIN,LOSS,LEAD-TRAIL,-11,TRAILING_8_TO_14,8.0,8.0,UNDERDOG,LOSS,16,30,False
2020_15_CLE_NYG,2020,15,2020-12-20,NYG,CLE,home,3,0,0,13,3,13,WIN,LOSS,LEAD-TRAIL,-10,TRAILING_8_TO_14,-6.0,6.0,UNDERDOG,LOSS,6,20,False
2020_17_GB_CHI,2020,17,2021-01-03,CHI,GB,home,7,0,6,21,13,21,WIN,LOSS,LEAD-TRAIL,-8,TRAILING_8_TO_14,-4.5,4.5,UNDERDOG,LOSS,16,35,False
2021_04_ARI_LA,2021,4,2021-10-03,LA,ARI,home,10,7,3,17,13,24,WIN,LOSS,LEAD-TRAIL,-11,TRAILING_8_TO_14,3.5,-3.5,FAVORITE,LOSS,20,37,False
2021_04_KC_PHI,2021,4,2021-10-03,PHI,KC,home,10,7,3,14,13,21,WIN,LOSS,LEAD-TRAIL,-8,TRAILING_8_TO_14,-7.5,7.5,UNDERDOG,LOSS,30,42,False
2021_05_CHI_LV,2021,5,2021-10-10,LV,CHI,home,3,0,0,14,3,14,WIN,LOSS,LEAD-TRAIL,-11,TRAILING_8_TO_14,5.5,-5.5,FAVORITE,LOSS,9,20,False
2021_05_MIA_TB,2021,5,2021-10-10,MIA,TB,away,10,7,0,17,10,24,WIN,LOSS,LEAD-TRAIL,-14,TRAILING_8_TO_14,11.0,11.0,UNDERDOG,LOSS,17,45,False
2021_07_HOU_ARI,2021,7,2021-10-24,HOU,ARI,away,2,0,3,17,5,17,WIN,LOSS,LEAD-TRAIL,-12,TRAILING_8_TO_14,20.5,20.5,UNDERDOG,LOSS,5,31,False
2021_07_PHI_LV,2021,7,2021-10-24,PHI,LV,away,7,0,0,17,7,17,WIN,LOSS,LEAD-TRAIL,-10,TRAILING_8_TO_14,1.0,1.0,UNDERDOG,LOSS,22,33,False
2021_13_MIN_DET,2021,13,2021-12-05,MIN,DET,away,6,0,0,20,6,20,WIN,LOSS,LEAD-TRAIL,-14,TRAILING_8_TO_14,-7.0,-7.0,FAVORITE,LOSS,27,29,False
2022_01_NO_ATL,2022,1,2022-09-11,NO,ATL,away,7,3,0,13,7,16,WIN,LOSS,LEAD-TRAIL,-9,TRAILING_8_TO_14,-6.0,-6.0,FAVORITE,WIN,27,26,False
2022_01_PHI_DET,2022,1,2022-09-11,DET,PHI,home,7,0,7,24,14,24,WIN,LOSS,LEAD-TRAIL,-10,TRAILING_8_TO_14,-6.0,6.0,UNDERDOG,LOSS,35,38,False
2022_07_NO_ARI,2022,7,2022-10-20,NO,ARI,away,7,3,7,25,14,28,WIN,LOSS,LEAD-TRAIL,-14,TRAILING_8_TO_14,2.5,2.5,UNDERDOG,LOSS,34,42,False
2022_11_DET_NYG,2022,11,2022-11-20,NYG,DET,home,6,3,0,14,6,17,WIN,LOSS,LEAD-TRAIL,-11,TRAILING_8_TO_14,3.0,-3.0,FAVORITE,LOSS,18,31,False
2022_13_BUF_NE,2022,13,2022-12-01,NE,BUF,home,7,3,0,14,7,17,WIN,LOSS,LEAD-TRAIL,-10,TRAILING_8_TO_14,-3.5,3.5,UNDERDOG,LOSS,10,24,False
2022_13_IND_DAL,2022,13,2022-12-04,IND,DAL,away,10,7,3,14,13,21,WIN,LOSS,LEAD-TRAIL,-8,TRAILING_8_TO_14,11.0,11.0,UNDERDOG,LOSS,19,54,False
2022_15_NYG_WAS,2022,15,2022-12-18,WAS,NYG,home,3,0,0,14,3,14,WIN,LOSS,LEAD-TRAIL,-11,TRAILING_8_TO_14,4.5,-4.5,FAVORITE,LOSS,12,20,False
2022_17_CHI_DET,2022,17,2023-01-01,CHI,DET,away,10,7,0,17,10,24,WIN,LOSS,LEAD-TRAIL,-14,TRAILING_8_TO_14,4.5,4.5,UNDERDOG,LOSS,10,41,False
2023_04_DEN_CHI,2023,4,2023-10-01,DEN,CHI,away,7,0,0,21,7,21,WIN,LOSS,LEAD-TRAIL,-14,TRAILING_8_TO_14,-3.0,-3.0,FAVORITE,WIN,31,28,False
2023_04_TB_NO,2023,4,2023-10-01,NO,TB,home,3,0,0,14,3,14,WIN,LOSS,LEAD-TRAIL,-11,TRAILING_8_TO_14,4.0,-4.0,FAVORITE,LOSS,9,26,False
2023_11_ARI_HOU,2023,11,2023-11-19,ARI,HOU,away,10,7,0,14,10,21,WIN,LOSS,LEAD-TRAIL,-11,TRAILING_8_TO_14,5.5,5.5,UNDERDOG,LOSS,16,21,False
2023_12_BUF_PHI,2023,12,2023-11-26,PHI,BUF,home,7,0,0,17,7,17,WIN,LOSS,LEAD-TRAIL,-10,TRAILING_8_TO_14,2.5,-2.5,FAVORITE,WIN,37,34,True
2023_12_LA_ARI,2023,12,2023-11-26,ARI,LA,home,8,7,0,14,8,21,WIN,LOSS,LEAD-TRAIL,-13,TRAILING_8_TO_14,-3.0,3.0,UNDERDOG,LOSS,14,37,False
2023_13_SF_PHI,2023,13,2023-12-03,PHI,SF,home,6,0,0,14,6,14,WIN,LOSS,LEAD-TRAIL,-8,TRAILING_8_TO_14,-3.0,3.0,UNDERDOG,LOSS,19,42,False
2024_01_NYJ_SF,2024,1,2024-09-09,NYJ,SF,away,7,3,0,13,7,16,WIN,LOSS,LEAD-TRAIL,-9,TRAILING_8_TO_14,3.5,3.5,UNDERDOG,LOSS,19,32,False
2024_06_JAX_CHI,2024,6,2024-10-13,JAX,CHI,away,3,0,0,14,3,14,WIN,LOSS,LEAD-TRAIL,-11,TRAILING_8_TO_14,-1.5,-1.5,FAVORITE,LOSS,16,35,False
2024_07_DET_MIN,2024,7,2024-10-20,MIN,DET,home,10,0,0,21,10,21,WIN,LOSS,LEAD-TRAIL,-11,TRAILING_8_TO_14,1.0,-1.0,FAVORITE,LOSS,29,31,False
2024_07_KC_SF,2024,7,2024-10-20,SF,KC,home,3,0,3,14,6,14,WIN,LOSS,LEAD-TRAIL,-8,TRAILING_8_TO_14,2.5,-2.5,FAVORITE,LOSS,18,28,False
2024_07_NE_JAX,2024,7,2024-10-20,NE,JAX,away,7,0,3,22,10,22,WIN,LOSS,LEAD-TRAIL,-12,TRAILING_8_TO_14,6.5,6.5,UNDERDOG,LOSS,16,32,False
2024_08_CAR_DEN,2024,8,2024-10-27,CAR,DEN,away,7,0,0,21,7,21,WIN,LOSS,LEAD-TRAIL,-14,TRAILING_8_TO_14,13.0,13.0,UNDERDOG,LOSS,14,28,False
2024_09_DET_GB,2024,9,2024-11-03,GB,DET,home,3,0,0,17,3,17,WIN,LOSS,LEAD-TRAIL,-14,TRAILING_8_TO_14,-2.5,2.5,UNDERDOG,LOSS,14,24,False
2024_12_DET_IND,2024,12,2024-11-24,IND,DET,home,3,0,3,14,6,14,WIN,LOSS,LEAD-TRAIL,-8,TRAILING_8_TO_14,-7.0,7.0,UNDERDOG,LOSS,6,24,False
2024_15_CIN_TEN,2024,15,2024-12-15,TEN,CIN,home,14,7,0,17,14,24,WIN,LOSS,LEAD-TRAIL,-10,TRAILING_8_TO_14,-6.0,6.0,UNDERDOG,LOSS,27,37,False
2024_17_GB_MIN,2024,17,2024-12-29,GB,MIN,away,3,0,0,13,3,13,WIN,LOSS,LEAD-TRAIL,-10,TRAILING_8_TO_14,-1.0,-1.0,FAVORITE,LOSS,25,27,False
2024_18_MIA_NYJ,2024,18,2025-01-05,MIA,NYJ,away,6,0,0,15,6,15,WIN,LOSS,LEAD-TRAIL,-9,TRAILING_8_TO_14,1.5,1.5,UNDERDOG,LOSS,20,32,False
2025_04_BAL_KC,2025,4,2025-09-28,BAL,KC,away,7,3,3,17,10,20,WIN,LOSS,LEAD-TRAIL,-10,TRAILING_8_TO_14,-2.5,-2.5,FAVORITE,LOSS,20,37,False
2025_04_JAX_SF,2025,4,2025-09-28,SF,JAX,home,3,0,3,17,6,17,WIN,LOSS,LEAD-TRAIL,-11,TRAILING_8_TO_14,3.5,-3.5,FAVORITE,LOSS,21,26,False
2025_08_GB_PIT,2025,8,2025-10-26,GB,PIT,away,7,3,0,13,7,16,WIN,LOSS,LEAD-TRAIL,-9,TRAILING_8_TO_14,-3.0,-3.0,FAVORITE,WIN,35,25,False
2025_09_IND_PIT,2025,9,2025-11-02,IND,PIT,away,7,0,0,17,7,17,WIN,LOSS,LEAD-TRAIL,-10,TRAILING_8_TO_14,-3.5,-3.5,FAVORITE,LOSS,20,27,False
2025_10_PIT_LAC,2025,10,2025-11-09,PIT,LAC,away,3,2,0,10,3,12,WIN,LOSS,LEAD-TRAIL,-9,TRAILING_8_TO_14,3.0,3.0,UNDERDOG,LOSS,10,25,False
