completed_quarters,completed_path,next_quarter,next_result,count,sample_size,sample_quality,data_status,probability,probability_pct,next_quarter_win_count,next_quarter_loss_count,next_quarter_tie_count,next_quarter_win_probability,next_quarter_loss_probability,next_quarter_tie_probability,next_quarter_win_pct,next_quarter_loss_pct,next_quarter_tie_pct,next_quarter_fair_decimal_tie_is_loss,next_quarter_fair_american_tie_is_loss,next_quarter_fair_decimal_tie_is_push,next_quarter_fair_american_tie_is_push,after_q1_win_count,after_q1_loss_count,after_q1_tie_count,after_q1_win_probability,after_q1_loss_probability,after_q1_tie_probability,after_q1_win_pct,after_q1_loss_pct,after_q1_tie_pct,after_q1_fair_decimal_tie_is_loss,after_q1_fair_american_tie_is_loss,after_q1_fair_decimal_tie_is_push,after_q1_fair_american_tie_is_push,final_win_count,final_loss_count,final_tie_count,final_win_probability,final_loss_probability,final_tie_probability,final_win_pct,final_loss_pct,final_tie_pct,final_fair_decimal_tie_is_loss,final_fair_american_tie_is_loss,final_fair_decimal_tie_is_push,final_fair_american_tie_is_push,after_q2_win_count,after_q2_loss_count,after_q2_tie_count,after_q2_win_probability,after_q2_loss_probability,after_q2_tie_probability,after_q2_win_pct,after_q2_loss_pct,after_q2_tie_pct,after_q2_fair_decimal_tie_is_loss,after_q2_fair_american_tie_is_loss,after_q2_fair_decimal_tie_is_push,after_q2_fair_american_tie_is_push,after_q3_win_count,after_q3_loss_count,after_q3_tie_count,after_q3_win_probability,after_q3_loss_probability,after_q3_tie_probability,after_q3_win_pct,after_q3_loss_pct,after_q3_tie_pct,after_q3_fair_decimal_tie_is_loss,after_q3_fair_american_tie_is_loss,after_q3_fair_decimal_tie_is_push,after_q3_fair_american_tie_is_push,after_q4_win_count,after_q4_loss_count,after_q4_tie_count,after_q4_win_probability,after_q4_loss_probability,after_q4_tie_probability,after_q4_win_pct,after_q4_loss_pct,after_q4_tie_pct,after_q4_fair_decimal_tie_is_loss,after_q4_fair_american_tie_is_loss,after_q4_fair_decimal_tie_is_push,after_q4_fair_american_tie_is_push
0,START,Q1,WIN,20,47,LOW,AVAILABLE,0.4255,42.5532,20,19,8,0.4255,0.4043,0.1702,42.5532,40.4255,17.0213,2.35,135.0,1.95,-105.26,20.0,19.0,8.0,0.4255,0.4043,0.1702,42.5532,40.4255,17.0213,2.35,135.0,1.95,-105.26,25,22,0,0.5319,0.4681,0.0,53.1915,46.8085,0.0,1.88,-113.64,1.88,-113.64,,,,,,,,,,,,,,,,,,,,,,,,,,,,,,,,,,,,,,,
0,START,Q1,LOSS,19,47,LOW,AVAILABLE,0.4043,40.4255,20,19,8,0.4255,0.4043,0.1702,42.5532,40.4255,17.0213,2.35,135.0,1.95,-105.26,20.0,19.0,8.0,0.4255,0.4043,0.1702,42.5532,40.4255,17.0213,2.35,135.0,1.95,-105.26,25,22,0,0.5319,0.4681,0.0,53.1915,46.8085,0.0,1.88,-113.64,1.88,-113.64,,,,,,,,,,,,,,,,,,,,,,,,,,,,,,,,,,,,,,,
0,START,Q1,TIE,8,47,LOW,AVAILABLE,0.1702,17.0213,20,19,8,0.4255,0.4043,0.1702,42.5532,40.4255,17.0213,2.35,135.0,1.95,-105.26,20.0,19.0,8.0,0.4255,0.4043,0.1702,42.5532,40.4255,17.0213,2.35,135.0,1.95,-105.26,25,22,0,0.5319,0.4681,0.0,53.1915,46.8085,0.0,1.88,-113.64,1.88,-113.64,,,,,,,,,,,,,,,,,,,,,,,,,,,,,,,,,,,,,,,
1,WIN,Q2,WIN,11,20,LOW,AVAILABLE,0.55,55.0,11,7,2,0.55,0.35,0.1,55.0,35.0,10.0,1.8182,-122.22,1.6364,-157.14,,,,,,,,,,,,,,13,7,0,0.65,0.35,0.0,65.0,35.0,0.0,1.5385,-185.71,1.5385,-185.71,15.0,3.0,2.0,0.75,0.15,0.1,75.0,15.0,10.0,1.3333,-300.0,1.2,-500.0,,,,,,,,,,,,,,,,,,,,,,,,,,
1,WIN,Q2,LOSS,7,20,LOW,AVAILABLE,0.35,35.0,11,7,2,0.55,0.35,0.1,55.0,35.0,10.0,1.8182,-122.22,1.6364,-157.14,,,,,,,,,,,,,,13,7,0,0.65,0.35,0.0,65.0,35.0,0.0,1.5385,-185.71,1.5385,-185.71,15.0,3.0,2.0,0.75,0.15,0.1,75.0,15.0,10.0,1.3333,-300.0,1.2,-500.0,,,,,,,,,,,,,,,,,,,,,,,,,,
1,WIN,Q2,TIE,2,20,LOW,AVAILABLE,0.1,10.0,11,7,2,0.55,0.35,0.1,55.0,35.0,10.0,1.8182,-122.22,1.6364,-157.14,,,,,,,,,,,,,,13,7,0,0.65,0.35,0.0,65.0,35.0,0.0,1.5385,-185.71,1.5385,-185.71,15.0,3.0,2.0,0.75,0.15,0.1,75.0,15.0,10.0,1.3333,-300.0,1.2,-500.0,,,,,,,,,,,,,,,,,,,,,,,,,,
1,LOSS,Q2,WIN,10,19,VERY_LOW,AVAILABLE,0.5263,52.6316,10,8,1,0.5263,0.4211,0.0526,52.6316,42.1053,5.2632,1.9,-111.11,1.8,-125.0,,,,,,,,,,,,,,7,12,0,0.3684,0.6316,0.0,36.8421,63.1579,0.0,2.7143,171.43,2.7143,171.43,3.0,12.0,4.0,0.1579,0.6316,0.2105,15.7895,63.1579,21.0526,6.3333,533.33,5.0,400.0,,,,,,,,,,,,,,,,,,,,,,,,,,
1,LOSS,Q2,LOSS,8,19,VERY_LOW,AVAILABLE,0.4211,42.1053,10,8,1,0.5263,0.4211,0.0526,52.6316,42.1053,5.2632,1.9,-111.11,1.8,-125.0,,,,,,,,,,,,,,7,12,0,0.3684,0.6316,0.0,36.8421,63.1579,0.0,2.7143,171.43,2.7143,171.43,3.0,12.0,4.0,0.1579,0.6316,0.2105,15.7895,63.1579,21.0526,6.3333,533.33,5.0,400.0,,,,,,,,,,,,,,,,,,,,,,,,,,
1,LOSS,Q2,TIE,1,19,VERY_LOW,AVAILABLE,0.0526,5.2632,10,8,1,0.5263,0.4211,0.0526,52.6316,42.1053,5.2632,1.9,-111.11,1.8,-125.0,,,,,,,,,,,,,,7,12,0,0.3684,0.6316,0.0,36.8421,63.1579,0.0,2.7143,171.43,2.7143,171.43,3.0,12.0,4.0,0.1579,0.6316,0.2105,15.7895,63.1579,21.0526,6.3333,533.33,5.0,400.0,,,,,,,,,,,,,,,,,,,,,,,,,,
1,TIE,Q2,WIN,4,8,VERY_LOW,AVAILABLE,0.5,50.0,4,3,1,0.5,0.375,0.125,50.0,37.5,12.5,2.0,100.0,1.75,-133.33,,,,,,,,,,,,,,5,3,0,0.625,0.375,0.0,62.5,37.5,0.0,1.6,-166.67,1.6,-166.67,4.0,3.0,1.0,0.5,0.375,0.125,50.0,37.5,12.5,2.0,100.0,1.75,-133.33,,,,,,,,,,,,,,,,,,,,,,,,,,
1,TIE,Q2,LOSS,3,8,VERY_LOW,AVAILABLE,0.375,37.5,4,3,1,0.5,0.375,0.125,50.0,37.5,12.5,2.0,100.0,1.75,-133.33,,,,,,,,,,,,,,5,3,0,0.625,0.375,0.0,62.5,37.5,0.0,1.6,-166.67,1.6,-166.67,4.0,3.0,1.0,0.5,0.375,0.125,50.0,37.5,12.5,2.0,100.0,1.75,-133.33,,,,,,,,,,,,,,,,,,,,,,,,,,
1,TIE,Q2,TIE,1,8,VERY_LOW,AVAILABLE,0.125,12.5,4,3,1,0.5,0.375,0.125,50.0,37.5,12.5,2.0,100.0,1.75,-133.33,,,,,,,,,,,,,,5,3,0,0.625,0.375,0.0,62.5,37.5,0.0,1.6,-166.67,1.6,-166.67,4.0,3.0,1.0,0.5,0.375,0.125,50.0,37.5,12.5,2.0,100.0,1.75,-133.33,,,,,,,,,,,,,,,,,,,,,,,,,,
2,WIN-WIN,Q3,WIN,4,11,VERY_LOW,AVAILABLE,0.3636,36.3636,4,3,4,0.3636,0.2727,0.3636,36.3636,27.2727,36.3636,2.75,175.0,1.75,-133.33,,,,,,,,,,,,,,8,3,0,0.7273,0.2727,0.0,72.7273,27.2727,0.0,1.375,-266.67,1.375,-266.67,,,,,,,,,,,,,,11.0,0.0,0.0,1.0,0.0,0.0,100.0,0.0,0.0,1.0,,1.0,,,,,,,,,,,,,,
2,WIN-WIN,Q3,LOSS,3,11,VERY_LOW,AVAILABLE,0.2727,27.2727,4,3,4,0.3636,0.2727,0.3636,36.3636,27.2727,36.3636,2.75,175.0,1.75,-133.33,,,,,,,,,,,,,,8,3,0,0.7273,0.2727,0.0,72.7273,27.2727,0.0,1.375,-266.67,1.375,-266.67,,,,,,,,,,,,,,11.0,0.0,0.0,1.0,0.0,0.0,100.0,0.0,0.0,1.0,,1.0,,,,,,,,,,,,,,
2,WIN-WIN,Q3,TIE,4,11,VERY_LOW,AVAILABLE,0.3636,36.3636,4,3,4,0.3636,0.2727,0.3636,36.3636,27.2727,36.3636,2.75,175.0,1.75,-133.33,,,,,,,,,,,,,,8,3,0,0.7273,0.2727,0.0,72.7273,27.2727,0.0,1.375,-266.67,1.375,-266.67,,,,,,,,,,,,,,11.0,0.0,0.0,1.0,0.0,0.0,100.0,0.0,0.0,1.0,,1.0,,,,,,,,,,,,,,
2,WIN-LOSS,Q3,WIN,2,7,VERY_LOW,AVAILABLE,0.2857,28.5714,2,5,0,0.2857,0.7143,0.0,28.5714,71.4286,0.0,3.5,250.0,3.5,250.0,,,,,,,,,,,,,,3,4,0,0.4286,0.5714,0.0,42.8571,57.1429,0.0,2.3333,133.33,2.3333,133.33,,,,,,,,,,,,,,4.0,3.0,0.0,0.5714,0.4286,0.0,57.1429,42.8571,0.0,1.75,-133.33,1.75,-133.33,,,,,,,,,,,,,
2,WIN-LOSS,Q3,LOSS,5,7,VERY_LOW,AVAILABLE,0.7143,71.4286,2,5,0,0.2857,0.7143,0.0,28.5714,71.4286,0.0,3.5,250.0,3.5,250.0,,,,,,,,,,,,,,3,4,0,0.4286,0.5714,0.0,42.8571,57.1429,0.0,2.3333,133.33,2.3333,133.33,,,,,,,,,,,,,,4.0,3.0,0.0,0.5714,0.4286,0.0,57.1429,42.8571,0.0,1.75,-133.33,1.75,-133.33,,,,,,,,,,,,,
2,WIN-LOSS,Q3,TIE,0,7,VERY_LOW,AVAILABLE,0.0,0.0,2,5,0,0.2857,0.7143,0.0,28.5714,71.4286,0.0,3.5,250.0,3.5,250.0,,,,,,,,,,,,,,3,4,0,0.4286,0.5714,0.0,42.8571,57.1429,0.0,2.3333,133.33,2.3333,133.33,,,,,,,,,,,,,,4.0,3.0,0.0,0.5714,0.4286,0.0,57.1429,42.8571,0.0,1.75,-133.33,1.75,-133.33,,,,,,,,,,,,,
2,WIN-TIE,Q3,WIN,0,2,VERY_LOW,AVAILABLE,0.0,0.0,0,0,2,0.0,0.0,1.0,0.0,0.0,100.0,,,,,,,,,,,,,,,,,,2,0,0,1.0,0.0,0.0,100.0,0.0,0.0,1.0,,1.0,,,,,,,,,,,,,,,2.0,0.0,0.0,1.0,0.0,0.0,100.0,0.0,0.0,1.0,,1.0,,,,,,,,,,,,,,
2,WIN-TIE,Q3,LOSS,0,2,VERY_LOW,AVAILABLE,0.0,0.0,0,0,2,0.0,0.0,1.0,0.0,0.0,100.0,,,,,,,,,,,,,,,,,,2,0,0,1.0,0.0,0.0,100.0,0.0,0.0,1.0,,1.0,,,,,,,,,,,,,,,2.0,0.0,0.0,1.0,0.0,0.0,100.0,0.0,0.0,1.0,,1.0,,,,,,,,,,,,,,
2,WIN-TIE,Q3,TIE,2,2,VERY_LOW,AVAILABLE,1.0,100.0,0,0,2,0.0,0.0,1.0,0.0,0.0,100.0,,,,,,,,,,,,,,,,,,2,0,0,1.0,0.0,0.0,100.0,0.0,0.0,1.0,,1.0,,,,,,,,,,,,,,,2.0,0.0,0.0,1.0,0.0,0.0,100.0,0.0,0.0,1.0,,1.0,,,,,,,,,,,,,,
2,LOSS-WIN,Q3,WIN,6,10,VERY_LOW,AVAILABLE,0.6,60.0,6,2,2,0.6,0.2,0.2,60.0,20.0,20.0,1.6667,-150.0,1.3333,-300.0,,,,,,,,,,,,,,6,4,0,0.6,0.4,0.0,60.0,40.0,0.0,1.6667,-150.0,1.6667,-150.0,,,,,,,,,,,,,,6.0,3.0,1.0,0.6,0.3,0.1,60.0,30.0,10.0,1.6667,-150.0,1.5,-200.0,,,,,,,,,,,,,
2,LOSS-WIN,Q3,LOSS,2,10,VERY_LOW,AVAILABLE,0.2,20.0,6,2,2,0.6,0.2,0.2,60.0,20.0,20.0,1.6667,-150.0,1.3333,-300.0,,,,,,,,,,,,,,6,4,0,0.6,0.4,0.0,60.0,40.0,0.0,1.6667,-150.0,1.6667,-150.0,,,,,,,,,,,,,,6.0,3.0,1.0,0.6,0.3,0.1,60.0,30.0,10.0,1.6667,-150.0,1.5,-200.0,,,,,,,,,,,,,
2,LOSS-WIN,Q3,TIE,2,10,VERY_LOW,AVAILABLE,0.2,20.0,6,2,2,0.6,0.2,0.2,60.0,20.0,20.0,1.6667,-150.0,1.3333,-300.0,,,,,,,,,,,,,,6,4,0,0.6,0.4,0.0,60.0,40.0,0.0,1.6667,-150.0,1.6667,-150.0,,,,,,,,,,,,,,6.0,3.0,1.0,0.6,0.3,0.1,60.0,30.0,10.0,1.6667,-150.0,1.5,-200.0,,,,,,,,,,,,,
2,LOSS-LOSS,Q3,WIN,4,8,VERY_LOW,AVAILABLE,0.5,50.0,4,3,1,0.5,0.375,0.125,50.0,37.5,12.5,2.0,100.0,1.75,-133.33,,,,,,,,,,,,,,1,7,0,0.125,0.875,0.0,12.5,87.5,0.0,8.0,700.0,8.0,700.0,,,,,,,,,,,,,,0.0,8.0,0.0,0.0,1.0,0.0,0.0,100.0,0.0,,,,,,,,,,,,,,,,,
2,LOSS-LOSS,Q3,LOSS,3,8,VERY_LOW,AVAILABLE,0.375,37.5,4,3,1,0.5,0.375,0.125,50.0,37.5,12.5,2.0,100.0,1.75,-133.33,,,,,,,,,,,,,,1,7,0,0.125,0.875,0.0,12.5,87.5,0.0,8.0,700.0,8.0,700.0,,,,,,,,,,,,,,0.0,8.0,0.0,0.0,1.0,0.0,0.0,100.0,0.0,,,,,,,,,,,,,,,,,
2,LOSS-LOSS,Q3,TIE,1,8,VERY_LOW,AVAILABLE,0.125,12.5,4,3,1,0.5,0.375,0.125,50.0,37.5,12.5,2.0,100.0,1.75,-133.33,,,,,,,,,,,,,,1,7,0,0.125,0.875,0.0,12.5,87.5,0.0,8.0,700.0,8.0,700.0,,,,,,,,,,,,,,0.0,8.0,0.0,0.0,1.0,0.0,0.0,100.0,0.0,,,,,,,,,,,,,,,,,
2,LOSS-TIE,Q3,WIN,0,1,VERY_LOW,AVAILABLE,0.0,0.0,0,1,0,0.0,1.0,0.0,0.0,100.0,0.0,,,,,,,,,,,,,,,,,,0,1,0,0.0,1.0,0.0,0.0,100.0,0.0,,,,,,,,,,,,,,,,,,0.0,1.0,0.0,0.0,1.0,0.0,0.0,100.0,0.0,,,,,,,,,,,,,,,,,
2,LOSS-TIE,Q3,LOSS,1,1,VERY_LOW,AVAILABLE,1.0,100.0,0,1,0,0.0,1.0,0.0,0.0,100.0,0.0,,,,,,,,,,,,,,,,,,0,1,0,0.0,1.0,0.0,0.0,100.0,0.0,,,,,,,,,,,,,,,,,,0.0,1.0,0.0,0.0,1.0,0.0,0.0,100.0,0.0,,,,,,,,,,,,,,,,,
2,LOSS-TIE,Q3,TIE,0,1,VERY_LOW,AVAILABLE,0.0,0.0,0,1,0,0.0,1.0,0.0,0.0,100.0,0.0,,,,,,,,,,,,,,,,,,0,1,0,0.0,1.0,0.0,0.0,100.0,0.0,,,,,,,,,,,,,,,,,,0.0,1.0,0.0,0.0,1.0,0.0,0.0,100.0,0.0,,,,,,,,,,,,,,,,,
2,TIE-WIN,Q3,WIN,1,4,VERY_LOW,AVAILABLE,0.25,25.0,1,0,3,0.25,0.0,0.75,25.0,0.0,75.0,4.0,300.0,1.0,,,,,,,,,,,,,,,4,0,0,1.0,0.0,0.0,100.0,0.0,0.0,1.0,,1.0,,,,,,,,,,,,,,,4.0,0.0,0.0,1.0,0.0,0.0,100.0,0.0,0.0,1.0,,1.0,,,,,,,,,,,,,,
2,TIE-WIN,Q3,LOSS,0,4,VERY_LOW,AVAILABLE,0.0,0.0,1,0,3,0.25,0.0,0.75,25.0,0.0,75.0,4.0,300.0,1.0,,,,,,,,,,,,,,,4,0,0,1.0,0.0,0.0,100.0,0.0,0.0,1.0,,1.0,,,,,,,,,,,,,,,4.0,0.0,0.0,1.0,0.0,0.0,100.0,0.0,0.0,1.0,,1.0,,,,,,,,,,,,,,
2,TIE-WIN,Q3,TIE,3,4,VERY_LOW,AVAILABLE,0.75,75.0,1,0,3,0.25,0.0,0.75,25.0,0.0,75.0,4.0,300.0,1.0,,,,,,,,,,,,,,,4,0,0,1.0,0.0,0.0,100.0,0.0,0.0,1.0,,1.0,,,,,,,,,,,,,,,4.0,0.0,0.0,1.0,0.0,0.0,100.0,0.0,0.0,1.0,,1.0,,,,,,,,,,,,,,
2,TIE-LOSS,Q3,WIN,0,3,VERY_LOW,AVAILABLE,0.0,0.0,0,1,2,0.0,0.3333,0.6667,0.0,33.3333,66.6667,,,,,,,,,,,,,,,,,,1,2,0,0.3333,0.6667,0.0,33.3333,66.6667,0.0,3.0,200.0,3.0,200.0,,,,,,,,,,,,,,0.0,3.0,0.0,0.0,1.0,0.0,0.0,100.0,0.0,,,,,,,,,,,,,,,,,
2,TIE-LOSS,Q3,LOSS,1,3,VERY_LOW,AVAILABLE,0.3333,33.3333,0,1,2,0.0,0.3333,0.6667,0.0,33.3333,66.6667,,,,,,,,,,,,,,,,,,1,2,0,0.3333,0.6667,0.0,33.3333,66.6667,0.0,3.0,200.0,3.0,200.0,,,,,,,,,,,,,,0.0,3.0,0.0,0.0,1.0,0.0,0.0,100.0,0.0,,,,,,,,,,,,,,,,,
2,TIE-LOSS,Q3,TIE,2,3,VERY_LOW,AVAILABLE,0.6667,66.6667,0,1,2,0.0,0.3333,0.6667,0.0,33.3333,66.6667,,,,,,,,,,,,,,,,,,1,2,0,0.3333,0.6667,0.0,33.3333,66.6667,0.0,3.0,200.0,3.0,200.0,,,,,,,,,,,,,,0.0,3.0,0.0,0.0,1.0,0.0,0.0,100.0,0.0,,,,,,,,,,,,,,,,,
2,TIE-TIE,Q3,WIN,0,1,VERY_LOW,AVAILABLE,0.0,0.0,0,1,0,0.0,1.0,0.0,0.0,100.0,0.0,,,,,,,,,,,,,,,,,,0,1,0,0.0,1.0,0.0,0.0,100.0,0.0,,,,,,,,,,,,,,,,,,0.0,1.0,0.0,0.0,1.0,0.0,0.0,100.0,0.0,,,,,,,,,,,,,,,,,
2,TIE-TIE,Q3,LOSS,1,1,VERY_LOW,AVAILABLE,1.0,100.0,0,1,0,0.0,1.0,0.0,0.0,100.0,0.0,,,,,,,,,,,,,,,,,,0,1,0,0.0,1.0,0.0,0.0,100.0,0.0,,,,,,,,,,,,,,,,,,0.0,1.0,0.0,0.0,1.0,0.0,0.0,100.0,0.0,,,,,,,,,,,,,,,,,
2,TIE-TIE,Q3,TIE,0,1,VERY_LOW,AVAILABLE,0.0,0.0,0,1,0,0.0,1.0,0.0,0.0,100.0,0.0,,,,,,,,,,,,,,,,,,0,1,0,0.0,1.0,0.0,0.0,100.0,0.0,,,,,,,,,,,,,,,,,,0.0,1.0,0.0,0.0,1.0,0.0,0.0,100.0,0.0,,,,,,,,,,,,,,,,,
3,WIN-WIN-WIN,Q4,WIN,1,4,VERY_LOW,AVAILABLE,0.25,25.0,1,2,1,0.25,0.5,0.25,25.0,50.0,25.0,4.0,300.0,3.0,200.0,,,,,,,,,,,,,,4,0,0,1.0,0.0,0.0,100.0,0.0,0.0,1.0,,1.0,,,,,,,,,,,,,,,,,,,,,,,,,,,,4.0,0.0,0.0,1.0,0.0,0.0,100.0,0.0,0.0,1.0,,1.0,
3,WIN-WIN-WIN,Q4,LOSS,2,4,VERY_LOW,AVAILABLE,0.5,50.0,1,2,1,0.25,0.5,0.25,25.0,50.0,25.0,4.0,300.0,3.0,200.0,,,,,,,,,,,,,,4,0,0,1.0,0.0,0.0,100.0,0.0,0.0,1.0,,1.0,,,,,,,,,,,,,,,,,,,,,,,,,,,,4.0,0.0,0.0,1.0,0.0,0.0,100.0,0.0,0.0,1.0,,1.0,
3,WIN-WIN-WIN,Q4,TIE,1,4,VERY_LOW,AVAILABLE,0.25,25.0,1,2,1,0.25,0.5,0.25,25.0,50.0,25.0,4.0,300.0,3.0,200.0,,,,,,,,,,,,,,4,0,0,1.0,0.0,0.0,100.0,0.0,0.0,1.0,,1.0,,,,,,,,,,,,,,,,,,,,,,,,,,,,4.0,0.0,0.0,1.0,0.0,0.0,100.0,0.0,0.0,1.0,,1.0,
3,WIN-WIN-LOSS,Q4,WIN,0,3,VERY_LOW,AVAILABLE,0.0,0.0,0,2,1,0.0,0.6667,0.3333,0.0,66.6667,33.3333,,,,,,,,,,,,,,,,,,2,1,0,0.6667,0.3333,0.0,66.6667,33.3333,0.0,1.5,-200.0,1.5,-200.0,,,,,,,,,,,,,,,,,,,,,,,,,,,1.0,1.0,1.0,0.3333,0.3333,0.3333,33.3333,33.3333,33.3333,3.0,200.0,2.0,100.0
3,WIN-WIN-LOSS,Q4,LOSS,2,3,VERY_LOW,AVAILABLE,0.6667,66.6667,0,2,1,0.0,0.6667,0.3333,0.0,66.6667,33.3333,,,,,,,,,,,,,,,,,,2,1,0,0.6667,0.3333,0.0,66.6667,33.3333,0.0,1.5,-200.0,1.5,-200.0,,,,,,,,,,,,,,,,,,,,,,,,,,,1.0,1.0,1.0,0.3333,0.3333,0.3333,33.3333,33.3333,33.3333,3.0,200.0,2.0,100.0
3,WIN-WIN-LOSS,Q4,TIE,1,3,VERY_LOW,AVAILABLE,0.3333,33.3333,0,2,1,0.0,0.6667,0.3333,0.0,66.6667,33.3333,,,,,,,,,,,,,,,,,,2,1,0,0.6667,0.3333,0.0,66.6667,33.3333,0.0,1.5,-200.0,1.5,-200.0,,,,,,,,,,,,,,,,,,,,,,,,,,,1.0,1.0,1.0,0.3333,0.3333,0.3333,33.3333,33.3333,33.3333,3.0,200.0,2.0,100.0
3,WIN-WIN-TIE,Q4,WIN,0,4,VERY_LOW,AVAILABLE,0.0,0.0,0,4,0,0.0,1.0,0.0,0.0,100.0,0.0,,,,,,,,,,,,,,,,,,2,2,0,0.5,0.5,0.0,50.0,50.0,0.0,2.0,100.0,2.0,100.0,,,,,,,,,,,,,,,,,,,,,,,,,,,1.0,2.0,1.0,0.25,0.5,0.25,25.0,50.0,25.0,4.0,300.0,3.0,200.0
3,WIN-WIN-TIE,Q4,LOSS,4,4,VERY_LOW,AVAILABLE,1.0,100.0,0,4,0,0.0,1.0,0.0,0.0,100.0,0.0,,,,,,,,,,,,,,,,,,2,2,0,0.5,0.5,0.0,50.0,50.0,0.0,2.0,100.0,2.0,100.0,,,,,,,,,,,,,,,,,,,,,,,,,,,1.0,2.0,1.0,0.25,0.5,0.25,25.0,50.0,25.0,4.0,300.0,3.0,200.0
3,WIN-WIN-TIE,Q4,TIE,0,4,VERY_LOW,AVAILABLE,0.0,0.0,0,4,0,0.0,1.0,0.0,0.0,100.0,0.0,,,,,,,,,,,,,,,,,,2,2,0,0.5,0.5,0.0,50.0,50.0,0.0,2.0,100.0,2.0,100.0,,,,,,,,,,,,,,,,,,,,,,,,,,,1.0,2.0,1.0,0.25,0.5,0.25,25.0,50.0,25.0,4.0,300.0,3.0,200.0
3,WIN-LOSS-WIN,Q4,WIN,1,2,VERY_LOW,AVAILABLE,0.5,50.0,1,0,1,0.5,0.0,0.5,50.0,0.0,50.0,2.0,100.0,1.0,,,,,,,,,,,,,,,2,0,0,1.0,0.0,0.0,100.0,0.0,0.0,1.0,,1.0,,,,,,,,,,,,,,,,,,,,,,,,,,,,2.0,0.0,0.0,1.0,0.0,0.0,100.0,0.0,0.0,1.0,,1.0,
3,WIN-LOSS-WIN,Q4,LOSS,0,2,VERY_LOW,AVAILABLE,0.0,0.0,1,0,1,0.5,0.0,0.5,50.0,0.0,50.0,2.0,100.0,1.0,,,,,,,,,,,,,,,2,0,0,1.0,0.0,0.0,100.0,0.0,0.0,1.0,,1.0,,,,,,,,,,,,,,,,,,,,,,,,,,,,2.0,0.0,0.0,1.0,0.0,0.0,100.0,0.0,0.0,1.0,,1.0,
3,WIN-LOSS-WIN,Q4,TIE,1,2,VERY_LOW,AVAILABLE,0.5,50.0,1,0,1,0.5,0.0,0.5,50.0,0.0,50.0,2.0,100.0,1.0,,,,,,,,,,,,,,,2,0,0,1.0,0.0,0.0,100.0,0.0,0.0,1.0,,1.0,,,,,,,,,,,,,,,,,,,,,,,,,,,,2.0,0.0,0.0,1.0,0.0,0.0,100.0,0.0,0.0,1.0,,1.0,
3,WIN-LOSS-LOSS,Q4,WIN,1,5,VERY_LOW,AVAILABLE,0.2,20.0,1,2,2,0.2,0.4,0.4,20.0,40.0,40.0,5.0,400.0,3.0,200.0,,,,,,,,,,,,,,1,4,0,0.2,0.8,0.0,20.0,80.0,0.0,5.0,400.0,5.0,400.0,,,,,,,,,,,,,,,,,,,,,,,,,,,1.0,4.0,0.0,0.2,0.8,0.0,20.0,80.0,0.0,5.0,400.0,5.0,400.0
3,WIN-LOSS-LOSS,Q4,LOSS,2,5,VERY_LOW,AVAILABLE,0.4,40.0,1,2,2,0.2,0.4,0.4,20.0,40.0,40.0,5.0,400.0,3.0,200.0,,,,,,,,,,,,,,1,4,0,0.2,0.8,0.0,20.0,80.0,0.0,5.0,400.0,5.0,400.0,,,,,,,,,,,,,,,,,,,,,,,,,,,1.0,4.0,0.0,0.2,0.8,0.0,20.0,80.0,0.0,5.0,400.0,5.0,400.0
3,WIN-LOSS-LOSS,Q4,TIE,2,5,VERY_LOW,AVAILABLE,0.4,40.0,1,2,2,0.2,0.4,0.4,20.0,40.0,40.0,5.0,400.0,3.0,200.0,,,,,,,,,,,,,,1,4,0,0.2,0.8,0.0,20.0,80.0,0.0,5.0,400.0,5.0,400.0,,,,,,,,,,,,,,,,,,,,,,,,,,,1.0,4.0,0.0,0.2,0.8,0.0,20.0,80.0,0.0,5.0,400.0,5.0,400.0
3,WIN-LOSS-TIE,Q4,WIN,0,0,NO_DATA,NOT_OBSERVED,,,0,0,0,,,,,,,,,,,,,,,,,,,,,,,,0,0,0,,,,,,,,,,,,,,,,,,,,,,,,,,,,,,,,,,,,,0.0,0.0,0.0,,,,,,,,,,
3,WIN-LOSS-TIE,Q4,LOSS,0,0,NO_DATA,NOT_OBSERVED,,,0,0,0,,,,,,,,,,,,,,,,,,,,,,,,0,0,0,,,,,,,,,,,,,,,,,,,,,,,,,,,,,,,,,,,,,0.0,0.0,0.0,,,,,,,,,,
3,WIN-LOSS-TIE,Q4,TIE,0,0,NO_DATA,NOT_OBSERVED,,,0,0,0,,,,,,,,,,,,,,,,,,,,,,,,0,0,0,,,,,,,,,,,,,,,,,,,,,,,,,,,,,,,,,,,,,0.0,0.0,0.0,,,,,,,,,,
3,WIN-TIE-WIN,Q4,WIN,0,0,NO_DATA,NOT_OBSERVED,,,0,0,0,,,,,,,,,,,,,,,,,,,,,,,,0,0,0,,,,,,,,,,,,,,,,,,,,,,,,,,,,,,,,,,,,,0.0,0.0,0.0,,,,,,,,,,
3,WIN-TIE-WIN,Q4,LOSS,0,0,NO_DATA,NOT_OBSERVED,,,0,0,0,,,,,,,,,,,,,,,,,,,,,,,,0,0,0,,,,,,,,,,,,,,,,,,,,,,,,,,,,,,,,,,,,,0.0,0.0,0.0,,,,,,,,,,
3,WIN-TIE-WIN,Q4,TIE,0,0,NO_DATA,NOT_OBSERVED,,,0,0,0,,,,,,,,,,,,,,,,,,,,,,,,0,0,0,,,,,,,,,,,,,,,,,,,,,,,,,,,,,,,,,,,,,0.0,0.0,0.0,,,,,,,,,,
3,WIN-TIE-LOSS,Q4,WIN,0,0,NO_DATA,NOT_OBSERVED,,,0,0,0,,,,,,,,,,,,,,,,,,,,,,,,0,0,0,,,,,,,,,,,,,,,,,,,,,,,,,,,,,,,,,,,,,0.0,0.0,0.0,,,,,,,,,,
3,WIN-TIE-LOSS,Q4,LOSS,0,0,NO_DATA,NOT_OBSERVED,,,0,0,0,,,,,,,,,,,,,,,,,,,,,,,,0,0,0,,,,,,,,,,,,,,,,,,,,,,,,,,,,,,,,,,,,,0.0,0.0,0.0,,,,,,,,,,
3,WIN-TIE-LOSS,Q4,TIE,0,0,NO_DATA,NOT_OBSERVED,,,0,0,0,,,,,,,,,,,,,,,,,,,,,,,,0,0,0,,,,,,,,,,,,,,,,,,,,,,,,,,,,,,,,,,,,,0.0,0.0,0.0,,,,,,,,,,
3,WIN-TIE-TIE,Q4,WIN,0,2,VERY_LOW,AVAILABLE,0.0,0.0,0,0,2,0.0,0.0,1.0,0.0,0.0,100.0,,,,,,,,,,,,,,,,,,2,0,0,1.0,0.0,0.0,100.0,0.0,0.0,1.0,,1.0,,,,,,,,,,,,,,,,,,,,,,,,,,,,2.0,0.0,0.0,1.0,0.0,0.0,100.0,0.0,0.0,1.0,,1.0,
3,WIN-TIE-TIE,Q4,LOSS,0,2,VERY_LOW,AVAILABLE,0.0,0.0,0,0,2,0.0,0.0,1.0,0.0,0.0,100.0,,,,,,,,,,,,,,,,,,2,0,0,1.0,0.0,0.0,100.0,0.0,0.0,1.0,,1.0,,,,,,,,,,,,,,,,,,,,,,,,,,,,2.0,0.0,0.0,1.0,0.0,0.0,100.0,0.0,0.0,1.0,,1.0,
3,WIN-TIE-TIE,Q4,TIE,2,2,VERY_LOW,AVAILABLE,1.0,100.0,0,0,2,0.0,0.0,1.0,0.0,0.0,100.0,,,,,,,,,,,,,,,,,,2,0,0,1.0,0.0,0.0,100.0,0.0,0.0,1.0,,1.0,,,,,,,,,,,,,,,,,,,,,,,,,,,,2.0,0.0,0.0,1.0,0.0,0.0,100.0,0.0,0.0,1.0,,1.0,
3,LOSS-WIN-WIN,Q4,WIN,3,6,VERY_LOW,AVAILABLE,0.5,50.0,3,3,0,0.5,0.5,0.0,50.0,50.0,0.0,2.0,100.0,2.0,100.0,,,,,,,,,,,,,,4,2,0,0.6667,0.3333,0.0,66.6667,33.3333,0.0,1.5,-200.0,1.5,-200.0,,,,,,,,,,,,,,,,,,,,,,,,,,,4.0,2.0,0.0,0.6667,0.3333,0.0,66.6667,33.3333,0.0,1.5,-200.0,1.5,-200.0
3,LOSS-WIN-WIN,Q4,LOSS,3,6,VERY_LOW,AVAILABLE,0.5,50.0,3,3,0,0.5,0.5,0.0,50.0,50.0,0.0,2.0,100.0,2.0,100.0,,,,,,,,,,,,,,4,2,0,0.6667,0.3333,0.0,66.6667,33.3333,0.0,1.5,-200.0,1.5,-200.0,,,,,,,,,,,,,,,,,,,,,,,,,,,4.0,2.0,0.0,0.6667,0.3333,0.0,66.6667,33.3333,0.0,1.5,-200.0,1.5,-200.0
3,LOSS-WIN-WIN,Q4,TIE,0,6,VERY_LOW,AVAILABLE,0.0,0.0,3,3,0,0.5,0.5,0.0,50.0,50.0,0.0,2.0,100.0,2.0,100.0,,,,,,,,,,,,,,4,2,0,0.6667,0.3333,0.0,66.6667,33.3333,0.0,1.5,-200.0,1.5,-200.0,,,,,,,,,,,,,,,,,,,,,,,,,,,4.0,2.0,0.0,0.6667,0.3333,0.0,66.6667,33.3333,0.0,1.5,-200.0,1.5,-200.0
3,LOSS-WIN-LOSS,Q4,WIN,1,2,VERY_LOW,AVAILABLE,0.5,50.0,1,0,1,0.5,0.0,0.5,50.0,0.0,50.0,2.0,100.0,1.0,,,,,,,,,,,,,,,1,1,0,0.5,0.5,0.0,50.0,50.0,0.0,2.0,100.0,2.0,100.0,,,,,,,,,,,,,,,,,,,,,,,,,,,1.0,1.0,0.0,0.5,0.5,0.0,50.0,50.0,0.0,2.0,100.0,2.0,100.0
3,LOSS-WIN-LOSS,Q4,LOSS,0,2,VERY_LOW,AVAILABLE,0.0,0.0,1,0,1,0.5,0.0,0.5,50.0,0.0,50.0,2.0,100.0,1.0,,,,,,,,,,,,,,,1,1,0,0.5,0.5,0.0,50.0,50.0,0.0,2.0,100.0,2.0,100.0,,,,,,,,,,,,,,,,,,,,,,,,,,,1.0,1.0,0.0,0.5,0.5,0.0,50.0,50.0,0.0,2.0,100.0,2.0,100.0
3,LOSS-WIN-LOSS,Q4,TIE,1,2,VERY_LOW,AVAILABLE,0.5,50.0,1,0,1,0.5,0.0,0.5,50.0,0.0,50.0,2.0,100.0,1.0,,,,,,,,,,,,,,,1,1,0,0.5,0.5,0.0,50.0,50.0,0.0,2.0,100.0,2.0,100.0,,,,,,,,,,,,,,,,,,,,,,,,,,,1.0,1.0,0.0,0.5,0.5,0.0,50.0,50.0,0.0,2.0,100.0,2.0,100.0
3,LOSS-WIN-TIE,Q4,WIN,1,2,VERY_LOW,AVAILABLE,0.5,50.0,1,1,0,0.5,0.5,0.0,50.0,50.0,0.0,2.0,100.0,2.0,100.0,,,,,,,,,,,,,,1,1,0,0.5,0.5,0.0,50.0,50.0,0.0,2.0,100.0,2.0,100.0,,,,,,,,,,,,,,,,,,,,,,,,,,,1.0,1.0,0.0,0.5,0.5,0.0,50.0,50.0,0.0,2.0,100.0,2.0,100.0
3,LOSS-WIN-TIE,Q4,LOSS,1,2,VERY_LOW,AVAILABLE,0.5,50.0,1,1,0,0.5,0.5,0.0,50.0,50.0,0.0,2.0,100.0,2.0,100.0,,,,,,,,,,,,,,1,1,0,0.5,0.5,0.0,50.0,50.0,0.0,2.0,100.0,2.0,100.0,,,,,,,,,,,,,,,,,,,,,,,,,,,1.0,1.0,0.0,0.5,0.5,0.0,50.0,50.0,0.0,2.0,100.0,2.0,100.0
3,LOSS-WIN-TIE,Q4,TIE,0,2,VERY_LOW,AVAILABLE,0.0,0.0,1,1,0,0.5,0.5,0.0,50.0,50.0,0.0,2.0,100.0,2.0,100.0,,,,,,,,,,,,,,1,1,0,0.5,0.5,0.0,50.0,50.0,0.0,2.0,100.0,2.0,100.0,,,,,,,,,,,,,,,,,,,,,,,,,,,1.0,1.0,0.0,0.5,0.5,0.0,50.0,50.0,0.0,2.0,100.0,2.0,100.0
3,LOSS-LOSS-WIN,Q4,WIN,3,4,VERY_LOW,AVAILABLE,0.75,75.0,3,1,0,0.75,0.25,0.0,75.0,25.0,0.0,1.3333,-300.0,1.3333,-300.0,,,,,,,,,,,,,,1,3,0,0.25,0.75,0.0,25.0,75.0,0.0,4.0,300.0,4.0,300.0,,,,,,,,,,,,,,,,,,,,,,,,,,,1.0,3.0,0.0,0.25,0.75,0.0,25.0,75.0,0.0,4.0,300.0,4.0,300.0
3,LOSS-LOSS-WIN,Q4,LOSS,1,4,VERY_LOW,AVAILABLE,0.25,25.0,3,1,0,0.75,0.25,0.0,75.0,25.0,0.0,1.3333,-300.0,1.3333,-300.0,,,,,,,,,,,,,,1,3,0,0.25,0.75,0.0,25.0,75.0,0.0,4.0,300.0,4.0,300.0,,,,,,,,,,,,,,,,,,,,,,,,,,,1.0,3.0,0.0,0.25,0.75,0.0,25.0,75.0,0.0,4.0,300.0,4.0,300.0
3,LOSS-LOSS-WIN,Q4,TIE,0,4,VERY_LOW,AVAILABLE,0.0,0.0,3,1,0,0.75,0.25,0.0,75.0,25.0,0.0,1.3333,-300.0,1.3333,-300.0,,,,,,,,,,,,,,1,3,0,0.25,0.75,0.0,25.0,75.0,0.0,4.0,300.0,4.0,300.0,,,,,,,,,,,,,,,,,,,,,,,,,,,1.0,3.0,0.0,0.25,0.75,0.0,25.0,75.0,0.0,4.0,300.0,4.0,300.0
3,LOSS-LOSS-LOSS,Q4,WIN,2,3,VERY_LOW,AVAILABLE,0.6667,66.6667,2,1,0,0.6667,0.3333,0.0,66.6667,33.3333,0.0,1.5,-200.0,1.5,-200.0,,,,,,,,,,,,,,0,3,0,0.0,1.0,0.0,0.0,100.0,0.0,,,,,,,,,,,,,,,,,,,,,,,,,,,,,,,0.0,3.0,0.0,0.0,1.0,0.0,0.0,100.0,0.0,,,,
3,LOSS-LOSS-LOSS,Q4,LOSS,1,3,VERY_LOW,AVAILABLE,0.3333,33.3333,2,1,0,0.6667,0.3333,0.0,66.6667,33.3333,0.0,1.5,-200.0,1.5,-200.0,,,,,,,,,,,,,,0,3,0,0.0,1.0,0.0,0.0,100.0,0.0,,,,,,,,,,,,,,,,,,,,,,,,,,,,,,,0.0,3.0,0.0,0.0,1.0,0.0,0.0,100.0,0.0,,,,
3,LOSS-LOSS-LOSS,Q4,TIE,0,3,VERY_LOW,AVAILABLE,0.0,0.0,2,1,0,0.6667,0.3333,0.0,66.6667,33.3333,0.0,1.5,-200.0,1.5,-200.0,,,,,,,,,,,,,,0,3,0,0.0,1.0,0.0,0.0,100.0,0.0,,,,,,,,,,,,,,,,,,,,,,,,,,,,,,,0.0,3.0,0.0,0.0,1.0,0.0,0.0,100.0,0.0,,,,
3,LOSS-LOSS-TIE,Q4,WIN,1,1,VERY_LOW,AVAILABLE,1.0,100.0,1,0,0,1.0,0.0,0.0,100.0,0.0,0.0,1.0,,1.0,,,,,,,,,,,,,,,0,1,0,0.0,1.0,0.0,0.0,100.0,0.0,,,,,,,,,,,,,,,,,,,,,,,,,,,,,,,0.0,1.0,0.0,0.0,1.0,0.0,0.0,100.0,0.0,,,,
3,LOSS-LOSS-TIE,Q4,LOSS,0,1,VERY_LOW,AVAILABLE,0.0,0.0,1,0,0,1.0,0.0,0.0,100.0,0.0,0.0,1.0,,1.0,,,,,,,,,,,,,,,0,1,0,0.0,1.0,0.0,0.0,100.0,0.0,,,,,,,,,,,,,,,,,,,,,,,,,,,,,,,0.0,1.0,0.0,0.0,1.0,0.0,0.0,100.0,0.0,,,,
3,LOSS-LOSS-TIE,Q4,TIE,0,1,VERY_LOW,AVAILABLE,0.0,0.0,1,0,0,1.0,0.0,0.0,100.0,0.0,0.0,1.0,,1.0,,,,,,,,,,,,,,,0,1,0,0.0,1.0,0.0,0.0,100.0,0.0,,,,,,,,,,,,,,,,,,,,,,,,,,,,,,,0.0,1.0,0.0,0.0,1.0,0.0,0.0,100.0,0.0,,,,
3,LOSS-TIE-WIN,Q4,WIN,0,0,NO_DATA,NOT_OBSERVED,,,0,0,0,,,,,,,,,,,,,,,,,,,,,,,,0,0,0,,,,,,,,,,,,,,,,,,,,,,,,,,,,,,,,,,,,,0.0,0.0,0.0,,,,,,,,,,
3,LOSS-TIE-WIN,Q4,LOSS,0,0,NO_DATA,NOT_OBSERVED,,,0,0,0,,,,,,,,,,,,,,,,,,,,,,,,0,0,0,,,,,,,,,,,,,,,,,,,,,,,,,,,,,,,,,,,,,0.0,0.0,0.0,,,,,,,,,,
3,LOSS-TIE-WIN,Q4,TIE,0,0,NO_DATA,NOT_OBSERVED,,,0,0,0,,,,,,,,,,,,,,,,,,,,,,,,0,0,0,,,,,,,,,,,,,,,,,,,,,,,,,,,,,,,,,,,,,0.0,0.0,0.0,,,,,,,,,,
3,LOSS-TIE-LOSS,Q4,WIN,1,1,VERY_LOW,AVAILABLE,1.0,100.0,1,0,0,1.0,0.0,0.0,100.0,0.0,0.0,1.0,,1.0,,,,,,,,,,,,,,,0,1,0,0.0,1.0,0.0,0.0,100.0,0.0,,,,,,,,,,,,,,,,,,,,,,,,,,,,,,,0.0,1.0,0.0,0.0,1.0,0.0,0.0,100.0,0.0,,,,
3,LOSS-TIE-LOSS,Q4,LOSS,0,1,VERY_LOW,AVAILABLE,0.0,0.0,1,0,0,1.0,0.0,0.0,100.0,0.0,0.0,1.0,,1.0,,,,,,,,,,,,,,,0,1,0,0.0,1.0,0.0,0.0,100.0,0.0,,,,,,,,,,,,,,,,,,,,,,,,,,,,,,,0.0,1.0,0.0,0.0,1.0,0.0,0.0,100.0,0.0,,,,
3,LOSS-TIE-LOSS,Q4,TIE,0,1,VERY_LOW,AVAILABLE,0.0,0.0,1,0,0,1.0,0.0,0.0,100.0,0.0,0.0,1.0,,1.0,,,,,,,,,,,,,,,0,1,0,0.0,1.0,0.0,0.0,100.0,0.0,,,,,,,,,,,,,,,,,,,,,,,,,,,,,,,0.0,1.0,0.0,0.0,1.0,0.0,0.0,100.0,0.0,,,,
3,LOSS-TIE-TIE,Q4,WIN,0,0,NO_DATA,NOT_OBSERVED,,,0,0,0,,,,,,,,,,,,,,,,,,,,,,,,0,0,0,,,,,,,,,,,,,,,,,,,,,,,,,,,,,,,,,,,,,0.0,0.0,0.0,,,,,,,,,,
3,LOSS-TIE-TIE,Q4,LOSS,0,0,NO_DATA,NOT_OBSERVED,,,0,0,0,,,,,,,,,,,,,,,,,,,,,,,,0,0,0,,,,,,,,,,,,,,,,,,,,,,,,,,,,,,,,,,,,,0.0,0.0,0.0,,,,,,,,,,
3,LOSS-TIE-TIE,Q4,TIE,0,0,NO_DATA,NOT_OBSERVED,,,0,0,0,,,,,,,,,,,,,,,,,,,,,,,,0,0,0,,,,,,,,,,,,,,,,,,,,,,,,,,,,,,,,,,,,,0.0,0.0,0.0,,,,,,,,,,
3,TIE-WIN-WIN,Q4,WIN,1,1,VERY_LOW,AVAILABLE,1.0,100.0,1,0,0,1.0,0.0,0.0,100.0,0.0,0.0,1.0,,1.0,,,,,,,,,,,,,,,1,0,0,1.0,0.0,0.0,100.0,0.0,0.0,1.0,,1.0,,,,,,,,,,,,,,,,,,,,,,,,,,,,1.0,0.0,0.0,1.0,0.0,0.0,100.0,0.0,0.0,1.0,,1.0,
3,TIE-WIN-WIN,Q4,LOSS,0,1,VERY_LOW,AVAILABLE,0.0,0.0,1,0,0,1.0,0.0,0.0,100.0,0.0,0.0,1.0,,1.0,,,,,,,,,,,,,,,1,0,0,1.0,0.0,0.0,100.0,0.0,0.0,1.0,,1.0,,,,,,,,,,,,,,,,,,,,,,,,,,,,1.0,0.0,0.0,1.0,0.0,0.0,100.0,0.0,0.0,1.0,,1.0,
3,TIE-WIN-WIN,Q4,TIE,0,1,VERY_LOW,AVAILABLE,0.0,0.0,1,0,0,1.0,0.0,0.0,100.0,0.0,0.0,1.0,,1.0,,,,,,,,,,,,,,,1,0,0,1.0,0.0,0.0,100.0,0.0,0.0,1.0,,1.0,,,,,,,,,,,,,,,,,,,,,,,,,,,,1.0,0.0,0.0,1.0,0.0,0.0,100.0,0.0,0.0,1.0,,1.0,
3,TIE-WIN-LOSS,Q4,WIN,0,0,NO_DATA,NOT_OBSERVED,,,0,0,0,,,,,,,,,,,,,,,,,,,,,,,,0,0,0,,,,,,,,,,,,,,,,,,,,,,,,,,,,,,,,,,,,,0.0,0.0,0.0,,,,,,,,,,
3,TIE-WIN-LOSS,Q4,LOSS,0,0,NO_DATA,NOT_OBSERVED,,,0,0,0,,,,,,,,,,,,,,,,,,,,,,,,0,0,0,,,,,,,,,,,,,,,,,,,,,,,,,,,,,,,,,,,,,0.0,0.0,0.0,,,,,,,,,,
3,TIE-WIN-LOSS,Q4,TIE,0,0,NO_DATA,NOT_OBSERVED,,,0,0,0,,,,,,,,,,,,,,,,,,,,,,,,0,0,0,,,,,,,,,,,,,,,,,,,,,,,,,,,,,,,,,,,,,0.0,0.0,0.0,,,,,,,,,,
3,TIE-WIN-TIE,Q4,WIN,0,3,VERY_LOW,AVAILABLE,0.0,0.0,0,1,2,0.0,0.3333,0.6667,0.0,33.3333,66.6667,,,,,,,,,,,,,,,,,,3,0,0,1.0,0.0,0.0,100.0,0.0,0.0,1.0,,1.0,,,,,,,,,,,,,,,,,,,,,,,,,,,,3.0,0.0,0.0,1.0,0.0,0.0,100.0,0.0,0.0,1.0,,1.0,
3,TIE-WIN-TIE,Q4,LOSS,1,3,VERY_LOW,AVAILABLE,0.3333,33.3333,0,1,2,0.0,0.3333,0.6667,0.0,33.3333,66.6667,,,,,,,,,,,,,,,,,,3,0,0,1.0,0.0,0.0,100.0,0.0,0.0,1.0,,1.0,,,,,,,,,,,,,,,,,,,,,,,,,,,,3.0,0.0,0.0,1.0,0.0,0.0,100.0,0.0,0.0,1.0,,1.0,
3,TIE-WIN-TIE,Q4,TIE,2,3,VERY_LOW,AVAILABLE,0.6667,66.6667,0,1,2,0.0,0.3333,0.6667,0.0,33.3333,66.6667,,,,,,,,,,,,,,,,,,3,0,0,1.0,0.0,0.0,100.0,0.0,0.0,1.0,,1.0,,,,,,,,,,,,,,,,,,,,,,,,,,,,3.0,0.0,0.0,1.0,0.0,0.0,100.0,0.0,0.0,1.0,,1.0,
3,TIE-LOSS-WIN,Q4,WIN,0,0,NO_DATA,NOT_OBSERVED,,,0,0,0,,,,,,,,,,,,,,,,,,,,,,,,0,0,0,,,,,,,,,,,,,,,,,,,,,,,,,,,,,,,,,,,,,0.0,0.0,0.0,,,,,,,,,,
3,TIE-LOSS-WIN,Q4,LOSS,0,0,NO_DATA,NOT_OBSERVED,,,0,0,0,,,,,,,,,,,,,,,,,,,,,,,,0,0,0,,,,,,,,,,,,,,,,,,,,,,,,,,,,,,,,,,,,,0.0,0.0,0.0,,,,,,,,,,
3,TIE-LOSS-WIN,Q4,TIE,0,0,NO_DATA,NOT_OBSERVED,,,0,0,0,,,,,,,,,,,,,,,,,,,,,,,,0,0,0,,,,,,,,,,,,,,,,,,,,,,,,,,,,,,,,,,,,,0.0,0.0,0.0,,,,,,,,,,
3,TIE-LOSS-LOSS,Q4,WIN,1,1,VERY_LOW,AVAILABLE,1.0,100.0,1,0,0,1.0,0.0,0.0,100.0,0.0,0.0,1.0,,1.0,,,,,,,,,,,,,,,0,1,0,0.0,1.0,0.0,0.0,100.0,0.0,,,,,,,,,,,,,,,,,,,,,,,,,,,,,,,0.0,1.0,0.0,0.0,1.0,0.0,0.0,100.0,0.0,,,,
3,TIE-LOSS-LOSS,Q4,LOSS,0,1,VERY_LOW,AVAILABLE,0.0,0.0,1,0,0,1.0,0.0,0.0,100.0,0.0,0.0,1.0,,1.0,,,,,,,,,,,,,,,0,1,0,0.0,1.0,0.0,0.0,100.0,0.0,,,,,,,,,,,,,,,,,,,,,,,,,,,,,,,0.0,1.0,0.0,0.0,1.0,0.0,0.0,100.0,0.0,,,,
3,TIE-LOSS-LOSS,Q4,TIE,0,1,VERY_LOW,AVAILABLE,0.0,0.0,1,0,0,1.0,0.0,0.0,100.0,0.0,0.0,1.0,,1.0,,,,,,,,,,,,,,,0,1,0,0.0,1.0,0.0,0.0,100.0,0.0,,,,,,,,,,,,,,,,,,,,,,,,,,,,,,,0.0,1.0,0.0,0.0,1.0,0.0,0.0,100.0,0.0,,,,
3,TIE-LOSS-TIE,Q4,WIN,1,2,VERY_LOW,AVAILABLE,0.5,50.0,1,1,0,0.5,0.5,0.0,50.0,50.0,0.0,2.0,100.0,2.0,100.0,,,,,,,,,,,,,,1,1,0,0.5,0.5,0.0,50.0,50.0,0.0,2.0,100.0,2.0,100.0,,,,,,,,,,,,,,,,,,,,,,,,,,,1.0,1.0,0.0,0.5,0.5,0.0,50.0,50.0,0.0,2.0,100.0,2.0,100.0
3,TIE-LOSS-TIE,Q4,LOSS,1,2,VERY_LOW,AVAILABLE,0.5,50.0,1,1,0,0.5,0.5,0.0,50.0,50.0,0.0,2.0,100.0,2.0,100.0,,,,,,,,,,,,,,1,1,0,0.5,0.5,0.0,50.0,50.0,0.0,2.0,100.0,2.0,100.0,,,,,,,,,,,,,,,,,,,,,,,,,,,1.0,1.0,0.0,0.5,0.5,0.0,50.0,50.0,0.0,2.0,100.0,2.0,100.0
3,TIE-LOSS-TIE,Q4,TIE,0,2,VERY_LOW,AVAILABLE,0.0,0.0,1,1,0,0.5,0.5,0.0,50.0,50.0,0.0,2.0,100.0,2.0,100.0,,,,,,,,,,,,,,1,1,0,0.5,0.5,0.0,50.0,50.0,0.0,2.0,100.0,2.0,100.0,,,,,,,,,,,,,,,,,,,,,,,,,,,1.0,1.0,0.0,0.5,0.5,0.0,50.0,50.0,0.0,2.0,100.0,2.0,100.0
3,TIE-TIE-WIN,Q4,WIN,0,0,NO_DATA,NOT_OBSERVED,,,0,0,0,,,,,,,,,,,,,,,,,,,,,,,,0,0,0,,,,,,,,,,,,,,,,,,,,,,,,,,,,,,,,,,,,,0.0,0.0,0.0,,,,,,,,,,
3,TIE-TIE-WIN,Q4,LOSS,0,0,NO_DATA,NOT_OBSERVED,,,0,0,0,,,,,,,,,,,,,,,,,,,,,,,,0,0,0,,,,,,,,,,,,,,,,,,,,,,,,,,,,,,,,,,,,,0.0,0.0,0.0,,,,,,,,,,
3,TIE-TIE-WIN,Q4,TIE,0,0,NO_DATA,NOT_OBSERVED,,,0,0,0,,,,,,,,,,,,,,,,,,,,,,,,0,0,0,,,,,,,,,,,,,,,,,,,,,,,,,,,,,,,,,,,,,0.0,0.0,0.0,,,,,,,,,,
3,TIE-TIE-LOSS,Q4,WIN,1,1,VERY_LOW,AVAILABLE,1.0,100.0,1,0,0,1.0,0.0,0.0,100.0,0.0,0.0,1.0,,1.0,,,,,,,,,,,,,,,0,1,0,0.0,1.0,0.0,0.0,100.0,0.0,,,,,,,,,,,,,,,,,,,,,,,,,,,,,,,0.0,0.0,1.0,0.0,0.0,1.0,0.0,0.0,100.0,,,,
3,TIE-TIE-LOSS,Q4,LOSS,0,1,VERY_LOW,AVAILABLE,0.0,0.0,1,0,0,1.0,0.0,0.0,100.0,0.0,0.0,1.0,,1.0,,,,,,,,,,,,,,,0,1,0,0.0,1.0,0.0,0.0,100.0,0.0,,,,,,,,,,,,,,,,,,,,,,,,,,,,,,,0.0,0.0,1.0,0.0,0.0,1.0,0.0,0.0,100.0,,,,
3,TIE-TIE-LOSS,Q4,TIE,0,1,VERY_LOW,AVAILABLE,0.0,0.0,1,0,0,1.0,0.0,0.0,100.0,0.0,0.0,1.0,,1.0,,,,,,,,,,,,,,,0,1,0,0.0,1.0,0.0,0.0,100.0,0.0,,,,,,,,,,,,,,,,,,,,,,,,,,,,,,,0.0,0.0,1.0,0.0,0.0,1.0,0.0,0.0,100.0,,,,
3,TIE-TIE-TIE,Q4,WIN,0,0,NO_DATA,NOT_OBSERVED,,,0,0,0,,,,,,,,,,,,,,,,,,,,,,,,0,0,0,,,,,,,,,,,,,,,,,,,,,,,,,,,,,,,,,,,,,0.0,0.0,0.0,,,,,,,,,,
3,TIE-TIE-TIE,Q4,LOSS,0,0,NO_DATA,NOT_OBSERVED,,,0,0,0,,,,,,,,,,,,,,,,,,,,,,,,0,0,0,,,,,,,,,,,,,,,,,,,,,,,,,,,,,,,,,,,,,0.0,0.0,0.0,,,,,,,,,,
3,TIE-TIE-TIE,Q4,TIE,0,0,NO_DATA,NOT_OBSERVED,,,0,0,0,,,,,,,,,,,,,,,,,,,,,,,,0,0,0,,,,,,,,,,,,,,,,,,,,,,,,,,,,,,,,,,,,,0.0,0.0,0.0,,,,,,,,,,
